pc 1,pc 2,pc 3
0.850967862061349,-0.1081005695688611,-0.256970530832491
0.8335045439626922,-0.08485039994775781,-0.15742385097648043
0.8298190438822506,-0.08003163321284287,-0.15034317435340241
0.7885375597803868,-0.10948420566680087,0.3061390364411522
0.850967862061349,-0.1081005695688611,-0.256970530832491
0.8438975683170302,-0.11103764792052717,-0.25048607372527076
0.7971132500261948,-0.09713644345325695,-0.15712411218505645
0.7810062778106699,0.17313047873820575,-0.06941766896352597
0.8101258525824446,0.04189900152168316,0.007286792975038092
0.7874209432080888,-0.06008038753359721,-0.05355419203219769
0.7814129413968183,-0.09831537697727896,-0.19065361710119794
0.7874209432080888,-0.06008038753359721,-0.05355419203219769
0.776029997348656,0.06815915325707092,-0.3814352202030432
0.8761619960249394,-0.1567609514736024,-0.018864227220761476
0.8167837871951631,-0.27028388283862476,0.012229207841119527
0.8177619934371982,-0.2705392463211203,0.013462771816381058
0.7384707212235473,0.06468131078090578,0.24871746992205207
0.8581502080818242,-0.16995998159824863,0.040203236139485454
0.8352227367045539,-0.20354422142986475,-0.27813512368314275
0.8009452882034076,-0.135871346672613,0.2265791697261778
0.7635165824005856,-0.06650276871070199,0.10191537680762913
0.8054723604407836,-0.12143829430955339,-0.11943503849700637
0.8053227548936348,-0.10115740489093844,-0.015108123348193558
0.7873598800059576,-0.1341333023712844,-0.04699334358625523
0.7863559442489689,0.002093904838471272,-0.08071140022490186
0.7726682032827799,-0.044785465541934716,-0.182522352593822
0.7953467998861143,-0.060886153940018284,-0.08305975745098604
0.8053227548936348,-0.10115740489093844,-0.015108123348193558
0.8392349362526998,-0.08970529958819451,-0.26390333030422264
0.8243325049710737,0.030787802589479968,-0.10623863293777608
0.7822347552440383,-0.007669159570931561,-0.22430268287090405
0.8154180815345597,0.10381273883781367,-0.16299983604628143
0.7843006880320551,-0.11031454152566125,-0.06945755181634261
0.8129676890064199,-0.13334044107478624,-0.10194813473860165
0.7479203784976347,-0.06829779995609295,-0.20558916771040167
0.8485430937892464,-0.06462066685044088,-0.08719588034818437
0.8276552197354552,0.09094808732290013,-0.053178491857357846
0.7782458383306645,0.03455249589563361,0.1685901669426138
0.8555215681163288,0.012619133411576777,-0.5084747848701351
0.7873415143493669,-0.0527089625859489,-0.04326210417022269
0.7873415143493669,-0.0527089625859489,-0.04326210417022269
0.8319976284396198,-0.21843395114977612,-0.12917662072267105
0.8342073064377467,0.04580871554352342,0.057889152826780976
0.8553121129584909,-0.008079524662466614,-0.06183237300953959
0.8266505816921268,-0.027539957925225178,-0.28343136734682245
0.752199989376896,0.39036576113905436,-0.5489570254563033
0.821274785703503,-0.18473511820557728,-0.09677324094537326
0.7846111590197495,-0.12118753978203134,0.06029866106544707
0.7804460424244215,-0.06098957228449667,-0.16258659892571425
0.7184760890992061,-0.0913343519349901,-0.14441272168267646
0.8374763632762712,-0.14902996481853956,-0.009228191934793295
0.7940270250052346,0.03079256100629696,-0.14381773119386115
0.790949540941533,0.034006901011825186,-0.1376593952154102
0.753435197419734,-0.17320443933968763,0.02241316735298904
0.7580238907089396,0.04710813349089532,0.014973112148674805
0.8268509328620202,-0.12377805298981509,-0.1608713956814117
0.8093254622487538,-0.13273813959993214,0.18974706058132546
0.8107853466372732,-0.19474964285968574,-0.10200226241494187
0.8200123815667562,-0.06466120801055386,-0.1494454080352566
0.7707431415203383,-0.01926745631500315,-0.03804746167696299
0.8190235006148863,-0.17302516172473767,-0.037140584528999654
0.788424154319133,-0.17212425463422895,-0.031140955129848658
0.795429446929631,0.032017415084294815,0.03247272323735095
0.8183003278081531,-0.047646583801284975,-0.2331165679496476
0.8212109718231266,0.09627048973605454,-0.2327012964049067
0.8212109718231266,0.09627048973605454,-0.2327012964049067
0.8113143245638159,-0.06874278756429952,-0.17642177273572582
0.8225328612695928,0.08267916343896042,-0.2501324590603634
0.7821306749931596,-0.016675172214135767,0.1045559568596206
0.8389806212562922,0.10002199125804453,-0.05490867778240516
0.8127121753678801,-0.02167704261013248,-0.07069500732463146
0.784194578681479,-0.10330828724740698,-0.14628367089163305
0.785204135288976,-0.09910185912815445,-0.1495874771890621
0.8407133460752598,-0.2167986501917867,-0.18606217547147966
0.8046126097561466,-0.19011091637932284,0.12186348767633753
0.8287827728305455,-0.059936379146395574,0.004327165630815533
0.8287827728305455,-0.059936379146395574,0.004327165630815533
0.8307010445613947,0.12341149403066826,-0.2053350396107506
0.7907825206048917,-0.005366109344558223,-0.23815923954530227
0.8177085857897539,-0.26202316923947166,-0.10745214219274185
0.7882167997908474,-0.054021776050762166,-0.2107958819378751
0.845720205522392,-0.20398758509038664,0.14811129208827806
0.7863381992884131,-0.15917537032686654,-0.0802486961405402
0.865319846401545,-0.1532995428727075,-0.03502790489643476
0.746634345974581,0.07843150835528209,-0.012417474050848587
0.796506243076678,0.006844098829881018,-0.1939578206457573
0.8051759118741437,-0.10378855629017122,0.27246439888154456
0.8073806764324245,-0.06485407709633362,-0.1198442318285779
0.7973761492012152,-0.20793367270822113,0.1400270919485262
0.8398333100893178,-0.14448075727434725,-0.23708813268423423
0.7478636290145655,-0.14247243819624444,-0.06835233271579766
0.8051759118741437,-0.10378855629017122,0.27246439888154456
0.8168941685096507,-0.16942401821765632,0.18427295450378528
0.8073806764324245,-0.06485407709633362,-0.1198442318285779
0.8054315844295539,0.09601666190468977,-0.6190252412106929
0.7236709562086401,0.4641171042610412,-0.35702151629796686
0.8357258639184526,0.06717343352259458,-0.2693163323083354
0.7954324226165166,-0.09729226260290727,-0.1074165216011076
0.8616924103330099,-0.0333451242072457,-0.23461118325513636
0.8115861243686344,-0.10042934943583262,-0.009029457648298822
0.8132655793457366,0.01358878617342707,-0.0059403753199815945
0.7841470898256828,0.08915727685957572,0.008121039775118966
0.8115861243686344,-0.10042934943583262,-0.009029457648298822
0.7974219199227239,-0.13828708947274063,-0.10201104937703204
0.7838022213284903,-0.06872150080372125,-0.14110255116189407
0.7974219199227239,-0.13828708947274063,-0.10201104937703204
0.8409609501658011,-0.21555396536121993,0.1647707648463103
0.8118515450673622,-0.10784841540597292,-0.20378000627647885
0.7779941625586797,-0.08209304750737156,0.09951584715059841
0.7843192423386351,-0.20170475933534485,-0.02523559334976261
0.8140848059962476,-0.09623643445381241,-0.053833822121097774
0.7809637651158801,-0.1024968546398968,-0.061884325240907756
0.7773850122515007,-0.10441371013050996,-0.05640080281176901
0.8151309082243963,-0.11315522059045516,0.1903175339249929
0.8140848059962476,-0.09623643445381241,-0.053833822121097774
0.7670265141896064,0.01855690222043302,0.19131698864812502
0.8169061735447234,-0.021187530359459528,0.010649890341672408
0.8108295880255536,-0.04033734169208536,-0.06461108413915256
0.7903104402992831,0.09773931135870254,0.0320797234316475
0.7808599641662468,-0.05063267037463118,-0.12929611392151347
0.8448259828345279,-0.1521836483672844,-0.24810794416246099
0.7903104402992831,0.09773931135870254,0.0320797234316475
0.8586309552508358,-0.12493242279153735,-0.2544931037943682
0.8493443518456709,-0.10280896461929195,-0.2134354000008869
0.7675190524177944,-0.09105353245869335,-0.1569651219721726
0.8297330269660808,-0.20931982123256734,-0.026267911500013896
0.9110276049935915,0.09334316703434051,-0.34195710499601867
0.9103371144180505,0.09490389140947011,-0.3499628981376716
0.8201388139098549,0.16359933023383344,0.04702619261376667
0.7762015936434954,-0.022876886733996335,-0.21859947645778044
0.7852235359086193,-0.17590252113175045,-0.02666126751581116
0.7256958172926569,0.37972674393603106,-0.32352671177735826
0.7256958172926569,0.37972674393603106,-0.32352671177735826
0.7775737650028409,0.07999246748124908,-0.15086842938356637
0.8417987046057045,0.03301423009480137,-0.10516044443238254
0.827679482537049,-0.0996192710929818,-0.08395692464705079
0.831520907787856,-0.11093202854805384,-0.08889023223848458
0.803048939348902,-0.12488034351535734,-0.13398320903432948
0.7731752900365769,-0.10552919043764475,-0.1336850711395618
0.7711462355653063,-0.10800565739006357,-0.1299866576667128
0.827679482537049,-0.0996192710929818,-0.08395692464705079
0.831520907787856,-0.11093202854805384,-0.08889023223848458
0.6974402964557085,0.63778425721343,-0.26612772896419834
0.7735262454769385,-0.026090944674412073,-0.19937768603818723
0.6974402964557085,0.63778425721343,-0.26612772896419834
0.7683670432639291,-0.18629517912059942,0.010762542432191102
0.7664239756489077,0.05063453287694411,-0.36302698767941
0.7929281868379214,-0.17132657047303237,-0.005118452057283507
0.7843278045230497,0.08866216759234397,-0.10999180924015478
0.801263033067743,0.04477290279297283,0.015627348075677727
0.761959931855738,0.08888717052541337,0.04283030780305014
0.9206021868883725,-0.405483074533003,0.3853743434909452
0.7671331636734202,0.005935860336305332,-0.20240550804022628
0.7671331636734202,0.005935860336305332,-0.20240550804022628
0.7577678109452315,-0.04918064479707965,-0.08210434248818471
0.7578237802748105,-0.04878204682426798,-0.08266203999644706
0.7577678109452315,-0.04918064479707965,-0.08210434248818471
0.7578237802748105,-0.04878204682426798,-0.08266203999644706
0.8364601883638654,-0.08097772711723264,-0.27147566289707015
0.7945241721183516,-0.04697742505507588,-0.17777778348266784
0.8436361048473797,-0.04827091584618437,-0.19243872394664044
0.8544676981962624,-0.1642978527582903,-0.1960584083225896
0.797858935204643,0.037572876576992986,-0.05942336664684161
0.7864353154559454,-0.18747236367909378,-0.13098298172355982
0.7832850575268353,-0.18323651895370632,-0.13448312567973364
0.7740587761119371,-0.12098204902960358,-0.025433670936755193
0.7654595665306343,-0.0029883196202021844,-0.2075820450223597
0.8020828353602092,-0.145388834423705,-0.31005512879325303
0.7885404620443484,0.12640477114207427,-0.16920280120950337
0.8672132305187961,-0.14305954144351574,0.04161118945526132
0.8662806921123256,-0.17851574070156176,-0.3241014376045245
0.8036216368025166,-0.07079526627428359,0.013139548966612569
0.8036216368025166,-0.07079526627428359,0.013139548966612569
0.7930435900384298,0.20168092005824972,-0.10431562894392588
0.7753260648814431,-0.062339308699983886,-0.12333698522610997
0.7957473340812371,-0.04886975626501172,-0.18813259132412904
0.7753260648814431,-0.062339308699983886,-0.12333698522610997
0.8097446506869976,0.06821137305132027,-0.057410598833461224
0.8506190130314597,-0.04923990180269344,-0.2882459610371868
0.8167671545843651,-0.1146663208246172,-0.050451386174884205
0.8167671545843651,-0.1146663208246172,-0.050451386174884205
0.8237285418327598,-0.21539330424302175,0.0900100038773235
0.8352980709840083,-0.1071004095940298,-0.2512810329425558
0.8133226871318526,-0.10860055928330944,-0.2422728022157235
0.8037482723016185,-0.04807787446365616,-0.14845363921085541
0.7652150751132116,-0.1354314847897718,0.07368465789247924
0.7759563587948968,-0.15473619968291988,-0.04961627891195114
0.8413294030196938,-0.08485643807631316,-0.18275006693259999
0.7463360340237437,-0.16317892965667416,-0.032097711929173045
0.7448086063127308,-0.16318282615102328,-0.03272222389494611
0.7701808490831048,-0.19168325238486325,-0.01354724529137974
0.7858254283183144,0.0008532507429782343,-0.11358531510374509
0.7727347281033254,-0.13701811413104775,-0.16433536430232681
0.8014286792100405,-0.055546785184998615,-0.1099672663443425
0.8014286792100405,-0.055546785184998615,-0.1099672663443425
0.7675908002115912,-0.1550490367773483,-0.0713247353810938
0.8041285608302708,-0.0182512021088716,-0.15869241596102468
0.8224856226135033,-0.07257862352120004,0.3703407798783314
0.7375853760379045,0.5384925019620714,-0.18950769583440785
0.8445740422707662,0.139269485347575,-0.4417325983574981
0.7865196838707513,0.07468263239953832,0.29478425946223846
0.7607290329404406,-0.2339011173900061,0.15179630960816043
0.7895022241830834,-0.03633511230405445,-0.18501417937156206
0.7790719045736363,-0.09572878122811443,-0.11311241811962186
0.7734422904888467,-0.03970570273028026,-0.020327919782123116
0.8331671732816746,-0.0009861089042901838,0.523531986665684
0.8331671732816746,-0.0009861089042901838,0.523531986665684
0.7619990772964866,-0.1411260220661548,-0.09730771948428252
0.7690649303598576,-0.13806763895387764,-0.04031554582920566
0.8175304324740269,0.055329269103193635,0.3618926402583074
0.8004892992871333,0.2689656529530906,0.18610619192765937
0.8095993735800058,-0.0010006293920709064,-0.04133339622660981
0.8321238520921914,-0.046262344960222024,0.30421060189418475
0.7782776520967021,-0.0216829852243417,-0.0972123698321552
0.8296676881083926,-0.032867995209561546,-0.029708479409130684
0.7618464721196543,-0.05637361776259428,-0.047000497303392064
0.797675047217921,0.04609275462097559,-0.0235307760698642
0.8309487477596891,-0.12899316359116822,-0.1516397950551193
0.7871282142967515,-0.02850267628783898,-0.15976011798319015
0.7542500707245567,-0.14464368842318204,-0.07871410487691011
0.7645030803699377,-0.0449971053868749,0.03399238339414867
0.7658455356238205,-0.09839227427495095,-0.06690983724437038
0.8105145063247801,-0.0006279069890235411,-0.25535273508795786
0.8335805293644813,-0.039327337386248884,0.043676108150393855
0.8246202534854803,-0.10368464358941269,-0.13742648626785392
0.7654749581130196,0.07734440854368721,-0.01169943838126658
0.8477402215536827,-0.10794326993550127,0.24558043530259938
0.8827667169672666,-0.1125015047769681,-0.1232014522018029
0.7654749581130196,0.07734440854368721,-0.01169943838126658
0.7955782560588089,0.07203573818578826,-0.1681609746019768
0.6874832481249977,0.4418756394974616,-0.15631364764314035
0.7751226731972454,0.025120026733266326,-0.043860761414959315
0.8012022064605642,-0.0810673705115903,0.050342381777288336
0.7955782560588089,0.07203573818578826,-0.1681609746019768
0.8559068599772481,-0.08517557904208348,-0.11520997816404155
0.8154793820674149,-0.06929923047063227,-0.12834795335441768
0.8154793820674149,-0.06929923047063227,-0.12834795335441768
0.8155914807803077,-0.05013442229647522,-0.12813322145395678
0.8154793820674149,-0.06929923047063227,-0.12834795335441768
0.8559068599772481,-0.08517557904208348,-0.11520997816404155
0.843920829624025,-0.19357427870176216,0.10732501274731604
0.8384770672302677,-0.03497612362820271,0.36832691916444776
0.7410045812111181,-0.02347816081782142,0.01749641277273062
0.8611634771887033,-0.19621618082839776,0.5941362708753677
0.8611634771887033,-0.19621618082839776,0.5941362708753677
0.8729166309058987,-0.0028085764865926344,-0.1621475866835876
0.8147839204917,-0.08608739416276284,-0.2159164903674974
0.7838721016330517,-0.12601484889948664,-0.08805675420386933
0.7882553079773569,0.02428006760151938,-0.07743886725112231
0.8729166309058987,-0.0028085764865926344,-0.1621475866835876
0.8190561752877863,-0.08123244340717234,0.2577700001971958
0.8236998838044571,0.018413364887337552,-0.13940151704272397
0.8255798698237948,-0.0955864204357603,0.19469110254534344
0.7924149759058008,-0.10223032580129726,-0.08587099720437802
0.8236998838044571,0.018413364887337552,-0.13940151704272397
0.7720265968355748,-0.15992453782014457,-0.08649646037679387
0.8201690006492381,-0.17625551403697456,0.06940905822875149
0.8267933156729788,-0.10001468756297985,-0.28900773763273513
0.855189652829127,-0.1928254947034331,0.18252293696621663
0.8258692070372979,0.0036066208092916385,0.3001748240905752
0.7796717756186808,-0.10039293572888638,-0.0634601461013441
0.8378694966284732,-0.12242809752348945,-0.36778294822174407
0.7990650509070352,0.0011601883298786586,-0.15608020079550167
0.7830202324930804,-0.1051410032115073,-0.064425511031249
0.8791681479531652,-0.12051228026762903,0.2913547414566941
0.8010448595959205,0.05562354855606219,0.3958780667592801
0.9137907801730678,-0.2231840874388107,-0.3327942565051768
0.7630991164908498,0.3826313701261455,0.30866709840764067
0.8627296514298108,-0.05808688002936985,-0.1826283275023003
0.8456592759422863,-0.10700232161485704,0.32984067877328255
0.7928416430348826,0.08822403839338405,-0.04739066851834761
0.8456592759422863,-0.10700232161485704,0.32984067877328255
0.828153559929891,-0.17832732578409458,0.20656181783726907
0.8417759304557395,-0.12667259175402934,-0.1056829909225499
0.8338424784185545,-0.2045864334641538,-0.12538163720948386
0.7928416430348826,0.08822403839338405,-0.04739066851834761
0.8627296514298108,-0.05808688002936985,-0.1826283275023003
0.8456592759422863,-0.10700232161485704,0.32984067877328255
0.787992147164079,0.3364254818953587,0.444471738658843
0.8155691747510114,0.029768915088405068,0.19453310072177016
0.8274388662479226,-0.15861291285370752,0.32204288609464954
0.8180679284188244,0.01783898432437525,0.29192214813963585
0.8057706746765179,-0.14118534288232878,-0.15175358110037276
0.8155691747510114,0.029768915088405068,0.19453310072177016
0.8663242291607829,-0.21036387413758675,-0.007613965236481002
0.8663242291607829,-0.21036387413758675,-0.007613965236481002
0.8405774364279484,-0.12418109421026638,0.36997985308293563
0.7828189519669566,0.04805362933983384,-0.029469892107406193
0.8155394476730689,0.09506637544555721,0.1173933235803229
0.8604694152933539,-0.3494856890107346,0.24349378714920417
0.8155394476730689,0.09506637544555721,0.1173933235803229
0.8483696259277362,-0.07935640054602042,0.17703253249779566
0.8435870393149525,-0.08231427282332035,0.16853376657411762
0.7826217870604737,0.061331232032062644,-0.0440876378682753
0.8647889737209462,-0.2789449918927068,0.4656773389285676
0.8535717049909113,-0.25569384685659613,0.21320549610080947
0.8481651119316993,-0.15721303496050512,0.06047941020128339
0.869052663349249,-0.09656968148145678,-0.2791379643669601
0.884623412133247,-0.11402232617593111,-0.2708034323994456
0.8677992741857934,-0.09261463051531232,-0.29964248077595906
0.7921699050159794,0.10181200972922744,-0.07192927922149017
0.7958333542528022,-0.022596344674895685,0.2767982339378922
0.8848770720045607,-0.11271875857218194,-0.15690288887131199
0.8337502994874255,-0.05412137515804655,-0.20266018026409255
0.7940139798174086,-0.19770620123315488,0.02367886362325694
0.8426668277433975,-0.19656822430105006,0.24854488466926844
0.8038465595534845,-0.10280421785597094,-0.13003464080521154
0.8536246606103486,-0.1623577711743249,0.23325801726915601
0.8568494681067751,-0.16204766795011463,0.23500283962345087
0.7710233072927644,-0.023514231503219574,0.006462466703474112
0.8426668277433975,-0.19656822430105006,0.24854488466926844
0.7545655553527553,-0.05832705600744437,-0.0054025298169504965
0.7930457798877424,-0.12657646242763673,0.08196506181527502
0.7684947621978673,-0.19097138255543797,-0.03631138428449615
0.7674177486863452,0.05651930966688909,-0.08345025447543458
0.7621666312396453,0.13627380806610828,-0.018145606256171343
0.8360513162029017,-0.17641263629855256,0.01727378635879301
0.8455206665568791,-0.04278568946906172,0.03885484688631674
0.8337052687493121,0.11874455819054888,0.21098246457259323
0.8455206665568791,-0.04278568946906172,0.03885484688631674
0.8337052687493121,0.11874455819054888,0.21098246457259323
0.836841507807977,-0.2217082042723725,0.021413630098373215
0.8368837253179713,-0.1188757862061661,-0.1393772927107767
0.8384002232181009,-0.15976595833565535,0.16433785559776765
0.8580836890458625,-0.263804523100855,0.19686252865686765
0.8580836890458625,-0.263804523100855,0.19686252865686765
0.823756390828269,0.125421689178571,0.46531812166770853
0.8432216427423231,0.042575923033461166,0.13719343008214796
0.8553898692938955,-0.19408069871184405,0.4387518577262443
0.839646545231912,-0.16433119365087132,0.12218742413736411
0.7941331063277082,0.1738410975178556,0.29024462922206634
0.7941331063277082,0.1738410975178556,0.29024462922206634
0.7662587871160071,-0.11408090394148376,0.03577370037209232
0.7845599081342316,0.06598361217621915,-0.046311772754542346
0.8006262550376395,0.26326127505120783,0.03742204245958641
0.8697197054614005,0.154545420844465,0.4118313364488357
0.7711777680267369,0.3305774454250135,0.09856406250028743
0.7903157037837225,-0.04901054628807369,-0.04208660528242797
0.851138489596728,-0.07040752742010248,0.40940383485949466
0.8625235142600054,-0.10729997825328336,0.5313571782507751
0.8752151869901077,-0.22450560311148712,0.3918961248658634
0.8184262515576781,0.10090475918710418,0.2509338946018968
0.8449983780766344,-0.07822852699023172,0.22011064225946847
0.8449983780766344,-0.07822852699023172,0.22011064225946847
0.8723085628686595,-0.10388895664804634,0.34808184931178626
0.8486855591902462,-0.06440996472847124,-0.2802620566722834
0.8183992135513145,0.38442515581163833,-0.11971685573946073
0.8595912026563304,0.07283118074566275,0.5046890503010413
0.8274168453771849,-0.0645961804898979,0.186990926488594
0.89527848649405,-0.13076149780136984,-0.019448259557874048
0.9019562011579956,-0.14621121216111924,0.16550606957853659
0.8953814531804427,-0.1310258444686501,-0.019048385253666977
0.8467626509437458,-0.12145564492192837,-0.14685670457518937
0.8750902427539828,-0.018155775239197577,0.4127293905524165
0.6070282878233182,0.3310540215838031,-0.009977158071035552
0.8040098844202828,0.3732119287154529,-0.1971094098483645
0.8564311053857407,-0.10996499641607546,0.22349888368900023
0.7975605423519669,0.1915685730215954,0.3632981261526113
0.8530183985777064,-0.055145892482637404,0.47843291276056216
0.8596234617164029,-0.21723077667273574,0.4094131968024826
0.8151299692267957,-0.15960135203772322,-0.05604805639286853
0.8248270200801078,-0.05487992249553206,0.07327148602961658
0.8475104866239602,-0.19538584168578463,0.2735699436697449
0.8570724394305125,-0.15836173411375745,0.3471653590517168
0.8849878054651561,-0.19300710359515866,0.529019327531878
0.8270225110847613,0.12932918752670947,0.23621427454065796
0.8849878054651561,-0.19300710359515866,0.529019327531878
0.8676928920753766,-0.2917579096696831,0.17285530127897036
0.8244663843716038,-0.2736836925083856,0.18261173742646503
0.7798214527301155,0.26844240581603784,0.347649279072021
0.8473956095545501,-0.05310138322596977,-0.2892415072640626
0.7857994352382729,-0.10740647898081859,0.07927657998885429
0.7906475042991294,0.056784763524331094,0.17075282770216121
0.7688235678651287,-0.13330568130080186,-0.037730146605804205
0.8694506863967348,-0.15980784568195136,0.5364938705939668
0.8295442921898364,0.12922484978916066,0.5039380233784094
0.8697408421503918,-0.05423605337360385,0.3201318546890591
0.7798214527301155,0.26844240581603784,0.347649279072021
0.8506995705425751,0.21657908246178614,0.38135588543033
0.790943898223015,0.03231827989851713,0.10008839826117144
0.786257928350341,-0.07985434328865887,0.1522438412750095
0.8744031319580667,-0.23093943285258037,0.5053792173904594
0.786257928350341,-0.07985434328865887,0.1522438412750095
0.786257928350341,-0.07985434328865887,0.1522438412750095
0.826172107987744,-0.1644789549519878,-0.10858421963202175
0.8378594781850925,-0.0365369263977498,-0.09149552544561312
0.8254481169409922,-0.10892573120476465,-0.01806285032760674
0.8182356426103601,-0.04487028041704033,-0.025836762814971992
0.8160373146301119,-0.10951083153026661,-0.012410703873938667
0.796780492233536,-0.012939716691050901,0.26890202956144843
0.7336842285994605,0.5868045273625562,-0.0996574743094022
0.8744031319580667,-0.23093943285258037,0.5053792173904594
0.8062971959581409,-0.16355729123502058,0.1134543883535814
0.7886460672827391,-0.20375852912478168,0.03382748427726634
0.8672549785470711,-0.22309795207030278,0.3114520278664142
0.8170483466680303,0.1854407970944676,0.5117714465737428
0.8219850190923892,-0.16335033824223658,-0.24453352736557377
0.8376715830916821,-0.01604464377479234,0.2977602521427602
0.8376715830916821,-0.01604464377479234,0.2977602521427602
0.8160353008114554,-0.11397394541328443,-0.04104777453062447
0.8219850190923892,-0.16335033824223658,-0.24453352736557377
0.7295908832322153,0.1554594244024956,0.036246585641387996
0.8352610386414265,-0.12540590724920145,0.3685237527127531
0.8493941519843782,-0.08069856725929167,0.28235605333746855
0.8374181477001774,-0.14682514237172975,-0.1468211816746116
0.7889854567678838,0.029051937983968212,0.10657966717577189
0.8116987010783936,0.023996054075247714,0.19731355211344154
0.8292706734501338,-0.002611919870525281,0.4633193598162835
0.8067255433840841,0.09515197953966653,0.27677513146826976
0.8375634856842176,-0.2589385202701988,0.16681705720294332
0.8028113318050385,-0.1335491798898604,0.07801860603505151
0.8178546902214583,-0.18762216736448548,-0.010163479963193334
0.806692375550836,-0.1256275825901901,-0.16266843240134818
0.8178888063975869,0.1548130695653357,0.3312020215845137
0.789409747727406,-0.20243213759905762,0.0018056648602968184
0.873018600410564,-0.33062111346937056,-0.011806282522603684
0.8142207625741638,0.1409051842452022,0.24893735544648393
0.7541970365267789,0.021186285424708767,-0.22154523695304554
0.859273139572984,-0.08516533786637723,0.3187413925016452
0.8521152108537735,-0.04543691608309916,-0.3211669930239379
0.7929900866884121,0.19848744907446897,0.217743027388612
0.78907578313849,0.38188115462130573,-0.12403835777375821
0.8130610575050177,0.08518885575232713,-0.21014048520005035
0.7929233909826443,0.10051139959281585,0.3941765605966823
0.8130610575050177,0.08518885575232713,-0.21014048520005035
0.78907578313849,0.38188115462130573,-0.12403835777375821
0.7707076201172935,0.24505099177917944,-0.19338083230193642
0.8556430608907821,-0.012310463739171468,0.07050167032695365
0.8267121007793974,-0.1629092920455852,0.009427996247305004
0.8876950174851612,-0.1182695789817774,0.34545836321553053
0.7929233909826443,0.10051139959281585,0.3941765605966823
0.7958062982091412,-0.16797889015959575,-0.05278622206327299
0.7714984742849811,0.25655583375711327,0.41891434036612446
0.8622624029078918,-0.26979962018546894,0.2791781137646489
0.8296596956234639,-0.1458042735369269,0.29959392877763164
0.8622624029078918,-0.26979962018546894,0.2791781137646489
0.7811371210243832,0.04704962972655918,0.0012195608676988656
0.8222216356140333,0.02457085507851689,0.3402063777986248
0.8296596956234639,-0.1458042735369269,0.29959392877763164
0.7693695724363876,-0.07356851424510638,-0.09728512074517187
0.7992790081587029,-0.04388669438430452,0.6989025512826408
0.8195833134785877,0.011187476322635392,0.40704452250324247
0.9133281088933694,-0.14707085980189544,0.7160987807012518
0.7845784438147079,0.22242862612534747,0.28809491422627337
0.7534571297567694,0.49160511288952663,-0.15712013085794146
0.852386954654484,-0.05328078544373205,0.0533143737950002
0.8324240178510176,-0.1760726230077547,0.3196503806680269
0.8216672724868668,0.05930480348835701,0.042749170088766
0.7997742992634758,0.02314921617104737,0.06597055566620696
0.8255106801658398,-0.0631841628302389,0.40106673816753563
0.8255106801658398,-0.0631841628302389,0.40106673816753563
0.8441559353085324,-0.17403418463555717,0.2484351500753374
0.8060151779794282,0.039125358969214374,-0.13447303468758048
0.821543518406554,0.05577251313418974,0.3920151956164008
0.7375584989249471,0.12421836235415162,-0.11420328292720333
0.8257573371172808,0.35315521373460185,0.5046590836916189
0.8488278705869874,-0.07869262535208157,-0.02016454925603528
0.8404521608014519,-0.18212522513558602,-0.02832404193471566
0.821543518406554,0.05577251313418974,0.3920151956164008
0.8944117621418062,-0.44810261767330634,0.016201471796837064
0.8055470783789382,0.10436441742841812,0.14455232943780888
0.8444343725977548,-0.16139926445580136,-0.06038610024406543
0.7887425793814342,0.08209199862242478,0.2450038307204681
0.7632164261489913,-0.24478959858230123,0.07311529013729784
0.8214357093338349,-0.18826337014011127,0.38411241369307353
0.8752794535436619,-0.20626120804745493,0.07168157651064672
0.8099354408315336,0.06753639045680246,0.23994628492452036
0.767543549306106,0.47786146408610103,0.12569922633465808
0.843349948212273,-0.22358063892157834,0.3489716691241899
0.8182162335117598,-0.024781908849335982,-0.13949591182117532
0.832445988559245,-0.16452814905945498,0.37241767824617694
0.7977324570551332,0.10642155431274869,0.17378096148240413
0.8332467319513617,-0.11703286012069472,0.38534705977007294
0.8145461080428604,-0.011743798176289108,0.12653387076242412
0.8220906417181846,-0.12616354805815336,0.2709595344663684
0.8528995888620019,-0.11979747420618836,0.04628796808506441
0.8168495437457639,-0.12457039561996741,0.07568104493448174
0.8118829110828587,0.05147062877511663,0.3013550340009376
0.8528995888620019,-0.11979747420618836,0.04628796808506441
0.8477626925552035,-0.048917423303600605,0.08040970270901726
0.865903552626214,-0.3585525831189439,0.23336691003164362
0.7647179944969955,0.2828353702687729,0.44518119211565893
0.8507431904296485,-0.2182414653218203,0.2657376003574073
0.8510366945735428,-0.21852426605183764,0.2685279270070991
0.7851671608571189,0.2865480754617394,0.3617056290123933
0.8391031203803367,-0.09615472282215753,0.06310104385985849
0.8391031203803367,-0.09615472282215753,0.06310104385985849
0.8338528985318328,-0.05728931775315532,0.157077563920819
0.8330609018444348,-0.021098795988967467,0.409029596117149
0.8232480203280741,-0.029809082408177312,0.1370110501819744
0.8459821587306751,-0.006131629567230762,0.05692973109103
0.7627905649076188,0.4433237240528089,0.2404498431065299
0.7587957639346767,0.4597907453642815,0.24557687386889276
0.8496656493080001,0.03589518985985338,0.03750223594310781
0.7193208504393362,0.27155662067473124,-0.07505777909455269
0.781609634559997,0.1778013708459919,0.46409648998637526
0.8284098150875314,-0.13124655779479774,-0.028391090067434288
0.7465293929487871,0.03415642101763991,-0.045096691800867894
0.781609634559997,0.1778013708459919,0.46409648998637526
0.8496656493080001,0.03589518985985338,0.03750223594310781
0.8284098150875314,-0.13124655779479774,-0.028391090067434288
0.7922381639622207,0.12387020360897377,0.4344404976589478
0.7922381639622207,0.12387020360897377,0.4344404976589478
0.8038140066211252,0.0995941388282442,0.38436461230568336
0.8065926348790298,0.09525567662475382,0.3647748939305943
0.7888497700855743,0.27869271386151734,0.3720624548038219
0.8062130084256998,0.09906773990922252,0.35304245511521953
0.8833038466402161,-0.1838163680385799,0.2692742430416942
0.8331356280615483,-0.10258799312843178,0.1774034940133537
0.8014287254306929,0.05994317379883715,0.5962184868670481
0.8239720984829935,-0.20028883061658068,0.26865825773305724
0.8331356280615483,-0.10258799312843178,0.1774034940133537
0.8118720377535549,-0.12346661361847797,0.31315985838902344
0.8008734933869879,0.18550388902769577,0.400037438447369
0.8008734933869879,0.18550388902769577,0.400037438447369
0.8506647110287835,-0.3336734430150449,0.052930146364563224
0.8967229835968817,0.01581555740696869,0.3350597161932742
0.9019348972050121,-0.4480522160354735,-0.0566821599959485
0.7840633362081701,0.12919611610262488,0.28967663610108557
0.7522575280089394,0.025658844176720624,-0.02515224622063217
0.8217088270229622,-0.04612443427112123,0.17242845164695558
0.8147215181608545,-0.16906054737541373,-0.07949809806042146
0.7853876520419287,-0.15699523211491836,0.011960242071508642
0.7595023456827041,-0.22073454971857911,0.07688691407143733
0.7759965685003682,-0.1886993009001864,0.06869288680520463
0.8702110099442109,-0.19511235289342957,0.06021048966520953
0.7522575280089394,0.025658844176720624,-0.02515224622063217
0.7478459469451357,0.15106794370958943,0.04049894051458108
0.814183101792747,-0.2020375953351742,0.09660523735543003
0.8309310695044794,-0.1588261404614618,0.05128492790665651
0.823119365277954,-0.028530563535510894,0.11375054985890959
0.8521299223510663,-0.19625930138182077,0.2533500388709737
0.8521299223510663,-0.19625930138182077,0.2533500388709737
0.7632406720930309,0.30601724592249263,0.19295638994003
0.8486366530040592,-0.11715722581557939,0.14528573208553047
0.823119365277954,-0.028530563535510894,0.11375054985890959
0.8309310695044794,-0.1588261404614618,0.05128492790665651
0.8555282934102282,0.0827000047425766,-0.03396074949140265
0.8486641183919081,0.05381573718880059,0.5013512377630696
0.8553375105112386,-0.06428494517850589,0.24153942748526885
0.8472510378602278,-0.17559183592748237,-0.0020083258500334655
0.8241887313521365,0.024216684348759038,0.2160947830039926
0.8308007852360846,-0.0673152163829491,0.0002112311376404885
0.8484100014414473,-0.03302592441182586,0.25450119340795613
0.8668070668721275,-0.3771487603790789,0.6017596591922993
0.7805988895359486,-0.2576855115998552,0.11485717190615591
0.8372530303992887,-0.06830266036078608,-0.040994892098750735
0.827937296305121,-0.007315504121486238,0.26540299692325736
0.8238221377430619,-0.11402472003126188,0.3771722180791885
0.8270975286288405,-0.09364949367843273,0.12005751197949793
0.7850015704259439,0.020886110857866125,-0.11515583777581495
0.8108335602577148,-0.05701575498844358,0.1459123066873666
0.8111878868749938,-0.06373679898325313,0.17138577094833335
0.7871883839187659,0.252568378644939,-0.46772281377397057
0.9402372648776904,-0.25192778338945065,0.4908792811451756
0.9402372648776904,-0.25192778338945065,0.4908792811451756
0.8450785871681328,0.01575436201775801,0.32985136904465046
0.9412175839756889,-0.25268750420198205,0.49459264310689416
0.8450785871681328,0.01575436201775801,0.32985136904465046
0.8796477696787004,0.041823233114435365,0.3784107220217942
0.8710646608386186,-0.04774263167772175,0.2518192400233435
0.7727064931325911,-0.2257183036030345,0.054506580973471
0.7857780823822751,-0.24923015049084837,0.10215138782643995
0.757945945617507,-0.006954325334215639,0.09318363656193124
0.8796477696787004,0.041823233114435365,0.3784107220217942
0.8710646608386186,-0.04774263167772175,0.2518192400233435
0.8808151000249396,-0.1739045032698566,0.026594590509565863
0.8808151000249396,-0.1739045032698566,0.026594590509565863
0.8643943035163828,-0.0237642523302109,0.19241827225403235
0.7452043300798887,0.2883141545755377,-0.1382622612062484
0.8568935135588291,-0.04285165678381167,0.29978748231043145
0.7452043300798887,0.2883141545755377,-0.1382622612062484
0.7936796137217161,-0.07584119673002601,0.1841500516640469
0.8603158183778412,-0.25453612308355444,-0.00823862989199381
0.8030874203848122,-0.1311195616571106,0.2745279669093313
0.8325501248076508,-0.10992150014156057,0.3559030470562043
0.8528835085914774,-0.13998387911448115,-0.09948532415476996
0.7844335587169788,-0.1972159107722893,0.03222845233101701
0.7860638098857526,-0.16829125219347799,0.03513717800570881
0.7856603654421015,-0.07956388807408885,0.2608812363690442
0.8753174369172472,-0.24402242280835276,0.21472648437803205
0.8753174369172472,-0.24402242280835276,0.21472648437803205
0.8666182124566932,-0.27196137206720755,0.18502641316446994
0.7935099647137798,-0.028627507594788992,0.4792200405138706
0.8239413504235487,-0.04076343537747901,0.39846261251993226
0.8224123922497237,-0.05362963152045064,-0.04796160721359599
0.8135556794105434,0.011215519862235457,0.43458130310667337
0.7940046070227849,-0.14784124555606457,-0.13471380688333384
0.6901141677859399,0.7517918571167481,-0.06846263452040785
0.784545670802834,0.0563621858943415,0.39708244318922664
0.8101076348697445,-0.17322497703641407,0.027780037135314517
0.6365558389032324,0.2457970881392294,0.050923041343965525
0.8101076348697445,-0.17322497703641407,0.027780037135314517
0.855578223104289,-0.3005077177935652,0.112824380972333
0.8453115979599384,-0.12149354363212306,-0.16330045194969398
0.8199957646731812,-0.272890952921263,0.022653219609082786
0.8393888896339197,-0.20582143730691635,0.3790096150298479
0.8420813859820011,-0.08049245593429483,0.319220023787347
0.7997484297057234,-0.014166602013895163,0.033460526748781916
0.8762515039718586,-0.2318143310059049,0.37613485397267205
0.8484980383429472,-0.08438536945010318,-0.22096436919439225
0.8666985175637651,-0.28475894062451973,0.38973676557361797
0.8586962258612971,-0.11969007008375374,-0.1974662068359837
0.8666985175637651,-0.28475894062451973,0.38973676557361797
0.8129099317313642,-0.15993487480093552,0.05076751109061628
0.8388452606693855,-0.11608710415478432,-0.00517730675282585
0.7981968893628058,0.262476661593779,0.25939661301392253
0.8012758320549795,-0.008634684104040974,0.10537819942567728
0.8844649839663075,-0.18665797770829176,0.18197090195344207
0.7489919469518413,0.35544469513250465,-0.11770743237155668
0.792064613980854,-0.19527063121308694,0.036783277789980084
0.8644478635010968,-0.3053762361195376,0.3679900336599747
0.8109395793806398,0.037554755664820805,-0.08977660427535888
0.7902553496343219,-0.04893078594052361,-0.00728460301346584
0.8217568051887905,-0.05941701902084834,0.21751947013076173
0.8542886232900675,-0.19661572678879322,-0.014127877310755044
0.8542886232900675,-0.19661572678879322,-0.014127877310755044
0.8215208803561584,-0.11191774616414105,0.3742141482931913
0.8746609107491856,-0.2014359879706948,0.24301471694465265
0.8497640825560928,-0.22398067081295317,0.21628050387813907
0.7865925423315347,-0.17757516282003424,-0.055881135503445034
0.7929562125296374,-0.17162995725063937,-0.06804953743933256
0.828986111777916,-0.14513093848659125,0.044193215582525536
0.8173277269684711,0.21129256437191374,0.00045577381159495056
0.8600618590287947,-0.11128385950653613,-0.2099227014111574
0.8600618590287947,-0.11128385950653613,-0.2099227014111574
0.85771664480113,-0.19785890258420183,-0.06220138957457738
0.85771664480113,-0.19785890258420183,-0.06220138957457738
0.820249995794202,-0.093929923748686,0.05375125257470853
0.795054679792246,-0.13483693407298655,-0.10255400443224066
0.820249995794202,-0.093929923748686,0.05375125257470853
0.8304617928538003,-0.19015165270257764,0.15951378620458062
0.7740571308433568,0.07739395844743999,-0.013913813852498347
0.9103204565199201,-0.15309343014003685,-0.13156569111597954
0.7519201130179047,-0.11651352752184368,-0.0637127572032361
0.8329376674116804,-0.026374307350246762,-0.17357070173598496
0.8173897410768647,-0.22182035705541922,-0.04405073716486041
0.8167247407198621,-0.21608462358893774,-0.05225716979585532
0.843624607836974,0.1120044389710185,-0.01493341725736913
0.7990044810215446,0.00471796180732556,0.2048268745167962
0.8548554381071805,-0.199235085942954,0.02730847635901662
0.849777996174522,-0.19762969429803504,-0.020907614577994282
0.8548554381071805,-0.199235085942954,0.02730847635901662
0.849777996174522,-0.19762969429803504,-0.020907614577994282
0.8548554381071805,-0.199235085942954,0.02730847635901662
0.8439328727167181,0.04420395801229668,0.050939188779611955
0.8412359937928398,-0.02460045496601254,-0.19755747312998453
0.8594915427182781,0.016543834878634783,-0.2583233287628999
0.786864687263777,0.20091752722142303,0.1524060219918822
0.68158682621366,0.14685907991865793,0.025320514966738872
0.8129815384510526,-0.2116589472096119,0.23787421831582894
0.8619193590840084,-0.1418257309938533,-0.028981342354812256
0.8171197165230302,0.2878208692902551,0.5425615145593845
0.7689127894925474,0.14522464766723053,0.2744124594982325
0.7965040491065736,-0.16209260767579078,0.08516142080893796
0.8525851280294345,-0.2651857833818184,0.06855639846665845
0.8129815384510526,-0.2116589472096119,0.23787421831582894
0.8035391061491528,-0.0031424670239720287,0.50206279392076
0.8189247306949443,-0.023627031548164257,-0.04718946541922664
0.8592798207647343,0.02140003182854941,-0.3287839841103259
0.8189247306949443,-0.023627031548164257,-0.04718946541922664
0.8048661617867043,-0.18006806072805573,-0.06538425162518097
0.8176296166483799,-0.020407858663594458,-0.08054608147933456
0.7918687117397922,-0.02164856222001499,0.29710254757156557
0.8392896128651646,-0.212293601139206,0.3081104966081241
0.8269938124266611,-0.15028609113614555,0.012340195083911543
0.8267812173154407,-0.09992014646527739,0.11551048999575758
0.8201710774921112,-0.1910635885137121,0.3667370927825004
0.8244212833406526,0.02785067271608785,0.0672314461632742
0.8201710774921112,-0.1910635885137121,0.3667370927825004
0.7647161633953035,-0.015668868854895976,-0.09833100835906128
0.8320526720249088,-0.09396323554014774,-0.08599858601958948
0.8483451510945401,-0.2292764882953949,-0.04664436365846225
0.8320526720249088,-0.09396323554014774,-0.08599858601958948
0.8269652604585818,-0.15076206488500163,0.2736753959533607
0.8203913086512142,-0.09607381404996307,0.0640845941390708
0.8269652604585818,-0.15076206488500163,0.2736753959533607
0.8602791982388831,-0.08455439355680014,-0.1601489465318898
0.8418257843318708,-0.10713908688728502,-0.1905325573054001
0.7847636875990682,-0.14796268905065074,0.17383831034973124
0.8609422986618169,-0.34390940890434685,0.328385447831866
0.7752189306184321,0.04506877420435529,0.043702732671448974
0.8059057339574416,-0.12236062542348139,-0.0348976316755758
0.8398934479586004,0.09268995643516559,-0.12796763327304606
0.8253017149186876,-0.22933403705322505,-0.049943759879169825
0.8398934479586004,0.09268995643516559,-0.12796763327304606
0.825508542919537,-0.12214896492292018,-0.20776322841445471
0.8630305831694323,-0.19249522995535748,-0.012879943849311015
0.8261940145819113,-0.050307754904973134,-0.21891432672885003
0.8384075163016425,-0.13730244198792246,0.034563329402076404
0.9183004057052546,-0.03426435092308473,-0.5630935439018397
0.8786995096849295,-0.19380296157440316,-0.12996262748430426
0.8567512746097552,-0.2640788364807435,0.15734335216996503
0.7945180365454239,-0.21418591200928297,-0.008911260157567824
0.7911289624005284,-0.21635887391707218,-0.0063595665911447274
0.7348435973747016,0.5331713397016962,-0.38841348119736346
0.8313432408918793,-0.015672192440178867,-0.15434423527293714
0.8313432408918793,-0.015672192440178867,-0.15434423527293714
0.8484333965952349,-0.22095601164576625,0.002217420877504428
0.8232803342185904,-0.018964475893737426,0.3530911843859867
0.8487526461173773,-0.10866404120322778,0.17252678993014875
0.8313432408918793,-0.015672192440178867,-0.15434423527293714
0.829598352987444,-0.017652004674962474,-0.1568523673706253
0.7799089712340854,-0.18255993603885018,-0.11373825329791093
0.8760933373079864,-0.16697400478580288,-0.19873648147876458
0.8815843706147555,-0.13643393948223229,-0.17053391310615276
0.8230794459680573,0.02328164906738811,-0.2545679333608787
0.7922981116893226,0.021626194375272384,-0.13409953726240298
0.7855651908261609,0.20630640078821383,-0.029626633732965202
0.803412839174539,-0.06045332470979253,0.19641538347290272
0.8598153430244095,-0.16937083828647229,0.08989602661424195
0.8261926761238447,-0.24288271543033238,-0.023395089280015435
0.863646909143746,-0.18067291055339754,-0.13747491372006354
0.7952170144296806,-0.13951470215122097,-0.057252781547178666
0.8366716560954441,-0.14718443154274005,-0.01884678580662108
0.7833347896492355,-0.056201685506506865,-0.04115318979273547
0.7952170144296806,-0.13951470215122097,-0.057252781547178666
0.7844897243034039,-0.05450273639562231,-0.07992266774562501
0.821956974390776,-0.11140513746866476,-0.08710708659128885
0.8327903317690897,-0.10024824028878027,-0.24537360719948273
0.821956974390776,-0.11140513746866476,-0.08710708659128885
0.7827941371749556,-0.2368720264384553,0.04136505417173719
0.7828704831005817,-0.05336537910555833,-0.07852135720599196
0.7554854784472267,-0.15515442674472082,0.11892325652097085
0.8862859769113576,0.08996763635680705,-0.40307319963316834
0.8454161606272976,-0.029477770153095134,-0.06161168454299698
0.855106751843431,0.03771512246747841,-0.03836891433790668
0.829488969586925,-0.05487003460675821,-0.25271473395671895
0.829488969586925,-0.05487003460675821,-0.25271473395671895
0.7935105384211796,0.37438770675902305,-0.2613370444583435
0.8606688394788584,-0.19932488845005444,0.14279405402578876
0.8918608769274896,0.030520406751849277,-0.12618741145676965
0.8452579467629737,-0.0523664592329397,-0.250792374882817
0.8032671102574094,-0.128641658323771,-0.164760048238575
0.8438347707976677,-0.16236808871677663,-0.15282019864914254
0.8522983727695086,-0.07261136541224383,-0.19670232560993173
0.8522983727695086,-0.07261136541224383,-0.19670232560993173
0.8605090015067676,-0.16428652994077023,-0.07579884868624664
0.7851431373858699,-0.2394286502049521,0.049361941174521085
0.8699835834042209,-0.18934589314673175,-0.11768399781533873
0.83619679972551,0.18917709089693596,-0.039738396383486585
0.7789113344669045,-0.20403264708407434,0.004303099416090528
0.834578023176209,-0.09511566800255303,-0.26388811786997557
0.8175003441298536,-0.2542913879818576,0.2564013351885092
0.8112411954759977,-0.2936198965973383,0.22240387755575214
0.8268154453751337,-0.03637525667026903,-0.09321878389021004
0.7771833414316818,-0.13947957137153852,0.07329439885852324
0.7822116863839321,-0.167440113790121,0.00957201526102086
0.8217375506065725,-0.024994311220807697,-0.09553921789962022
0.8268154453751337,-0.03637525667026903,-0.09321878389021004
0.8376021172790842,-0.14062565411905592,-0.10704814245189204
0.8376021172790842,-0.14062565411905592,-0.10704814245189204
0.8159841262074845,-0.14448129609846472,-0.14591223241374957
0.8376021172790842,-0.14062565411905592,-0.10704814245189204
0.8316364170355246,-0.12860453168537792,0.2105685258764261
0.8179744798380366,0.15413769792729393,-0.19802876841484995
0.81914850225174,0.24505357475658907,-0.30856463544777124
0.8416638479013239,-0.05478492085762701,-0.17771213984595233
0.8416638479013239,-0.05478492085762701,-0.17771213984595233
0.7898731993023975,-0.21831490418613023,0.0073375827548005645
0.7967795117197347,-0.15984052298553078,-0.014991700705507593
0.830612598251949,-0.12300299784171559,-0.036313320506022095
0.8350942228062808,0.014724276671899905,-0.044752888971135274
0.830612598251949,-0.12300299784171559,-0.036313320506022095
0.8492780444817569,-0.11993666795522182,0.015597562029680045
0.8468802712121206,-0.12228455221809006,0.018056904750930414
0.8017623953299902,-0.16566122468412645,-0.016783538304593393
0.824668608185616,-0.2043608656373387,-0.1165138239483724
0.7967512170756084,-0.035157741493451855,-0.1729427368977839
0.8360916729131145,-0.06390848678975253,-0.20931253747188175
0.7967512170756084,-0.035157741493451855,-0.1729427368977839
0.7990387637503289,-0.20963874568134064,-0.03903735568888178
0.7866326180306953,-0.21260240873061317,-0.010231805335683686
0.8115312819476284,-0.06694687583323572,0.06212400627393261
0.8107190818983314,-0.06584808696202132,0.05954594837948063
0.8569514895018602,0.018283614852469376,-0.30851860499800465
0.8242769457788097,0.061326019063042664,-0.11870491470510725
0.823139142260465,0.07830691289007694,-0.10021300908393077
0.8124566018975499,-0.03200373464769948,-0.03859346437716926
0.7975616832335117,-0.08574049284556987,-0.22598135397706492
0.8092870379088077,-0.04615130438994486,-0.09359612839163445
0.8238902957454712,-0.04006141610160166,-0.27094185190214526
0.8400113375981384,-0.121171359387369,-0.1397162471311157
0.8238902957454712,-0.04006141610160166,-0.27094185190214526
0.8117212146891812,-0.0774936270106377,-0.2608511666742412
0.7985578783481866,-0.18554405824761142,0.09832563223360952
0.7985578783481866,-0.18554405824761142,0.09832563223360952
0.8256600899344988,-0.09695998413831622,0.1568121854047279
0.8256600899344988,-0.09695998413831622,0.1568121854047279
0.788135859394604,-0.22410107134415178,-0.008078922285855716
0.761546315147392,-0.0509215490528479,0.05002508553549351
0.7955482423572771,-0.19367478992605816,-0.04727411279746774
0.8007760147920431,-0.038069288239077625,-0.14576339549740613
0.8186232733592049,0.07738136255057346,-0.1828594070515102
0.7457082424965529,0.27793019010846715,0.2536034201550103
0.8850843457168793,-0.1315814305315226,0.14813803959206423
0.799987256814924,-0.15303046479263574,0.06150016576291273
0.7590753255224056,0.17959676003734376,0.24255561930239283
0.8293147506686211,0.010128500523704564,0.12573509312540837
0.8293147506686211,0.010128500523704564,0.12573509312540837
0.769571958060179,-0.1238614926822641,-0.15858604905728677
0.8183274772108522,-0.06160392642279594,-0.06947109333816287
0.7196097668260273,0.528780816276019,-0.16583512842793527
0.8054382695827402,-0.045836573000995806,-0.013915077030925038
0.8064859534666895,0.0026513161366570615,0.0356323046330797
0.7269079542206995,0.4685601464275631,0.1709560669838896
0.7259308877658079,0.42298286675904245,0.20394868834224383
0.7269079542206995,0.4685601464275631,0.1709560669838896
0.840593318069137,-0.1231195036665991,-0.10205106919960732
0.7876635622895924,0.0407271738403053,0.05237270981033476
0.7849248663250146,0.06523801271734095,-0.14796330268462302
0.8626423647251125,-0.07458833390080002,0.40835640420807545
0.837501639212505,-0.047429249261418144,0.11724653493511322
0.7822636158469456,0.14402083458046516,-0.2530831789203474
0.8482318518344423,-0.0075190195295741225,0.36581343512490166
0.837501639212505,-0.047429249261418144,0.11724653493511322
0.8268300505480408,-0.011164632267848557,0.12493040721143839
0.7811572345200293,0.22078156969383994,0.21571627855356196
0.8063390085570936,-0.0815731615524955,-0.21670182733314974
0.8552045564357815,-0.20973430711795463,-0.03871943759286772
0.82304949598156,-0.026750864829028165,-0.2235430987759928
0.7025475585068475,0.7127698691299265,-0.21447456222811237
0.8266697072356146,-0.04139323241981699,-0.262451641731708
0.8266697072356146,-0.04139323241981699,-0.262451641731708
0.7904159784800737,-0.006398877121111229,-0.07393654125729743
0.7803975953127851,0.056791802252632806,-0.15122364812586137
0.7490141071527405,0.2526186891785305,0.10155677368272115
0.7803975953127851,0.056791802252632806,-0.15122364812586137
0.7557816235952939,0.49958225095931613,0.09297700705350109
0.7809529131562358,0.27611792873103075,-0.23050171224534716
0.8331364595564632,0.033483441598369995,-0.279925445326901
0.7809529131562358,0.27611792873103075,-0.23050171224534716
0.8716968953743296,-0.2509990545654655,-0.10969101851270407
0.8770062115529023,-0.20681250822257666,0.02579945272273132
0.8368883858363567,-0.11023523373561572,-0.09203707872573663
0.8125623025492332,-0.10049872139930247,-0.1999841272047481
0.6229658303929877,0.4258080621521502,0.03761335805235366
0.6229658303929877,0.4258080621521502,0.03761335805235366
0.7878628423483289,0.1693689368255762,0.29133850838817615
0.794699576723235,0.004629628785144252,-0.2644413918922397
0.8046514886810472,0.22021036379633713,0.3545919679574117
0.8226490497513925,0.03162596612155169,-0.26161924530323344
0.8057233538191926,0.03695208659753749,0.20910307150606727
0.7851304479213912,-0.11703941768707571,-0.12131608633751029
0.767975809601029,0.06806952097321689,0.22894172810687302
0.8306281652795304,-0.027293871546532317,-0.2695092230996048
0.8306281652795304,-0.027293871546532317,-0.2695092230996048
0.8375675917509406,-0.0064874763301613625,-0.11032979187325387
0.8306281652795304,-0.027293871546532317,-0.2695092230996048
0.8283187542099164,-0.02862140706918989,-0.26418453235168815
0.8132434333171861,-0.11675547677990095,0.030797292574900104
0.8132434333171861,-0.11675547677990095,0.030797292574900104
0.7878738218147701,-0.17096875312154422,0.02648867630555457
0.7915097375123457,0.10076598091209013,0.07262185404131166
0.7915097375123457,0.10076598091209013,0.07262185404131166
0.8164719036540222,0.3254950256825508,-0.0638336363367425
0.7915097375123457,0.10076598091209013,0.07262185404131166
0.7546399584823211,0.22594986997264516,0.1541368905270682
0.784133031168238,0.08064976983243471,0.3989877198022724
0.7797474261349508,0.23859152866058192,-0.08528930404736973
0.8111536007108133,-0.1132719274591088,-0.2432708815593749
0.7721995019800041,0.2824295351621497,-0.2196030527098076
0.7719281399047968,0.013122904645985672,-0.05238631715069553
0.8101706942782876,-0.0931589494995636,-0.2411393570025714
0.8111536007108133,-0.1132719274591088,-0.2432708815593749
0.8112756200300493,-0.09510972486863228,-0.24058201238725546
0.7726149896326631,0.249816880022192,-0.07566930101119135
0.7768676601495974,0.23890067317409025,-0.07001813362985865
0.7797474261349508,0.23859152866058192,-0.08528930404736973
0.8018616036777779,0.15310803605315043,-0.11837218357116469
0.7774521588711214,0.31153260113032694,-0.14411988764837746
0.7933995667107621,0.09722584983005672,-0.27333446974456127
0.7767691489098754,-0.05543073318766356,-0.23447125873046729
0.7481488323597654,0.21658189327623756,0.24505629920303212
0.7859930153983481,0.22054613309326615,0.3570250305993206
0.7764844265670618,0.26632534081298737,0.2266034740619433
0.7967081545776447,0.07740010469583061,-0.2965777353533874
0.7774521588711214,0.31153260113032694,-0.14411988764837746
0.8036698064153973,-0.0573050337128454,0.05607136374674904
0.8097435044852592,-0.11185572033523367,-0.2514145958299251
0.802733306921287,-0.034112457444609695,-0.0200946444755028
0.8094847098916222,0.22765683711701978,-0.15327429539430776
0.7721224706692345,0.24109529653600847,0.12419905518735225
0.8097435044852592,-0.11185572033523367,-0.2514145958299251
0.8036698064153973,-0.0573050337128454,0.05607136374674904
0.862534316986411,-0.04499975425271188,-0.08922540552864228
0.8629467976286491,-0.0017167677410173388,-0.002625794339432108
0.7786215183836394,0.26288161873106985,0.31472809000181795
0.7620610650429043,0.2085683748322833,-0.15475924726559298
0.9152604151968842,-0.39326385133117675,0.09451306032329565
0.7670027850016166,0.01091229859548537,-0.14553841556923416
0.8172228127456655,-0.09035088097081956,-0.2597674780103262
0.8298237631467358,-0.10463505278416849,0.13719444725837976
0.8172228127456655,-0.09035088097081956,-0.2597674780103262
0.8050036791538371,-0.025204905474126765,-0.16168194844387485
0.7866738394830477,0.1455591281256951,-0.13759729149514127
0.7328186293732761,0.38694766304641587,0.18839440122658752
0.7866738394830477,0.1455591281256951,-0.13759729149514127
0.7328186293732761,0.38694766304641587,0.18839440122658752
0.9202818322686941,-0.10319374403692727,-0.4085194596497229
0.7745433799952124,0.17147160757111457,-0.009254634379352755
0.8249285605156695,0.1633137644240416,-0.04823684336135842
0.8249285605156695,0.1633137644240416,-0.04823684336135842
0.7901460119110109,0.20295300633957225,-0.031725682529961496
0.7901460119110109,0.20295300633957225,-0.031725682529961496
0.799890416507337,-0.19296652291569386,-0.016873089008439257
0.7830099020351422,0.05726548681570434,-0.12390736081908105
0.7867382343890326,0.2898369180912332,-0.23671593126378027
0.7695587203195584,0.14894450763179867,-0.09385529483452071
0.7220304636975652,0.293686463694071,0.023615036434745496
0.7726130234655324,0.3460627172956107,0.19124970710785488
0.805097959738786,0.007901405204437134,0.2311158902917682
0.8079759465885192,0.22675417477376736,0.159175047755359
0.7815745028465297,0.29087665107672206,0.262386506021896
0.7220304636975652,0.293686463694071,0.023615036434745496
0.7641960488747677,0.2597211525737199,0.12094218072914992
0.7841201164146279,0.18065590232280948,-0.36460808342573553
0.7914062411091545,-0.019869493181052855,-0.003745669647358285
0.7595494807927103,0.09556787202314962,0.08606473708683188
0.8001733418365153,0.2528986170749015,-0.02871307960221753
0.8169325004446828,-0.0499136086041089,0.07022005672674264
0.7595494807927103,0.09556787202314962,0.08606473708683188
0.8001733418365153,0.2528986170749015,-0.02871307960221753
0.7914062411091545,-0.019869493181052855,-0.003745669647358285
0.7839582499716586,0.11882552112834668,0.007621290781257561
0.751385488501632,0.18131401367855243,0.15608646121213504
0.7977552371449961,-0.020291398721736964,0.10208587009081244
0.8221452970554826,-0.23444542359937018,-0.15565172266445884
0.7839582499716586,0.11882552112834668,0.007621290781257561
0.7507289664566699,0.33937644584526117,0.19548461666912903
0.8491957973348561,0.03939621561676368,-0.31636905200589727
0.8360221192002244,-0.06213559259371046,-0.2226987447875018
0.7813052657616324,-0.0490936702866232,-0.030639913494925952
0.8360221192002244,-0.06213559259371046,-0.2226987447875018
0.8491957973348561,0.03939621561676368,-0.31636905200589727
0.7478936715963922,0.2169921955955093,0.08657769687279321
0.7478936715963922,0.2169921955955093,0.08657769687279321
0.8576418150016667,-0.156617932972151,0.12513596678517586
0.7167846602707746,0.4693572736842721,0.11211102403870904
0.7762704868913239,0.2373795206217435,-0.2871325781936583
0.763189211131694,0.3549366304253113,0.25056953020739176
0.7378596485338815,0.35928559087717893,0.3120139746661101
0.8038927950691444,-0.02308344783998209,0.2859861235646248
0.8172633267406093,-0.05384374175354484,0.24074393018440338
0.7382590341002762,0.330465503319286,0.22193579587563578
0.7843566486511686,0.1881184814429842,0.307272817548408
0.816931011682789,0.22039588011404432,0.33685672653528903
0.7288763512896312,0.39645901196476624,0.21693183296626822
0.7480673333486849,0.30531333370984837,0.2246464794812914
0.7480673333486849,0.30531333370984837,0.2246464794812914
0.7480673333486849,0.30531333370984837,0.2246464794812914
0.7288763512896312,0.39645901196476624,0.21693183296626822
0.7565749061578342,0.24613897848954747,0.17671817791098615
0.7571882762286102,0.3350215434322187,0.30588413985829305
0.7711083950928943,0.3000838577762493,0.0015554116284421937
0.7805768229030985,0.0034703600012373215,0.03586373261193504
0.7816634087096559,0.1729050820355283,0.13778401910567245
0.7692895696483082,0.11270366889365821,0.16230844607433975
0.777840465551314,0.2794149707728567,-0.051048213896921546
0.830610025052809,-0.05311495939627847,-0.14466380595451198
0.7721700245505112,0.15898844722306799,0.10419664100733361
0.8039655458278565,-0.0686040757132331,-0.1494576586648561
0.8245219285714236,-0.05480319811670392,-0.2198022031287539
0.7546879135313398,0.15406008887922934,0.1754950975444271
0.7721700245505112,0.15898844722306799,0.10419664100733361
0.7671807087139975,0.14521233199724998,0.08408449538950064
0.7632237325265707,0.264140611197871,0.2788829310522742
0.78603277124636,-0.20418162225534545,-0.038415323307458116
0.738457768351235,0.28709278243763064,0.1418039135216665
0.81570198566534,0.013403913838841708,-0.2235264281331971
0.8138142111450695,0.07705251948996608,0.2203988764373372
0.8138142111450695,0.07705251948996608,0.2203988764373372
0.7864108723837961,0.21677487332678563,0.31166036802756164
0.802441020019961,0.07144993214653622,-0.06743450086875458
0.7697828280576273,0.2837695750988346,0.22806859184540634
0.7798580024054009,-0.1145862841860193,-0.13896009144366256
0.7798580024054009,-0.1145862841860193,-0.13896009144366256
0.7847310072820182,-0.2417408749992552,-0.00842424844501033
0.7225133804381725,0.2954498465813615,0.08370867690627037
0.8359514645079296,-0.049827768771254305,0.21615799961698517
0.8260510769638203,0.030414651664611964,0.08905736691820171
0.8608226503606129,-0.07077966154739146,-0.049415521197353596
0.742051579778428,0.37723114878218517,0.003524419227936504
0.8260510769638203,0.030414651664611964,0.08905736691820171
0.8359514645079296,-0.049827768771254305,0.21615799961698517
0.8015930429162108,0.21942322474277198,-0.1286717580674419
0.7548393762174959,0.2661545547881831,0.2594512734617526
0.7723274544678962,-0.1100510699668677,-0.13674953466002926
0.776073577320777,-0.08061523444369167,-0.06795022623327851
0.7585525093616217,0.11796782755228352,0.19637206084030095
0.776073577320777,-0.08061523444369167,-0.06795022623327851
0.7715208905180762,-0.10801404309333962,-0.14253644998644271
0.7544457349562397,0.01065949169906849,-0.10971121534745537
0.7715208905180762,-0.10801404309333962,-0.14253644998644271
0.7912876822465169,-0.25181742199545165,0.1416767275081054
0.8126606568329866,0.02796503062122002,-0.0794926806982067
0.7786680242659141,0.5234686253372103,-0.216981578703601
0.7786680242659141,0.5234686253372103,-0.216981578703601
0.8187244105877454,-0.04607881500814523,0.04439929051966335
0.7484658124571113,0.5247249989856433,-0.230377953878903
0.7689759343346754,0.3087476187903197,0.06138937687934243
0.7835333829383297,0.10285735723012993,0.2675766074006209
0.7575186740586144,0.2843045279491736,0.2302591391835383
0.7120688357538776,0.5097849984999598,0.057784250838096796
0.7765595664180382,-0.0029388479782446464,-0.03690888102487677
0.7120688357538776,0.5097849984999598,0.057784250838096796
0.7575186740586144,0.2843045279491736,0.2302591391835383
0.7593834618814161,0.28491813621801354,0.23085724163140736
0.7600410508336588,0.29579223510855096,0.24148177833596512
0.8079819193803062,-0.012298256490740692,0.07964129756033955
0.7228415682927112,0.40288646772993403,0.2221661709330765
0.7660493289996309,0.07522072153911866,0.12992571289147808
0.8413856389227548,-0.023075143796196115,-0.1798056800762491
0.8206114477938229,0.04565606138573719,-0.12647170715302308
0.7850398274961305,0.213127774578526,-0.0004616740210405257
0.7860092347415264,0.13488436620051847,0.28602028043558386
0.7519487553705124,0.38222588284404463,0.2221890143553104
0.5975614743520277,0.43252299643452335,0.17853154002435495
0.5975614743520277,0.43252299643452335,0.17853154002435495
0.8107282254145525,0.046827761235991944,-0.21973960990836724
0.7964959665676643,0.17419728981837757,0.30848254103928724
0.7964959665676643,0.17419728981837757,0.30848254103928724
0.7952737647057677,0.06813077157021022,-0.1760117417453534
0.7523664172503737,0.29999572259793245,0.10758311557490208
0.7902402581217871,0.1751624922689649,0.013643818828487475
0.8552933850617137,0.0008201579852537833,-0.053390982500441386
0.7276175340366831,0.38588931991073633,0.006990643126311202
0.7828247251602007,0.24477915431449299,-0.33315018644817485
0.7466574135477075,0.05027754164840975,-0.03613608668206508
0.7902402581217871,0.1751624922689649,0.013643818828487475
0.7800656812246451,0.31720785164476134,-0.048181033229234005
0.7795238603388068,0.2501284727724512,-0.007047591437196299
0.8770953758319155,-0.12478519426057355,-0.18249227356399117
0.7936755294789595,0.0927498168785634,-0.0563916163991543
0.8201729275755856,-0.060507140151094374,0.029740140373251844
0.790998832943905,0.10444041216721725,0.2884881131369828
0.7061154866196266,0.4192090813225235,0.16177782198741703
0.8383796530091414,-0.11924638384312394,-0.2321167418714045
0.751623728197794,0.3572913435981182,0.23092251026943428
0.8132460095304501,0.10997608559773273,0.062394636670087766
0.8849872230238209,-0.014793656660780918,-0.3122127563009898
0.7824113253204152,0.05939473799082037,-0.08309840394726026
0.8132460095304501,0.10997608559773273,0.062394636670087766
0.80824013145786,0.07709525337236967,0.2716066558008026
0.7053418612003972,0.3701440419693422,-0.05368402734955918
0.7472348531473252,0.2496970173250478,-0.09221900963635782
0.8120557007440514,0.1095675707955005,-0.10034751918475793
0.7900515194084297,0.027488753359809465,-0.18164576717571232
0.8189042191184821,0.08704741041732092,0.12977491116787604
0.8191945086563464,0.0746205759322063,0.12654973256775565
0.7900515194084297,0.027488753359809465,-0.18164576717571232
0.8554469253106076,-0.20559451544526017,0.17627607324301703
0.7529712734438507,0.43910415160718036,-0.34411667392312234
0.7455037998419649,0.43100769550757984,0.1656312378981561
0.7959909181217455,-0.1423769829660009,0.06926273097046076
0.7959909181217455,-0.1423769829660009,0.06926273097046076
0.7730970172561054,0.29446764540471904,0.25583079729905706
0.7737127767100922,-0.21249686159111267,-0.01707198497135415
0.7911355512639311,0.1709860172455246,0.3215369562316866
0.7730970172561054,0.29446764540471904,0.25583079729905706
0.815411482150393,-0.08077251511744674,0.3492887630666816
0.7418539689850361,0.4333448356856174,0.3532562587031091
0.7709103657821168,0.1933040783899443,0.08448243309706488
0.7675004409479402,0.20160005349472676,0.26138028714537004
0.7947901432784259,0.2938150357015807,-0.056595184009068655
0.8053210432375779,0.05847195288585366,-0.02673392537954178
0.7459549275055506,0.45649092234823213,-0.026051456044619725
0.7757846828479962,0.15158792691959838,0.43111495602841204
0.7757846828479962,0.15158792691959838,0.43111495602841204
0.8072498510407973,0.013756165049869679,-0.05925984724418876
0.7542501275166498,0.21417888683685699,0.27923861120108334
0.8248631835703546,-0.23422205162961382,-0.09071616965735435
0.7619738798810953,-0.044406387497935296,-0.030008944036025553
0.8067850687946447,0.062200091788330025,0.026547245924178398
0.8248631835703546,-0.23422205162961382,-0.09071616965735435
0.7849859631252751,0.04395969132656305,0.1891047788654882
0.7723934338701732,0.17659363250646493,0.2479171840179954
0.8063479436058127,-0.0007809450595460954,0.10185717989454973
0.8063479436058127,-0.0007809450595460954,0.10185717989454973
0.5664550174498939,0.25781613612002435,0.3106232322344182
0.7486441655478313,0.2375163419336036,0.24945740152115342
0.561518230434316,0.25211246737278586,0.3105233516876548
0.7678812731479243,-0.04206719306049739,-0.03263086734643078
0.7709596892085011,0.209731509254165,0.11764074220206094
0.7678812731479243,-0.04206719306049739,-0.03263086734643078
0.7473613108861024,-0.05062354135930214,-0.1180591725585372
0.7868113615925634,0.22060809648429297,0.18981824194040736
0.7240095963296376,0.22583656551024278,0.08719175457283362
0.8007785621853751,-0.027091378620899498,0.4420477674744054
0.8007785621853751,-0.027091378620899498,0.4420477674744054
0.6939050562540012,0.3078299997573132,0.4894292065016725
0.7628044775501015,0.20311726398605973,0.059465303205089914
0.7801009548639615,0.26217955592190473,-0.11782975091190123
0.7751402756243331,0.2809024335499942,0.23110061961243294
0.8120255796270888,0.12356353072670145,-0.12227625684883436
0.8019840238859863,-0.05319137408798427,0.11411755227780868
0.8120255796270888,0.12356353072670145,-0.12227625684883436
0.8091764361086176,-0.11148169727537582,-0.002044169680646246
0.7377143017622707,0.4038692592225081,0.2452435774676836
0.8091764361086176,-0.11148169727537582,-0.002044169680646246
0.7290222888072724,0.32198088543407594,0.16905551717415673
0.7536597914256948,0.32335991516804,-0.02988899891065394
0.7501674194641297,0.2608890417718448,-0.1671324267563567
0.7536597914256948,0.32335991516804,-0.02988899891065394
0.7487895812601089,0.35920290122905907,0.03868190780195019
0.7432966091487967,0.3529188487983177,-0.189006269635805
0.7170009452089123,0.3380448435458204,0.12443033942180842
0.7607619896759852,0.28142206232081424,0.24420258224036512
0.8692259858740898,-0.13716071182186063,-0.15781625979920152
0.8223972875521015,-0.021555913973928836,0.25838684729025047
0.8039513265630012,0.05348517070494185,-0.02176683258230344
0.7443723297701828,0.4188570436426364,-0.14500395611661848
0.7384021878312066,0.20508207622083613,0.059855467517855865
0.7757126817134528,-0.05859623083064358,0.18740872269351366
0.650369050473063,0.6062296592747383,-0.1367553765303609
0.8037822994982804,0.20256182752054602,-0.11670654725039842
0.8037822994982804,0.20256182752054602,-0.11670654725039842
0.8037822994982804,0.20256182752054602,-0.11670654725039842
0.712780084823015,0.5018300021134079,-0.046985514136842654
0.7621603342516541,0.44346497764028897,-0.34783109699081305
0.7211677871610065,0.5829278808580343,0.23197513300689948
0.7468041778001069,0.38716288560071005,-0.16012834071686793
0.7202272019137168,0.43388137240485175,-0.19345408843295714
0.7946440447290437,0.09356796485582988,0.24669037442881708
0.8245710471477563,0.1453011066428549,-0.4016653938240983
0.7157494874975665,0.2777520247118628,0.23825126811587588
0.6863859886097423,0.5777518740190615,-0.092972615889782
0.7763705327254657,0.2939503016652496,-0.24382830583807308
0.8078964744313424,-0.1557770184961744,0.08825628475238634
0.8046090644205814,-0.030058313735761705,0.20717754345775735
0.8318873854648596,0.022223558208447652,0.05221889431207599
0.6606800162983582,-0.0080257907682873,-0.18280426920450554
0.7243245473202968,0.5526886532453625,0.11478439655534983
0.7921485152836714,0.21107453153405142,0.03928064714725199
0.753362675084263,0.30515441946288885,0.19560031094503655
0.7279066382109742,0.2696564383264988,0.06244815320721597
0.8322533913186858,0.09617926767307855,0.21980278664903724
0.8322533913186858,0.09617926767307855,0.21980278664903724
0.7720206821889353,-0.2122585651023716,-0.03644465713468059
0.7920787224415298,-0.091429428944727,0.014191799705595864
0.7706301677088465,-0.050649640730489665,-0.023983561601033876
0.765942860757274,0.10442450488611674,0.0921057620249558
0.7475386939107316,0.2895780065791473,-0.07086418692136848
0.7909418488837126,0.05837493070724126,-0.06566152255863839
0.7600837875427717,-0.003324326598754479,-0.13321559976830605
0.7771024928556061,0.06020544321702334,0.045321117965110624
0.817672219203343,0.02141897607266227,-0.004389561844084289
0.7822780165056822,0.21946800497388863,0.2961135476649895
0.7687696573335672,0.23321766105329528,0.03605518028285504
0.7731689785864195,0.22639903274882084,0.19946388521716857
0.748588315054457,0.425524974491233,0.17727385234008947
0.7301008083849363,0.38533817956286603,-0.14127822364467416
0.8004793210377701,-0.06556504183328263,-0.036721678155178905
0.7853939249065669,0.11592734064533086,0.1490067638182861
0.7865190393236658,0.22451216954739234,-0.20493976005905062
0.8004793210377701,-0.06556504183328263,-0.036721678155178905
0.7107338786045425,0.2644337364375128,0.23676495619635624
0.6878576142397781,0.5146161226340922,-0.08472245293010933
0.7815151760619947,0.11475459720092118,0.0055245807063295516
0.8095114999681978,-0.022771443995011603,0.1383435125063444
0.786975138251655,0.14090260268918725,0.38018225152076807
0.7859280485039684,0.06313937246997725,0.12239391000289418
0.7335521929510416,0.31581801781497304,0.24973299232371432
0.8544189959711712,-0.051743800390306405,-0.07475538503476586
0.8544189959711712,-0.051743800390306405,-0.07475538503476586
0.8313277136380093,-0.15433587595509854,0.1442967556966474
0.8154412602064953,-0.09943037286671536,0.15831543125246955
0.7472993942067523,0.34779232084773837,0.19477640638308763
0.7063377953141312,0.3093091897378129,0.00840149070141405
0.7754977574820168,0.23406323102788362,0.0010605315663360093
0.7911512021386102,0.05737192540513983,0.1514660083954636
0.787646586155125,0.16535410152532293,-0.13650321638148977
0.7964372310458026,0.23683908512646168,0.1865820400292985
0.7800354296490404,-0.05027274547587346,-0.020705416858916637
0.7800354296490404,-0.05027274547587346,-0.020705416858916637
0.7914996561033489,0.24053292054963848,-0.2190563484713531
0.8332122011501719,0.08888319569776182,-0.43953430289918755
0.760308470179665,0.49307302523551805,-0.036519895835511296
0.7945051160251453,0.24875938461465608,-0.4490744691820971
0.7680823359085005,0.1255079153366016,0.09331556435475241
0.7680823359085005,0.1255079153366016,0.09331556435475241
0.7712016681605123,0.14530875005577765,0.07400617484786776
0.8172436754429817,0.01255807111609561,0.1518108257110526
0.7911251663300505,-0.07722265376182971,-0.20454120630022715
0.7574822895951423,0.06380539734008542,-0.17353659888213635
0.7239312727556932,0.31937796905101135,-0.038086372096787946
0.8299275012027727,0.23655054610045034,-0.2873890641205377
0.7239312727556932,0.31937796905101135,-0.038086372096787946
0.7574822895951423,0.06380539734008542,-0.17353659888213635
0.866483525973355,-0.11336249118703441,-0.27648099359757344
0.776379567651253,0.2545012595203781,0.1809884976472002
0.8501300103502216,0.12314431506220375,-0.35297464243605786
0.7310999203326953,0.4097528605359389,0.07402702755836782
0.8491496912522232,0.12390403587473503,-0.3566880043977764
0.7915476184227188,-0.021224879215347103,-0.07728645457947447
0.773530196416891,0.0019280115533802378,-0.13927471886916462
0.7723825661294323,-0.07805023330271332,0.022842160170852832
0.7749980414543967,0.07246078338957432,0.0008464706792433718
0.7204174934064971,0.12809431546887573,0.10252888586713316
0.7723825661294323,-0.07805023330271332,0.022842160170852832
0.7749980414543967,0.07246078338957432,0.0008464706792433718
0.735756183177769,0.28530637210408577,0.1418787871712774
0.7625358893532912,0.35825252733629026,0.2520714923546316
0.8458391226497619,-0.22603074567222717,0.022987721491114388
0.7528982405387061,0.2224281187190656,0.11848635183843209
0.7528982405387061,0.2224281187190656,0.11848635183843209
0.7528982405387061,0.2224281187190656,0.11848635183843209
0.8666582421078524,-0.1038987767541944,0.041444698165085836
0.7528982405387061,0.2224281187190656,0.11848635183843209
0.7472552122795417,0.3025455492556648,0.040036233296935175
0.7953236800265766,0.14416841457138824,-0.13921090673691566
0.771109922624962,-0.07062765782626465,-0.1682770322378802
0.7953236800265766,0.14416841457138824,-0.13921090673691566
0.7958116635884147,0.048849675466868886,0.2031491391317765
0.7784978209115325,0.03978542342351818,0.23937903818955503
0.7457922325119799,0.19095377047475803,0.13485260015537265
0.7867113698903092,-0.06222438613585157,0.017765272097125417
0.7229374646687077,0.27290208157850093,0.10382024599054623
0.7789163482056087,0.09452439539095209,0.07985754024168817
0.7572011135678525,0.1440938022906622,0.13923333827755996
0.8058984624211738,0.0990310230377727,0.2619935254420092
0.8058984624211738,0.0990310230377727,0.2619935254420092
0.7676481574106089,-0.059862968739037736,0.010760064095846067
0.7931507872176755,0.19754756518946232,0.23877496338874665
0.8505805975267942,-0.09766083256736965,0.39714367651365307
0.8091144726870496,-0.2344714615333731,0.0512075315867877
0.7758837329411703,-0.11626947895902237,-0.0793806186933565
0.8469722058698268,-0.12173571895520247,-0.021852466493697764
0.6832742324494658,0.6445066379916373,-0.20198211263007407
0.7927116675513679,-0.11321598868381394,-0.10376222209484787
0.7257121501605359,0.25711074594141736,0.05766488843019807
0.8109221858762814,0.040598644717273785,-0.21128148956308784
0.7927116675513679,-0.11321598868381394,-0.10376222209484787
0.7855860549249563,-0.17482276588776244,-0.011336705400535885
0.7565994108017222,0.4702540416018834,-0.17989626789769508
0.7134862753667011,0.05680241670131711,-0.1937698008335438
0.8109182447615821,-0.025341168261767966,-0.0460008501747482
0.7565994108017222,0.4702540416018834,-0.17989626789769508
0.8616552558675685,-0.1646245727831253,-0.27883375576759906
0.802879255751836,0.18262780513255722,-0.3640188483709365
0.7593697527883121,-0.07763526626364706,-0.09407780343144884
0.7874168263402317,-0.12924220628552321,0.10183662709223396
0.7400575410413446,0.29910939536604647,0.12738744987128964
0.8160198766064746,-0.16915212482296318,-0.08839238623769846
0.6966833371004884,-0.018579961052967192,-0.03165671697325634
0.8168135387276498,0.03586854918309926,-0.1789409864324643
0.784140176272528,0.0005229034488681006,-0.13921555261794397
0.8168135387276498,0.03586854918309926,-0.1789409864324643
0.7612161124891241,0.2007495776262827,-0.03456183289199921
0.7854579981440104,0.179138923770429,-0.13242397627784858
0.7854579981440104,0.179138923770429,-0.13242397627784858
0.7918245367073651,-0.05638070184447577,-0.1316821985924595
0.8423259917712504,-0.012950145225507442,-0.26249626710646
0.8350025475558038,-0.02729484495511436,-0.22875564976132368
0.827992717471312,0.0768227822557698,-0.18165241803904128
0.7620843840701426,0.19522730744643502,-0.32193481650155714
0.7595635117952366,-0.09029153748994254,-0.08562641590354664
0.7746495376360838,0.11601811651611951,-0.020258271669534755
0.7980019982895257,0.21458508741508237,-0.15561539062257557
0.7980019982895257,0.21458508741508237,-0.15561539062257557
0.8485246221300804,-0.18164225621049193,0.15404305522860146
0.8458909846471621,0.1503210991869603,-0.4962094663403389
0.79441584002731,-0.1297102433317006,0.08925588258257688
0.8652932446825328,-0.16195558297430324,-0.28192171718667647
0.7534938740580304,0.260478430940106,0.04248889669335881
0.7898315502427371,0.09924055097228021,-0.10901417919318707
0.7898315502427371,0.09924055097228021,-0.10901417919318707
0.7957263624525037,0.14218044346474035,0.27149920765804775
0.7766453058671261,-0.020493118128081078,-0.06959725305347209
0.667603701062288,0.7477326365199564,-0.03434509879355507
0.6916207015110205,0.6686354458771417,-0.2987158894756152
0.7252551074688312,0.29433749414098437,-0.06609551017108378
0.7511595885202109,0.211427206608154,-0.30365821365850365
0.7645294757827459,-0.06891715576574206,-0.08730136973245406
0.7659896013669103,0.2087221967539521,-0.027819897279894312
0.793946140786085,-0.069989249700463,-0.01103862896773583
0.7849297132696205,0.13846151856150257,-0.0808271067873132
0.8260824663592468,0.025756141823882694,-0.1322891510506199
0.793946140786085,-0.069989249700463,-0.01103862896773583
0.7474091933817433,0.2674197347115744,0.2884733841962072
0.7658075735019307,0.09702002452684047,-0.055225195620688505
0.7658075735019307,0.09702002452684047,-0.055225195620688505
0.8287352130174608,0.1378254999272317,-0.08639647580958632
0.8055476186693207,-0.01748764965209826,0.05686932305053283
0.7621973099064294,0.13086962888345866,-0.16303227552235458
0.8043318648307929,-0.06944038406217576,0.1948081283890794
0.6956770185797603,0.3780917381136715,0.04162170821444916
0.7518002499668621,0.3991839814495625,-0.12686877226796384
0.8221131997977091,-0.1379103527469348,-0.045819007774529796
0.8221131997977091,-0.1379103527469348,-0.045819007774529796
0.8241259301985633,0.13299855096388052,-0.21290840924619076
0.800319396562515,0.10395192034609499,-0.010908111184776303
0.7442580141228021,0.412518721913744,-0.1976917271549827
0.8485191331276298,-0.10437145789656717,-0.3049763862949362
0.800319396562515,0.10395192034609499,-0.010908111184776303
0.7663066262148881,-0.06828060360365495,-0.19650353388150146
0.7663066262148881,-0.06828060360365495,-0.19650353388150146
0.7474296560810154,0.3596706103551816,-0.08177712080654143
0.7371871370583345,0.44561199414293845,-0.23735563194656667
0.9318137762966456,0.033263141797100576,-0.6027524767660365
0.7858986825715593,0.4152653855273681,-0.34251871568258935
0.8266876771779157,0.23610871900555558,-0.22023060852895615
0.7902402571216294,0.16702327608569445,0.10874533575566997
0.7427479595239466,0.1167272518558515,-0.02331290224750071
0.7870530197816923,-0.11148128404724686,-0.11582023132125885
0.7758363377648729,-0.06644544702613372,-0.12439211392038818
0.8269344588828249,-0.12071489332534069,-0.003572733817786833
0.8050371727107963,0.08661603660090766,-0.32629050050204544
0.8269344588828249,-0.12071489332534069,-0.003572733817786833
0.7908319246242081,-0.10114663510056468,-0.1769701491825547
0.7758363377648729,-0.06644544702613372,-0.12439211392038818
0.7294700104382945,0.4442595045882655,-0.09133845404248686
0.8520326416028878,0.05374671282827995,-0.23021657800164047
0.7483604174494276,0.06474589756047738,-0.06161444803072774
0.7458402693129311,0.06333419918348099,-0.06253911310267318
0.769208291893372,-0.017079675476598416,-0.01580857234979194
0.7797356544283001,0.4931671817606624,-0.4657535879296609
0.7834041106353236,0.17670532052109483,0.2146655471011069
0.769208291893372,-0.017079675476598416,-0.01580857234979194
0.8599733689907585,-0.17090178214543714,0.2989716671219926
0.8259595656261243,-0.12498858710481231,0.02041864562585749
0.775814378036306,0.49620606501078773,-0.48060703577653535
0.7493279574406262,0.17737837195488804,0.050468873891778954
0.7456680911099509,0.1988768694169355,0.2477061401783957
0.7595011983466495,0.15826782283152502,-0.0797590679599422
0.7595011983466495,0.15826782283152502,-0.0797590679599422
0.7595011983466495,0.15826782283152502,-0.0797590679599422
0.7595011983466495,0.15826782283152502,-0.0797590679599422
0.780018237594996,-0.05227069374589885,-0.21019651017458044
0.76627862790189,-0.0132409991328922,-0.029160668722880367
0.76627862790189,-0.0132409991328922,-0.029160668722880367
0.8227556784482692,-0.1438529982103869,-0.14395922167273728
0.7622352395563887,0.0029775017766615064,0.06812773504902436
0.8367516988970793,-0.13946616261240186,-0.03829009203369865
0.8514525630591718,0.004267959747732725,-0.2574192886942405
0.754063929062496,0.39178165470874865,-0.13074255544519126
0.7644462273530095,0.01927783949116288,-0.2735715539298529
0.7644462273530095,0.01927783949116288,-0.2735715539298529
0.7644462273530095,0.01927783949116288,-0.2735715539298529
0.7812853151839512,0.1270234702934399,-0.09161684663196207
0.7812853151839512,0.1270234702934399,-0.09161684663196207
0.7812853151839512,0.1270234702934399,-0.09161684663196207
0.790893369716039,0.09946536828723015,-0.09238089880128525
0.7812853151839512,0.1270234702934399,-0.09161684663196207
0.8270256583958022,-0.05238324670581343,0.2329709920083492
0.7768717966385366,0.052821481195952535,0.04037520821411095
0.7897857426706689,0.21889642204492588,-0.30638501903629445
0.8116788100936496,-0.03579470234963811,-0.22333042677703366
0.8116788100936496,-0.03579470234963811,-0.22333042677703366
0.7845916927397205,0.11109016137061947,-0.23786072824400833
0.8034717509509675,-0.061612418914440026,-0.06428634792591115
0.7477108259230598,0.3188966761810618,-0.12272542021033533
0.8080167421145079,-0.016645135670974448,-0.1884292566108327
0.8080167421145079,-0.016645135670974448,-0.1884292566108327
0.7989321747056488,0.013301071269379877,-0.20307501099389963
0.7396436769744588,0.0589327137847791,-0.17484304427407302
0.7433490258966937,0.061147759385852096,-0.1781649166970018
0.7772565161286484,0.14711492754628303,-0.10089963526299323
0.7984137727491873,-0.1511397364631123,-0.13010063028571434
0.8183537652739337,-0.04472423217588242,0.28194404141804535
0.8120712065865803,0.014523303798072318,0.014414506358899404
0.8446926095371068,-0.05705114720654286,-0.16106744895834277
0.8183537652739337,-0.04472423217588242,0.28194404141804535
0.8257506282596321,-0.13068122228226187,-0.2237542261738534
0.7851901308441123,0.2784661372937553,-0.14375965889248238
0.8046721642056136,-0.11740678306727675,-0.07034889751730156
0.8035916399795628,-0.03237891483169483,-0.17603735298391873
0.7853341381155701,0.011153817742715372,0.048183417909334114
0.7962333152672296,-0.026676726672104883,-0.012121792427500389
0.7835309760539089,0.06931258857471881,-0.34862837330672014
0.8645712589042811,-0.19221754425675677,0.1030860624158888
0.7946027460979164,0.2300247803363551,0.10895446614419618
0.8645712589042811,-0.19221754425675677,0.1030860624158888
0.7963967596074559,-0.14546847904475066,-0.11823303992604739
0.8463150521038976,-0.10426308144799157,-0.44411062595474704
0.7566683653527604,-0.05606803514869177,-0.11514228333284149
0.8060112791957028,0.012444303059674672,-0.10822833337069437
0.7511308839805713,0.31701716502635674,-0.22526669761922197
0.7745426182676756,0.037270573188387335,-0.03827534768092705
0.7896814783413693,0.148699598295512,-0.09019352555975885
0.7896814783413693,0.148699598295512,-0.09019352555975885
0.8182654915208292,-0.0093362650927159,-0.27160409541478436
0.7712387966201393,-0.06903363164858059,-0.11376128793272133
0.7712387966201393,-0.06903363164858059,-0.11376128793272133
0.7857218191309425,-0.09452922120159679,-0.15347973204669635
0.8001993299463261,-0.1580042092159413,-0.10645202745297189
0.8175803827564849,-0.047467425508577854,-0.17302496969845396
0.8175803827564849,-0.047467425508577854,-0.17302496969845396
0.8078531438640033,-0.0242236261421315,-0.13880296201411346
0.7268012710720693,-0.06305414850885543,-0.12462492418553517
0.742195255226844,0.4420568338227004,-0.23624056115326017
0.8128713765055182,0.08241947235278449,-0.12519658611990642
0.778389629609447,0.03671239990194852,-0.16610804622458247
0.7803233243352623,-0.015880072579929738,-0.09041302516475591
0.7779637155257142,-0.1233569159294691,-0.19526874403484634
0.848374604157893,-0.04452490245923715,-0.019483620829058357
0.8570647108862512,-0.10167146984293493,-0.10505748560477846
0.7598633510028083,-0.05615741518565506,-0.12423991549405045
0.8065360466193301,0.12951253371472982,-0.05361024835634437
0.8096723864982414,0.19226687659020686,-0.13423362424463026
0.7622787664823603,-0.09378123677018677,-0.1139479774199646
0.7622787664823603,-0.09378123677018677,-0.1139479774199646
0.7734739367645349,0.23516791999301473,0.0521049134702804
0.7698307964337985,0.16459269984033525,0.26004869486839494
0.8125679483500301,0.022705434240780697,0.03540050476414364
0.7470169989303939,0.25356071733275287,0.16460845684934283
0.7850196325480627,0.07685393588476394,0.15859505626258258
0.7811733294474266,0.17948206928559257,-0.19893163003752656
0.7375965159161222,0.35479189685221335,0.21255781609243124
0.7811733294474266,0.17948206928559257,-0.19893163003752656
0.8049877402231307,0.35362524219623565,-0.26812849221155305
0.7950299040711475,0.1280645770289548,-0.09166135273770387
0.7850196325480627,0.07685393588476394,0.15859505626258258
0.7996511624688987,-0.08715946732367313,0.0959654477990039
0.8386795046030715,-0.19917475175922197,0.18565803976332057
0.8366525218412648,-0.042562235836912654,-0.3009821513486437
0.8386795046030715,-0.19917475175922197,0.18565803976332057
0.7418066209789598,0.33873346513134145,0.12334912637530365
0.7814817150179241,0.0002485993600338243,-0.12211325352581615
0.7499607921007672,-0.06533452769902956,-0.1328377383559819
0.7814817150179241,0.0002485993600338243,-0.12211325352581615
0.7807809540153012,-0.09724226754523119,-0.11872975539464448
0.7836050394874581,0.20413179636960083,-0.09774655733234683
0.8217904811254522,0.028870016686331684,-0.31808350351890713
0.7859929213891641,-0.051826112571719984,0.11923618828228005
0.7859929213891641,-0.051826112571719984,0.11923618828228005
0.7514106641071132,0.20698369417752704,0.07452776027060642
0.7743549474922482,0.1169328086688026,-0.05589429197070572
0.8025304534484918,0.073245118045179,-0.15523158280492894
0.7508000216206365,0.09603814209171968,0.022474611805656908
0.7720305082432808,0.04106516420082121,-0.11951513146486015
0.7475758476475305,0.013601931022830721,0.02297281254659006
0.7696290870359364,0.3182383259613844,-0.1691305105202759
0.7629324822914973,0.15763818425030285,-0.018470892268325767
0.8881370119783425,-0.40041409481048235,0.2639377577570729
0.8881370119783425,-0.40041409481048235,0.2639377577570729
0.818973232036474,-0.344458720930216,0.12472024919087893
0.8281180900870144,0.12443473390942228,-0.2662272043556812
0.8084076009049015,0.052280739409222815,-0.2361693387304528
0.7721501596120444,0.14057720875230345,-0.09136213106176422
0.7364823420853317,0.2718452687405476,0.1369175689842171
0.7865923484204944,-0.08468068138109397,-0.017795211649765885
0.8326880300972732,-0.04954722938411746,-0.21147160911471796
0.7575441982160787,0.27038034169855374,-0.20295084409298983
0.7719770136516937,0.14386293875008904,-0.09091392738425369
0.7864192024601435,-0.08139495138330538,-0.01734700797225497
0.8326880300972732,-0.04954722938411746,-0.21147160911471796
0.8313803933170041,-0.05918126280487157,-0.22966656417946657
0.8133288961592113,-0.061652862216969084,-0.21228584960330088
0.7298252981001943,0.3286682873287986,0.22582569878094189
0.7364823420853317,0.2718452687405476,0.1369175689842171
0.7839356483742719,0.15477487451673116,0.1944600823855313
0.7456537281565261,0.34623238150397984,-0.03834607223213454
0.7885592185029582,-0.1687377473888603,-0.12085841299337202
0.8489232387987171,-0.04322265041010945,0.3400220866526535
0.8203984717869164,0.22172737468214382,-0.24975185623740323
0.6994216479768323,0.2137797294185309,-0.1678097275061866
0.7885592185029582,-0.1687377473888603,-0.12085841299337202
0.7824743567847003,0.039424064704075806,-0.028529186523345795
0.734757458845519,0.34519388069855445,0.17428690702069188
0.7727904507985728,0.049889676395553445,-0.08865518838391095
0.856527820037418,-0.03718342107818856,-0.4420663546342151
0.7903829779435736,0.12042050615558267,-0.13504288502464395
0.7787370756392549,0.16145599234509828,-0.12757066454850735
0.7963643457136691,-0.025309268791237474,-0.22061678556488468
0.7963643457136691,-0.025309268791237474,-0.22061678556488468
0.7734910368348449,0.04629978510270569,0.11084154912955885
0.8654368075149876,0.04304691605664904,-0.4130031393607106
0.7734910368348449,0.04629978510270569,0.11084154912955885
0.8635019412763729,-0.19306480225218994,-0.4109542741567747
0.8070574034472204,-0.08570922390799224,0.07009961336793868
0.7761819179999732,0.36693888953276665,-0.2589871777733006
0.7697926488780766,0.12371827725666551,0.09734487392656693
0.7531923742679583,0.19334924034194845,-0.26634754169397457
0.8762234253188474,-0.4293787233258488,0.1821381867596083
0.6891845147190341,0.6141872774037629,-0.11425096367899218
0.8762234253188474,-0.4293787233258488,0.1821381867596083
0.6890113687586834,0.6174730074015484,-0.11380276000148165
0.8817902496858949,-0.15319779983427248,-0.41394166942964433
0.8067992885126845,-0.037337504865014276,0.04909033531680068
0.8210914908044384,0.038650354090701305,-0.4778301954579271
0.8067992885126845,-0.037337504865014276,0.04909033531680068
0.825643402644324,-0.07752097241382132,-0.14477192880429368
0.7737647065028435,0.08393983354643747,-0.028837327699301196
0.8601714598818428,0.06532171907812953,-0.40122132642090186
0.8118719934237024,-0.02832957556457666,-0.19870610199352037
0.8054424984973401,0.053922496520624,-0.20065432755078771
0.8105117561292345,0.1288018424928946,-0.3033196796676334
0.7870631018935674,0.2589464001131743,-0.3911646031538032
0.7832843716641635,0.21660639444372187,-0.1587387575957363
0.7091295993445605,0.3840077541481646,0.030379750304558417
0.7870631018935674,0.2589464001131743,-0.3911646031538032
0.7790641047163511,0.3160183796902138,-0.33202559959759204
0.7490978871628469,-0.12153306163590916,-0.0848234934656405
0.7445306486604037,0.17791630018656446,-0.02475868826262989
0.7760896353451467,0.15851470506351517,-0.08239783176416515
0.7490978871628469,-0.12153306163590916,-0.0848234934656405
0.8052890019636023,0.25879263290189525,-0.1693959346113183
0.8363161304028763,0.17337148054019436,-0.23494373656954043
0.8052890019636023,0.25879263290189525,-0.1693959346113183
0.8126673468752268,-0.009713739355726503,-0.19332423911661195
0.8082581970235276,-0.1212494730196394,-0.08955890141188583
0.7900749104577038,-0.05635407302400844,-0.14418698372707384
0.7772093205464741,0.19262796993419673,-0.08521725009652809
0.7700296828628761,0.18359652435595802,0.0733339772496967
0.8608223900689229,-0.08622493866648359,-0.4989550957464016
0.8292366840931582,0.1763143605246934,-0.2018877299456022
0.7700296828628761,0.18359652435595802,0.0733339772496967
0.7814989456127002,0.03336048471770242,0.10379614559041189
0.738404643766694,0.15989621570818974,-0.0017277453394803355
0.7755817593558687,0.013763090306375514,-0.08799722368989521
0.8395547292117727,-0.045892513614944924,-0.22957881362211766
0.8268514958014885,0.1323716659485673,-0.225701677869229
0.731220764536135,0.19586655405634784,-0.1328696687904088
0.8510259777362292,-0.10546777914700936,-0.1532697527696925
0.8509394047560539,-0.10382491414811465,-0.15304565093093697
0.7731761539956012,0.044756355277058846,-0.13514860832657954
0.776218696876233,0.12839953380728575,-0.12383245068727938
0.7974307413155084,0.01892910284869473,-0.04627127352050869
0.8273090091113648,0.008584578670421172,-0.24645317557570967
0.776218696876233,0.12839953380728575,-0.12383245068727938
0.7980973403424223,-0.14057277893375014,-0.2818932664180723
0.7731761539956012,0.044756355277058846,-0.13514860832657954
0.7618678615759569,0.0445419122375251,-0.1452034555321266
0.7601972934540333,0.08552906207637995,-0.101526717357238
0.7826488462395085,-0.011716517521751249,-0.18642524275351002
0.7713031471448635,0.02964208990128614,-0.07965800401944068
0.7767608515169937,0.16642344716885488,-0.06587948888311046
0.7652484350698572,-0.010289600401699683,0.10866051901578833
0.79993557994261,0.070785192871969,-0.13662425158844838
0.7641479469679797,0.2577758644626386,-0.11485136141184704
0.830489411321103,0.04022411174612567,-0.3220176316027462
0.7830992607530849,0.04822340170850847,-0.021561261074489524
0.784257684779097,-0.17567314777702994,-0.08529246000431195
0.7517228645657015,0.36275158382728473,-0.03839005411063723
0.7879478787756786,0.029377128147433762,-0.09335268615190018
0.7847450396485531,0.13537341834145877,-0.2192418760789045
0.7743133927839219,0.14551125623272781,-0.22675598880951975
0.8024732439762821,0.24766341787482005,-0.2895201824205517
0.7941070247178408,-0.060267250313434245,-0.11489337311284131
0.7908403250883116,0.2254645101377331,-0.16772999474538725
0.7527836402492016,0.16993642772031875,0.1181566626023251
0.7931985821113481,0.17256191984880065,-0.16132210877320508
0.8226357604931129,-0.0005166911396784213,0.21340391381730311
0.7593634165521002,0.2210810174280402,0.24293433491071442
0.7826550908438821,0.09182775501167723,-0.0818609459526945
0.8014107814757971,0.03512074732809567,-0.20582023074711606
0.7617638666717443,0.33752090657676587,-0.30983179563838426
0.8092248344267372,-0.10248371986292329,0.21135094117464365
0.7254030275763512,0.3573723260817169,0.22146008347947704
0.8449129264915931,-0.0994261608197532,-0.2420395295808491
0.8416377704253608,-0.10512544670290008,-0.23970923454929857
0.7970899940242338,0.1988710543216794,-0.19687594831210256
0.8503942527807047,-0.10857820371988247,-0.22872005621157673
0.8329326994512307,0.17458272091623056,-0.22644431453341848
0.7806417950718767,0.20950758909631972,-0.019456721008534905
0.8495271600728602,0.005415445762222776,-0.3290637346932486
0.8329326994512307,0.17458272091623056,-0.22644431453341848
0.793467370305714,-0.1902055364979531,-0.07652893373271791
0.7531282963512973,-0.09355367874713363,-0.07604682121367362
0.7531282963512973,-0.09355367874713363,-0.07604682121367362
0.7531282963512973,-0.09355367874713363,-0.07604682121367362
0.8065340337838929,0.02617810356498773,-0.17830253067778612
0.8065340337838929,0.02617810356498773,-0.17830253067778612
0.8065340337838929,0.02617810356498773,-0.17830253067778612
0.7916900914561034,0.18909108193938806,-0.14448153285417836
0.7095527202534102,0.18875322353038482,0.09159267911011643
0.8065340337838929,0.02617810356498773,-0.17830253067778612
0.8001812859956461,-0.0961679637744288,-0.1795510403446968
0.7503870290383896,0.2929356072094342,-0.16442123772430417
0.7468619780915411,0.3621595736588579,0.02591514222694974
0.7569179179969363,0.21433686806682367,-0.10496382344056088
0.7783213014260073,-0.10866931787063505,-0.14568112445021242
0.7640731582940377,0.3659468503853884,-0.17732782531735647
0.7111797072945094,0.0420392388872701,0.0411769959201817
0.7610065549633591,0.26439348128309786,0.040738602442180694
0.7634620503121827,0.11342570413710659,0.1428431366846245
0.8042787936980498,0.260984347713577,-0.17553024537453682
0.8041897166120759,0.21462878906401794,-0.11763827168875196
0.7731967726398674,0.22241591148426643,-0.29691492123730895
0.7454182371142128,0.2841788469787005,0.01098642550530482
0.7731967726398674,0.22241591148426643,-0.29691492123730895
0.7802556458640579,0.30057614226394314,-0.33872424882437635
0.7449203634881503,-0.04769974874506008,-0.15212272907479477
0.7285270731125186,0.2994497934611036,0.14063386279313378
0.7480412611176304,0.21840579823856665,0.05564601073137637
0.7411190152611087,0.20564214623797605,0.05729528568387643
0.7836038099772984,0.21640078446545902,-0.21814801100243206
0.7344896640818204,0.34594303708948143,0.0003808219826332282
0.8049544938082589,-0.16794126089017633,-0.17090008921240238
0.7494307280394625,0.3135228261854692,-0.10007548286731388
0.7880048717613568,0.326486138181393,-0.3108144316727437
0.7783330970848037,0.1717514197543275,-0.11030802987176247
0.8158440766694401,-0.0032142555658203897,-0.1259662506296263
0.7831244147591057,0.09543722109662661,-0.2703163733511704
0.7722639941405565,0.22159104379882327,-0.18173027496023342
0.7783330970848037,0.1717514197543275,-0.11030802987176247
0.8050633496985418,0.05990203558725549,-0.3133917831223827
0.735650359281645,0.16925396692844524,-0.012338938388226306
-0.2547326939458662,-0.09243688137667033,-0.06622045861776504
-0.22089611218138558,-0.07257650088032824,0.05308213980180593
-0.27265672117194284,-0.15357356369858846,0.03798446026181762
-0.27265672117194284,-0.15357356369858846,0.03798446026181762
-0.22089611218138558,-0.07257650088032824,0.05308213980180593
-0.25181623983722445,-0.12017053429230146,-0.05506296508486491
-0.2547326939458662,-0.09243688137667033,-0.06622045861776504
-0.2642034996950636,0.04054804964690148,0.0780157871533621
-0.26995537783767926,0.20055352231830592,0.037611017910747446
-0.2258233030868291,-0.17463392438413644,0.027384993333700647
-0.249302400654974,0.05459205942349182,-0.029178233519000285
-0.3100948547986983,0.3603639828133402,-0.017015965435020652
-0.30691436460232474,0.24603137128217079,0.0760853390669114
-0.2391484000136528,-0.020655986128098353,-0.16254959750335382
-0.28711763216182623,0.5424353660437748,0.041588682813223865
-0.3056547966936728,0.11831062139871584,0.04540950847640757
-0.2283515161252666,-0.20408752678453007,-0.14339066703568878
-0.28711763216182623,0.5424353660437748,0.041588682813223865
-0.30446288807418764,0.21143922040543356,0.05547252349906151
-0.2735237421325642,0.1695102609013161,0.09345776789335614
-0.2214619061056802,-0.2072175030883179,-0.12546448357082401
-0.24389647702715517,-0.08002338154326509,-0.058272514065390024
-0.29486270581197105,-0.12303947410769914,0.01527034105681685
-0.2673223971621999,-0.007204950863047829,-0.09838821102872547
-0.22941777614016337,-0.07062981813875416,-0.009922041746702248
-0.2974287441030167,0.18180116138071528,0.042148111737374094
-0.30107325425431875,0.34366108561451064,0.1355320878379654
-0.21555407346473285,-0.1926059348641152,0.13102907125227198
-0.21801256429441937,0.04254216535373545,-0.03305870514163828
-0.2740820262971451,0.10216608937140173,0.01438974976612889
-0.2579298664670218,-0.11788400439114163,-0.09201140983836992
-0.2536168603976,-0.1661546649124631,-0.19438837750666002
-0.299715620581282,0.2778304926206288,-0.06471924893303921
-0.2600847642084647,-0.09273068738441641,-0.1765442615439043
-0.3150380782405113,0.1681278263362454,-0.024532713784737203
-0.27960947561260957,-0.1389488039824655,0.032529838515340914
-0.27967391696360483,-0.1395205521887246,0.03345192076020059
-0.2546838033206508,-0.1461719392967514,0.026669127760911404
-0.27335187470551137,-0.08994484787819157,-0.034994066966602344
-0.27242527257412547,-0.08984112083400447,-0.03918815642624601
-0.29943860863566096,0.006135577780363277,0.1270739398049779
-0.25467285798224804,-0.21646438545082747,-0.27698774110322777
-0.26452918217719956,-0.15824363591210835,-0.1838321658160822
-0.2546838033206508,-0.1461719392967514,0.026669127760911404
-0.2452477152472496,-0.16464807284377672,-0.11868458460289183
-0.30987566937279015,0.18023709175241143,-0.04615272500730966
-0.28812467800314795,0.20810986723825114,0.0073100878901457556
-0.29617471546459434,0.23464780307411665,0.009150251426636169
-0.30208441125135294,0.1582761379437101,-0.07533390560875813
-0.2864142437138668,-0.1409672519358832,0.0937959550125454
-0.335181133973435,0.11597813692547157,0.005114826615319423
-0.28260547378059503,-0.22601325362157534,0.09269799474454538
-0.2426919442784593,-0.2652142710883215,-0.047081736053723955
-0.24766147996300353,0.02177872223529026,-0.04878822376660452
-0.2678306704835008,0.0035815183508733917,-0.05079592157129098
-0.2505565020279042,-0.24388479631603951,0.047641004988881075
-0.2426919442784593,-0.2652142710883215,-0.047081736053723955
-0.290561529692555,0.02063857184142781,-0.15296541323340418
-0.24766147996300353,0.02177872223529026,-0.04878822376660452
-0.2778240852016541,0.019096820990575997,0.007685275704495009
-0.23572191290960132,-0.16029773722342686,-0.21735354178076544
-0.3242642365606001,0.39813482891926927,0.03137269144878296
-0.3009878136545998,-0.08324263952038782,-0.14981179366908143
-0.27099224001741773,0.20861652141833448,0.1294992758166555
-0.22290469653484285,-0.23438869749197583,-0.03066749364015292
-0.3026874945852883,-0.2760644760667206,0.045801768104922536
-0.25864823627405054,-0.2662732278485189,-0.13821176003555058
-0.21886267572558474,-0.17948558723959918,-0.2675549149221441
-0.2354068649433869,-0.1579652636979336,0.1841209001907917
-0.27099224001741773,0.20861652141833448,0.1294992758166555
-0.22290469653484285,-0.23438869749197583,-0.03066749364015292
-0.32088056402309184,0.4386289565811265,0.06927707130737931
-0.2619244065637719,0.33717891935844607,0.04715342372551978
-0.22950223184058302,-0.2679690311133277,0.06121263804121102
-0.19762787813925858,-0.2217073842123317,-0.18407511872759755
-0.24679483830321117,0.06936438450028429,-0.058374532108830646
-0.2220876273485778,-0.3090661327479457,0.0801387534651799
-0.2523055019935534,-0.15283344816426375,-0.10486045047840559
-0.2572771845936015,-0.22449293557570502,-0.0012358610759294897
-0.21424949439046082,-0.38981858279136417,0.016232101893049522
-0.218418817408102,-0.33390138495388744,0.10594424189193047
-0.22893696902554983,-0.3363079522811341,0.1285694147722906
-0.2575307250223251,-0.22983980468871815,0.03106471594532806
-0.21424949439046082,-0.38981858279136417,0.016232101893049522
-0.218418817408102,-0.33390138495388744,0.10594424189193047
-0.22893696902554983,-0.3363079522811341,0.1285694147722906
-0.29499703752721906,-0.3329847854442133,-0.05744986218407222
-0.3344533796243805,0.3995991907012127,0.04801865719518683
-0.33904617803741055,0.4023157196806953,0.05581151986719807
-0.3186823297440968,0.22061362702016962,0.10881733894365136
-0.2868512453927396,-0.3063416259790612,0.08806103781060737
-0.23859660327794496,-0.3349958392842697,0.09227151162269098
-0.29333437679370866,0.22295549934282388,0.22961988045311416
-0.2017174498326082,-0.24514313090131284,0.07072156138702318
-0.23859660327794496,-0.3349958392842697,0.09227151162269098
-0.2493692896030969,-0.3789870725347162,0.051828817837199004
-0.2424350968283637,-0.24753580769124395,-0.11421938066871351
-0.23955430523720217,-0.2707716134552971,-0.1549309201173624
-0.2493692896030969,-0.3789870725347162,0.051828817837199004
-0.22690511760130258,-0.24398275155908103,0.06818235731167127
-0.2424350968283637,-0.24753580769124395,-0.11421938066871351
-0.22033822986165363,-0.34288799329159925,0.10082903047519537
-0.22033822986165363,-0.34288799329159925,0.10082903047519537
-0.27529835417893994,-0.05966624270254557,-0.14333308829858363
-0.2895178773610946,-0.29169932787785025,0.17171825367446553
-0.24006293077730229,-0.39615606217822785,0.07225450879943979
-0.21008686746476624,-0.3056356816133138,-0.09479685648375802
-0.21008686746476624,-0.3056356816133138,-0.09479685648375802
-0.1868293581214179,-0.1269432420848534,-0.5073125687389888
-0.3002053625203612,0.1760103418053745,-0.12099264141998972
-0.3016513529736832,0.24294554449333983,0.02534014885775787
-0.24006293077730229,-0.39615606217822785,0.07225450879943979
-0.23403683339915418,-0.3943478194599235,0.06071086370123274
-0.23222927570668722,-0.031255331588776886,-0.21530442548063058
-0.20467974111338422,-0.41136285224525626,0.06879964326092763
-0.24417901859393837,-0.18017368314246607,-0.0848865862188426
-0.2565174144088574,-0.18516639970566276,-0.031114282691622808
-0.30899877837196954,-0.05192231134226297,0.007739540117953914
-0.3117041566736752,0.14234090366278546,-0.03913438357641014
-0.24221876855323116,-0.06645551644205736,-0.08677618127447939
-0.2688065897148044,-0.10043777726137823,0.01208840298186653
-0.31242401871887154,0.12894044484320144,0.0655113228668166
-0.30521209563265683,0.06997793710858805,-0.029057686263650073
-0.22962633642109812,0.01580557086252074,-0.21880323400674812
-0.2688065897148044,-0.10043777726137823,0.01208840298186653
-0.23741347366339596,-0.3989717207116029,-0.07849968893043718
-0.23004329488145978,-0.3574470111966629,-0.0728084701974045
-0.2551953083787853,-0.3267411332566288,-0.0962660157918725
-0.22405722174007264,-0.30315902467790923,-0.06850917405314183
-0.2884882036727696,0.06961637855802447,0.07625051751178319
-0.2179007267265075,-0.39044302276791387,0.021421952999644334
-0.2957880211341412,0.17436889151157892,0.1089782490657612
-0.2526873071100454,0.20077440534488455,0.04911484101997027
-0.24188379368566088,-0.0069344561872027866,-0.17117193440896042
-0.2179007267265075,-0.39044302276791387,0.021421952999644334
-0.2722489686616604,0.09670682049965063,0.046400643064441194
-0.23036774010063643,-0.10825821681778247,0.10523951435462203
-0.2697199973541704,0.13344583487124778,0.09592131105558832
-0.32450324384462464,0.14790127567553357,0.022091871123905704
-0.3265732220307083,0.03011698432183163,-0.10820102853799973
-0.17062259182521214,-0.26476816560545346,-0.36447882766283984
-0.26550529660496913,0.3267612827881898,-0.00784268164899804
-0.2717922368200133,-0.12652700385261068,0.06337395027282305
-0.30448746024338347,0.14242394919810775,0.1807019330926311
-0.24312370135992642,-0.18013583402613934,0.12964512333400374
-0.2717922368200133,-0.12652700385261068,0.06337395027282305
-0.27682288631336427,0.0063531085806995125,-0.049082400347613464
-0.19078836551977654,-0.17078231672762562,0.17984987135419545
-0.2651293733946103,-0.37079741857572923,0.19825010217994127
-0.2651293733946103,-0.37079741857572923,0.19825010217994127
-0.3244813675497084,0.4044626691840227,-0.0299076041528894
-0.3252123469098605,0.4674212403193377,-0.07715336609855933
-0.3252123469098605,0.4674212403193377,-0.07715336609855933
-0.3244813675497084,0.4044626691840227,-0.0299076041528894
-0.24998864899868256,-0.378913498259439,0.07351552564044483
-0.23879581938039177,0.009890136820568551,-0.17050026178859473
-0.2651293733946103,-0.37079741857572923,0.19825010217994127
-0.25815467110081064,-0.3081620167691068,-0.03141486565656659
-0.24298626495967263,-0.27275183267148284,-0.013586692719162463
-0.23804096196141203,-0.26775406806721525,0.1579329416213076
-0.3075307635591808,0.4224907271251323,0.03567052312621061
-0.22327365879178165,-0.3046884755272288,0.004928173062121122
-0.2159968892175515,-0.22105566147014022,0.16408306131961498
-0.31187855827200195,0.31215961148899457,0.054804830746815913
-0.2872048334618389,0.12262956828066446,0.08011025006792799
-0.2685723505605202,0.09328991546925816,-0.15707786381097075
-0.3133593759262221,0.241381809448241,0.024276766597994714
-0.3153893235794554,0.1063272768226271,0.044691488529586765
-0.2715748180928672,0.20175487800154845,-0.0944038032681544
-0.24380231715779155,-0.2878346738146117,-0.12350096124148552
-0.20922974988581722,-0.2509467387528459,-0.33965587134907227
-0.2637461681725075,-0.18899491072820632,0.0036306153322264723
-0.25419287310507255,-0.1808579525981713,-0.010144082037410629
-0.27272897224171555,-0.21185763745232103,-0.11098144425565365
-0.2569787709211241,-0.28384911418592373,0.08054979477005741
-0.2709524040705062,-0.35706852821284096,0.06809517246092983
-0.2673412061569447,-0.36611554171579774,0.06598880950775099
-0.2678144185019209,-0.1395199840070074,0.07287577571957732
-0.27835856814681165,0.054023611734162424,-0.1425138230830969
-0.28679686751252487,0.4599479410697586,0.11226090949030082
-0.25619146167394097,-0.40088261227103145,-0.14650102243127672
-0.2716992431708878,-0.2883711914711661,0.03972084323474506
-0.29706826515790746,0.11083551145537263,0.06542348657608671
-0.2531753844459039,-0.14016067956611977,-0.1433831113280757
-0.2724040182469708,-0.26493263950450907,-0.02795532903759962
-0.280992702226769,-0.20742174361492102,0.062156135234160026
-0.27583139461555445,-0.26670316461681254,-0.026161105594607825
-0.26623153135539956,-0.3403578070790432,-0.07036477222625853
-0.2321813271371387,-0.4156091324133783,-0.030852235337631984
-0.26623153135539956,-0.3403578070790432,-0.07036477222625853
-0.23166337627820469,-0.3695125754115913,-0.034942408498895794
-0.2321813271371387,-0.4156091324133783,-0.030852235337631984
-0.23127491617316287,-0.3213464625499872,-0.09313449500846771
-0.2556564293162621,0.12238686762265988,-0.003908843360435232
-0.258505073269624,-0.07168289554191092,-0.2661648332472551
-0.24269757245104495,-0.35891341285141165,-0.01538236203772686
-0.2438707417374657,-0.2509628297792814,-0.06633892200021713
-0.1835948976277683,-0.33506091454370845,0.15420927471139162
-0.1796208812192394,-0.04453520670583408,-0.17950339561998763
-0.2649376661097318,-0.08181128972554452,-0.06466313888793912
-0.2422605821478077,-0.007512398045226437,-0.1930713750225511
-0.29052153196386665,0.21748783394961213,0.06145229973681632
-0.2438707417374657,-0.2509628297792814,-0.06633892200021713
-0.25629668443386694,-0.07012247900749514,-0.0851797933221683
-0.2994270628070996,0.23839434549453242,-0.012516972391081571
-0.24394846414391338,-0.23427903805355316,-0.17297845946549295
-0.2892448721587705,-0.04864098843408439,0.0057211143702952105
-0.24394846414391338,-0.23427903805355316,-0.17297845946549295
-0.21560627285077985,-0.33791787912687254,-0.13645074824966108
-0.2930895713056307,-0.04265500555898602,0.006564472007211608
-0.2892448721587705,-0.04864098843408439,0.0057211143702952105
-0.19889103870835895,-0.2926795117347297,0.030205062691735007
-0.2994270628070996,0.23839434549453242,-0.012516972391081571
-0.2689016159530742,-0.11300073412506542,-0.11161871041737326
-0.2434785132923635,0.042179329598052706,-0.15885893729324313
-0.2869136009844743,-0.08239989077596421,-0.1202516217135371
-0.28880925741330454,-0.32117239681355003,0.05211635597048797
-0.2869136009844743,-0.08239989077596421,-0.1202516217135371
-0.15233625210064344,-0.37278377749889313,-0.3319747339343037
-0.2242979944322741,-0.2516741885860132,0.06275599697898648
-0.23416866205243705,-0.27027901648108643,0.06813243223868537
-0.25226752652454565,-0.33687450267634766,0.1115032234056253
-0.25226752652454565,-0.33687450267634766,0.1115032234056253
-0.25226752652454565,-0.33687450267634766,0.1115032234056253
-0.25226752652454565,-0.33687450267634766,0.1115032234056253
-0.23320011525366044,-0.2452100991899049,-0.030278409840019505
-0.29579751640172114,0.1961530362861864,0.08192548316868892
-0.20586140522965865,-0.21887484959279127,-0.08736743798967495
-0.21551800323078046,-0.4311986864719872,-0.058806015530688316
-0.2242237289122464,-0.07502468606816784,-0.04274642567172343
-0.3203557851541905,0.2775429847139949,0.09706940453903778
-0.2983951687350416,-0.10007505766858499,-0.03912111801540491
-0.20908868613018464,-0.3804202634789891,-0.006301342912801489
-0.332074159655405,0.0922652045247968,-0.059130245200013254
-0.33550919895618636,0.39258452089879664,0.08580721618821346
-0.31055716229163005,0.25498012517088986,-0.013378348637934134
-0.31253192365380683,0.25747022548310033,-0.02077366773454531
-0.20478341038811623,-0.14675811468182404,-0.2235482833206887
-0.2163647898451475,-0.231027062756532,-0.3643915343876195
-0.21145815125742956,-0.44672920470051003,-0.11253665837948779
-0.20908868613018464,-0.3804202634789891,-0.006301342912801489
-0.26294081661112045,0.0819585009656437,-0.4244954753816023
-0.2906184068221635,-0.10428218954550864,-0.04283861179290138
-0.2810998187014853,0.03954401854592576,0.13959173998924684
-0.27117781581477923,0.1750247042114168,0.015432087516694948
-0.27117781581477923,0.1750247042114168,0.015432087516694948
-0.2988564178641251,0.23953795523047716,-0.056511624812397576
-0.2712551183197024,0.1358332831171521,-0.29507193613755456
-0.2650363975778695,-0.01029158861132956,-0.014848359580555692
-0.24470637715050575,-0.0928136209361557,-0.06458799789631287
-0.2627863299148056,-0.2900574136201567,0.12318692500160583
-0.3300237523256202,0.07772436664359766,-0.009941665563776125
-0.23938908186545407,-0.24030218637615483,-0.013467172935908933
-0.21859105598514997,-0.1325781976263115,-0.3013626073106177
-0.22359812268881155,-0.07695264535896353,-0.20981327778290398
-0.22397412805871716,-0.07539552584570226,-0.20833477846234305
-0.23938908186545407,-0.24030218637615483,-0.013467172935908933
-0.2166076974913312,-0.13180625119195266,-0.3039816123443034
-0.23156946337716455,-0.28315433817614166,-0.14483301417557204
-0.20472006394199543,-0.23344725267397878,-0.17847747022020943
-0.27303989693666253,-0.3262073721774257,0.050834957408650516
-0.27493739834581804,-0.14888969811491706,0.06636115795195402
-0.2712627764770851,-0.14790346341840746,0.0689894413098821
-0.26723915674372867,0.03308927766117861,0.04739086371541412
-0.24894326687752122,-0.018421896583802583,-0.1555766115295523
-0.28360883197220227,0.3355167690968184,0.11425677944627882
-0.33778314396474274,0.4610450402191762,0.17422260485237379
-0.3140253585802591,0.4094827522894036,0.1587010497261679
-0.26397281617963264,-0.16158998105734623,-0.14434934945546693
-0.2254444320954629,-0.36003405164238145,-0.05959699081785785
-0.2155390916553115,-0.4388176504074956,-0.03155932477330731
-0.24233054422472136,-0.3417892174919528,-0.041737206315416
-0.24384041747462193,-0.2429435585240506,0.02997449198096319
-0.26562324004132487,-0.2890557810637973,0.24796963576828096
-0.26562324004132487,-0.2890557810637973,0.24796963576828096
-0.26562324004132487,-0.2890557810637973,0.24796963576828096
-0.26562324004132487,-0.2890557810637973,0.24796963576828096
-0.2714048842578556,0.002119749830448686,-0.12664986861815075
-0.2416576197422371,-0.05886920107184923,-0.017320006955642953
-0.1663275277485259,-0.5164430850695649,-0.22755675286612262
-0.2684916191960387,-0.09487553423980688,-0.1199597895412739
-0.21167510350879606,-0.3483230249244311,0.11388385488192415
-0.3139166063846652,0.11193619234393243,0.16064420849776623
-0.24594482411085106,-0.1778487109574367,0.11701292430530524
-0.29939963050454127,0.029212332272607167,0.044802707914969875
-0.24445243945596717,0.15724158310969488,-0.16290781898523937
-0.26427544231900074,0.07395562298597089,0.06878254878689355
-0.24445243945596717,0.15724158310969488,-0.16290781898523937
-0.31014866442189226,0.14392450184627975,-0.13101689661451615
-0.2471191128637461,-0.11505916054075752,-0.01835433143298265
-0.2471191128637461,-0.11505916054075752,-0.01835433143298265
-0.23620115713698356,-0.17499592348362983,-0.11475796297109353
-0.24831716284308053,-0.12014061828019587,-0.015272086533502705
-0.2913107020309495,0.09192326906778511,0.02675546448180688
-0.2895725189309,0.02525410946208026,-0.06600347908905935
-0.26241486510007545,0.272576206557453,-0.03817597740424111
-0.29310423504935723,0.41530063549448454,-0.09411725894155681
-0.2403158722922833,-0.10776549195612178,0.014597140631532779
-0.26307723765333324,-0.05526765905262947,-0.10719531431441554
-0.25640975746049366,-0.11382405947237571,-0.19160404130141986
-0.2673505356067024,-0.14744955397314566,0.07678076054140043
-0.2898163623822125,0.04921786731746397,-0.01699097542540634
-0.27416518725189765,-0.0569178512106078,-0.09022534232560275
-0.2786302727062719,0.20629456815806746,-0.031142063040372592
-0.23449979297923151,0.048000784316816425,-0.14823164513063644
-0.24755508100631085,0.158621317158392,-0.0912818457982702
-0.27416518725189765,-0.0569178512106078,-0.09022534232560275
-0.2898163623822125,0.04921786731746397,-0.01699097542540634
-0.27248876076084355,-0.045544407162281336,0.04184345724713473
-0.2894138438290855,-0.012651088310475456,0.054683337934095355
-0.31904986729960716,-0.18517061989598446,-0.042763022799707895
-0.26402842089449885,-0.255529306408647,0.20551625737666807
-0.25084352540107696,-0.06885070926903496,-0.030541880652801834
-0.24703393777067684,-0.2541210077801783,0.02824229375687798
-0.2633980118569255,0.013087205727924378,-0.06046310416696982
-0.29397153401466836,0.4367829979176305,0.10229726089755664
-0.28284824608227055,-0.009371799232947883,-0.10186197281188336
-0.3001047074762392,0.27377171331076927,-0.07933926077571879
-0.24963156030873493,-0.1869841347789423,-0.05493956228123359
-0.2687639825003161,0.06891709746839916,-0.1890129609869735
-0.3001047074762392,0.27377171331076927,-0.07933926077571879
-0.29541637805158405,0.1960806514845952,-0.08883992567744942
-0.2474053696269218,-0.23806500546116535,-0.049341210117706646
-0.2458995856211797,-0.0663736748215207,-0.1865968890710181
-0.26061865388671096,0.06040148058854042,0.03169624589518255
-0.2503364077613603,-0.19897986442455845,0.1734934883295029
-0.2418394136528052,-0.09153602519394965,0.06953475216516136
-0.24669950188486856,-0.225854582967303,0.03091513558641318
-0.261213848035902,-0.07312603828927776,-0.14983906338849842
-0.2740651898780889,-0.012976790808545788,-0.05776014098738974
-0.2668664513750556,-0.09660886989970624,-0.0069448566884823815
-0.27534603401525964,0.30284930737278265,-0.10741481955232196
-0.21858431302510914,-0.3783941185177553,0.08557296984259427
-0.21693362222139626,-0.20305280327553904,0.15611923154187896
-0.23205096790111973,-0.2338757459257032,0.041066889879264656
-0.31774185502604413,0.23270075943967095,0.07289608911322731
-0.31801137842837085,0.2333055843297287,0.1623472292010229
-0.281840741816996,-0.03465114295694055,-0.0703417418915609
-0.31801137842837085,0.2333055843297287,0.1623472292010229
-0.3048012428651695,-0.13389872279109488,-0.06431603448425477
-0.2680215616423879,-0.35133775827215763,0.18434590152179625
-0.2680215616423879,-0.35133775827215763,0.18434590152179625
-0.2765381878949569,-0.07806686010653263,-0.03124185741554436
-0.2677289592596144,-0.07147258437248963,0.21805942566528497
-0.2822828180198487,0.005697030615171128,0.016256611206884652
-0.24701804247775982,-0.13738694004968655,0.0001517803823730124
-0.2140265805827136,-0.20177039310599118,-0.1355444277226331
-0.259678473393153,-0.07045191304000366,-0.06940010387542883
-0.2680215616423879,-0.35133775827215763,0.18434590152179625
-0.2816374728687935,0.23926871568537267,0.005428376196742579
-0.2914012349298085,0.3620176557423851,-0.011274497360516278
-0.2754606276906505,0.10767633128848819,-0.1414285893980793
-0.277776308402674,-0.08329676444940515,-0.03260617134541893
-0.28262534215898005,-0.003278569178543911,0.07701009332828929
-0.23134583837476794,0.06644511462848646,-0.0735641683452769
-0.277776308402674,-0.08329676444940515,-0.03260617134541893
-0.28262534215898005,-0.003278569178543911,0.07701009332828929
-0.21093787803577527,-0.1117429992593199,-0.2914436829760193
-0.27087504233275594,-0.13986603678274437,0.022586570828090013
-0.3111266554812299,0.47891068586863056,-0.1632433347719979
-0.3111266554812299,0.47891068586863056,-0.1632433347719979
-0.2809475144274456,0.13677314444136762,-0.010901397506078436
-0.2834439125315315,0.06283319019566752,0.1381803597998485
-0.28701510864369784,-0.017560313279683867,-0.03002049520033495
-0.2809475144274456,0.13677314444136762,-0.010901397506078436
-0.2834439125315315,0.06283319019566752,0.1381803597998485
-0.23870795203885123,-0.3093953101696443,0.07210972976596774
-0.22408197792201986,-0.25917363044117037,0.06375574594844585
-0.27087504233275594,-0.13986603678274437,0.022586570828090013
-0.30222281870071227,0.25907700080747315,-0.04066672686379069
-0.3111266554812299,0.47891068586863056,-0.1632433347719979
-0.3264861678497715,0.240793010192895,-0.05902064185274658
-0.30097212260137757,-0.1759929971738649,-0.08437708538592825
-0.2491753224154679,-0.10526980274856779,-0.05943886319473701
-0.23480409847906542,-0.24475328961190246,0.16909854514844974
-0.23480409847906542,-0.24475328961190246,0.16909854514844974
-0.257148168122344,0.05815216251093161,-0.11077229481860318
-0.2066806892419205,-0.06451871230867434,-0.1467153041640128
-0.2977217845469954,0.3168081078371688,0.06531487034626288
-0.21853932896439932,-0.37807190681079805,-0.03323717633223455
-0.29389485714345376,-0.057160616045833015,-0.1643703735357609
-0.2705046915070063,0.10256754525687137,-0.001163792883267567
-0.28060098684483625,0.20148298896242506,-0.10321442978444134
-0.2978447985887951,0.25869840255246085,-0.04809048039697672
-0.28060098684483625,0.20148298896242506,-0.10321442978444134
-0.21853932896439932,-0.37807190681079805,-0.03323717633223455
-0.23244782511334505,-0.1442972320925027,-0.21561383405209927
-0.31224670324075854,0.26299273244962496,0.0008959833745296186
-0.29389485714345376,-0.057160616045833015,-0.1643703735357609
-0.3221040731467453,0.47259094359773196,-0.04908878536095207
-0.23096133655690276,-0.14188058673384557,-0.15100447385548996
-0.2931647034513354,0.05948611888275859,-0.029553823651683797
-0.2705046915070063,0.10256754525687137,-0.001163792883267567
-0.1933318609512399,-0.23144104493758025,0.054812621336775835
-0.26902272550263834,0.02957004501060717,-0.059944789675187016
-0.26902272550263834,0.02957004501060717,-0.059944789675187016
-0.1933318609512399,-0.23144104493758025,0.054812621336775835
-0.26963396973726317,-0.01668388254424591,-0.009097012579249442
-0.26934626002942974,-0.32319945382066495,-0.0652212244907236
-0.26963396973726317,-0.01668388254424591,-0.009097012579249442
-0.25687013913317547,0.03607432520083012,-0.041953301140256916
-0.3468074262190859,0.4074325610984982,0.08439923415717887
-0.2871611280822837,-0.10612321758985557,0.014244561273636713
-0.28671232926268575,-0.10560470224919752,0.014253641323342503
-0.28671232926268575,-0.10560470224919752,0.014253641323342503
-0.26489968398918773,-0.002395098881597668,0.08721849176296315
-0.2871611280822837,-0.10612321758985557,0.014244561273636713
-0.28671232926268575,-0.10560470224919752,0.014253641323342503
-0.2514162900015828,-0.3376160033085033,0.020827234722382904
-0.2403121290257254,-0.1842557421115902,-0.02494261182457591
-0.23908922793132625,-0.3634742084265479,0.025255515901075887
-0.2514162900015828,-0.3376160033085033,0.020827234722382904
-0.24204037789504423,-0.05204361971046936,-0.19971881006121198
-0.31605026795163765,-0.03608373325140052,0.13717239346170956
-0.2111448844356355,-0.2650653789225582,-0.22479480315581252
-0.2935944571688168,0.3554490880270828,0.14628135783357737
-0.2860743261751816,0.3221599786929726,0.047357418953258346
-0.2930320761986207,-0.14717281336437918,-0.15195508511465766
-0.3508002454077415,0.40206889459506673,0.12507093641938688
-0.31605026795163765,-0.03608373325140052,0.13717239346170956
-0.22878165179074045,-0.14048141534908468,-0.22875648338595297
-0.2937430646592633,0.2779979567453311,0.05810673735659527
-0.24603394814755566,0.008344763083024093,-0.0967560388263003
-0.32577452672549445,0.5239440507692046,0.04554844614782266
-0.2418123406098401,-0.30098193741356405,-0.005132327156743832
-0.21262292979915307,-0.032307172531522474,-0.2770402285683868
-0.29353701597724224,0.24025452774848988,-0.27582816978027397
-0.17415725553810754,-0.183674142299696,-0.08425689485790921
-0.17415725553810754,-0.183674142299696,-0.08425689485790921
-0.26231797068869356,0.12118900005652677,-0.04427343854948679
-0.19854916670061815,-0.3476034513145917,-0.060678662000695605
-0.28704081878171833,-0.022810956514410938,-0.16789378398324525
-0.26298482225174075,0.1140496137791599,-0.1172552397909486
-0.2740867468584158,0.14336507112957703,-0.04602891937383574
-0.26231797068869356,0.12118900005652677,-0.04427343854948679
-0.175137574636106,-0.18291442148716472,-0.08797025681962783
-0.32584891658175913,0.49488525574226877,0.0007230401330590719
-0.2409836576506872,-0.23043845270973745,0.027623552667572215
-0.2964594334155611,-0.050298024411674386,-0.09515996597880849
-0.24120071192956233,-0.4093995758271309,-0.17898378289836353
-0.2409836576506872,-0.23043845270973745,0.027623552667572215
-0.22142054973370276,-0.34556621597587334,-0.049459958866255316
-0.23168223859310214,-0.2668433504031793,-0.1749394587779803
-0.23901738845052312,-0.05305916310820043,-0.04935885587059047
-0.219704019246167,-0.4050778835864771,0.015813933337436747
-0.2525943527977301,-0.32412348190388374,0.06339860414367665
-0.25997941966579863,-0.17323888504303925,0.028991282828119247
-0.23901738845052312,-0.05305916310820043,-0.04935885587059047
-0.219704019246167,-0.4050778835864771,0.015813933337436747
-0.20498163421797,-0.3290753528993201,0.2709022985283656
-0.27087131885777194,-0.13961096704483622,-0.08558677150300453
-0.30454010160262346,0.3624015986859805,-0.05732209529032317
-0.2638388971563127,-0.036542484131695835,0.04902235221147144
-0.2759695097276413,-0.07388805056263602,-0.08925641389725958
-0.278961788045415,-0.3183757611151533,0.057969968757424606
-0.33840644360665445,0.3910755261301982,0.15389671060905813
-0.27832945951322796,0.040356138070349074,0.028774136255165894
-0.24436802683345135,-0.17149349372993314,0.0013322670277663984
-0.2913279531556795,0.024399988892080032,-0.06413274525196005
-0.21462469787051908,-0.29268270959999954,-0.10402773523069309
-0.26942277819414284,0.11372189208966582,-0.1035165142233711
-0.2225997321167914,-0.25175538268899994,-0.16288765719275827
-0.21462469787051908,-0.29268270959999954,-0.10402773523069309
-0.21749074577104668,-0.24920996412385238,-0.14062117096108476
-0.2629090677610557,-0.01291410376775251,-0.114006822995737
-0.2715285982947297,-0.0048643870839341075,-0.1213827868897952
-0.27887013313566245,0.11272154842403953,-0.02279544346389456
-0.2632463215072942,-0.007116488501320434,-0.03098295229991982
-0.254232097209248,-0.2738601362011055,0.0584851190956715
-0.2987539976409381,0.31362178044539896,0.02024839006807666
-0.3067023837099758,0.4491666101542054,0.07296504701190931
-0.26334178016923515,-0.16694342144502403,0.06613353160106611
-0.32542224071260945,0.1911779622464112,-0.03782811682768733
-0.24624332727569098,0.04357439867388868,-0.027045266780242716
-0.30616448630521825,0.291049194294522,-0.1687457993947343
-0.2211386356393475,-0.48461681551037206,-0.04915307493582405
-0.3196379439343259,0.31818576503672485,-0.04589565578727789
-0.2863249913243262,-0.04989652208125546,-0.18629217417187138
-0.2211386356393475,-0.48461681551037206,-0.04915307493582405
-0.24306951997134144,-0.33338889115225545,0.16697261792541268
-0.2569002293454693,-0.24676138167143172,0.14012622203379693
-0.2948005673280312,-0.09043236972631538,-0.02618467710411676
-0.2858531991402748,-0.14881875246553009,-0.11183814500734673
-0.2224515975629695,-0.3265097277423803,0.14368102977081937
-0.2224515975629695,-0.3265097277423803,0.14368102977081937
-0.2193081114880384,-0.26982231822721314,-0.06438812493748108
-0.2673858942440285,0.03729493664825467,-0.11212552760509631
-0.2757142973192867,0.27555813624759756,-0.21609221493095254
-0.2673858942440285,0.03729493664825467,-0.11212552760509631
-0.28619448916517426,0.015507891773813287,-0.08605121504610519
-0.31828021742273305,0.22739640744746897,0.039684103697597006
-0.2768961390639428,0.061930756865587494,0.04694006927667921
-0.2560845863038929,0.18671777762961522,-0.026582485119389487
-0.2489405750242655,-0.010926164750150624,0.14928537505028266
-0.28577858290810193,0.03670318841613501,-0.12825014072208424
-0.28549447435250946,-0.2050559604374869,-0.046627412776213295
-0.31362855526298783,0.016493433599270274,0.1183316525177856
-0.2657630030080243,0.15729722434887877,-0.11912323573091416
-0.21363256301132422,0.09036916940827891,-0.06144876147234546
-0.25040515151762666,-0.1634169262343639,0.017537449396338667
-0.25040515151762666,-0.1634169262343639,0.017537449396338667
-0.31913828051750104,0.21521222141292623,0.041629625695027095
-0.3175928691179015,0.21950529294872084,-0.042516209246044656
-0.2772269790714752,0.21145688697359183,-0.24850310880305945
-0.2753367513157208,-0.12936618166634625,-0.007973148798564256
-0.25387994583243123,0.22634850251742944,-0.09832794662848415
-0.31165973994259877,0.37860885463723554,-0.1407623883983587
-0.3018901815555112,0.3725978723635885,-0.2745550533000991
-0.28216791808610725,0.17476101230650481,-0.14834691755021506
-0.23170203499127662,-0.06960585333285514,-0.044882610481859486
-0.2681283657974095,-0.2355971690860754,-0.009863282506085591
-0.2463230608900165,-0.32722305696931075,0.13965443296295882
-0.2463230608900165,-0.32722305696931075,0.13965443296295882
-0.2463230608900165,-0.32722305696931075,0.13965443296295882
-0.20639554221203454,-0.4082449953558107,0.0729931657212603
-0.20639554221203454,-0.4082449953558107,0.0729931657212603
-0.2463230608900165,-0.32722305696931075,0.13965443296295882
-0.24581943394365716,0.04941141612583816,-0.18012458277029297
-0.257658604313237,-0.179212115521577,-0.05567451201783441
-0.23388982339856024,-0.07298099829332635,-0.2538767051122023
-0.2228537156334237,-0.41391995032367684,0.006034075709241304
-0.28544163639549514,0.008209124105176047,-0.12910595824005378
-0.25505779286056,-0.11367315270488323,0.03338221177431561
-0.21715897695400363,-0.31237111507095794,0.007612249549240446
-0.2675991884177587,-0.005932601463831441,-0.13488376418171555
-0.2366001865202278,-0.13362235785891258,-0.11556191713980357
-0.26250489092692864,0.20657301209648876,0.022114066394195164
-0.275203905491054,0.09537529547722495,-0.032835284858510616
-0.2228537156334237,-0.41391995032367684,0.006034075709241304
-0.2510336784553869,-0.20033301909794876,0.22788306947005804
-0.2923879417516208,0.19100357659474626,0.260587515653187
-0.32933393389271204,0.32559626000995684,0.1673373548181592
-0.2510336784553869,-0.20033301909794876,0.22788306947005804
-0.32933393389271204,0.32559626000995684,0.1673373548181592
-0.2923879417516208,0.19100357659474626,0.260587515653187
-0.20787553524579533,-0.3753688888626997,0.18085957262836133
-0.2589376045939834,0.03451692144232271,-0.12270428040957082
-0.24941883869637604,-0.2649589081628191,-0.12542119464193852
-0.303188664466457,0.24522047218862625,0.10136864178098776
-0.26613931814692426,-0.07135666434664367,0.17772736066725187
-0.2602645540194677,-0.028954770578792213,-0.2287081789038551
-0.23076268689640814,-0.2779306709425474,0.08801836268197438
-0.2704660968403587,0.06949462282931362,0.13286972785459156
-0.23371832685211813,-0.23731010790826992,-0.14667271600123916
-0.2195794806928497,-0.149358501602269,0.12323638219236638
-0.22034141174370622,0.11707793054899979,0.04984256509782753
-0.29006442154526,-0.11184433722180168,-0.05081151671552381
-0.2974720145577322,-0.059992169344842555,0.046848859863157066
-0.26360328121176313,-0.1623399741646639,-0.008443075098827135
-0.23271474341733128,-0.42679086565369473,0.06727548068526062
-0.2968803810901638,0.28408201033068187,0.00017523434419702832
-0.22314654494074856,-0.43927028180905786,0.053333774267675604
-0.35090583312428464,0.3902064428045708,0.1056774402557219
-0.3231331192702014,0.2634040626549984,0.11128407306185789
-0.29026586025162715,-0.05519744357122153,0.07151574749761952
-0.289886178307159,-0.05594365690311898,0.06766592113082792
-0.35261886555196137,0.392613827270545,0.09819913251022233
-0.2968803810901638,0.28408201033068187,0.00017523434419702832
-0.30410077376742284,0.3494127005110672,-0.05652738696269349
-0.23271474341733128,-0.42679086565369473,0.06727548068526062
-0.254798494265258,-0.13501290134249602,-0.21195629448103162
-0.27183462602788444,-0.09670330295539092,0.01756275106849753
-0.2478938282177343,-0.13940405451850701,0.13726005582025796
-0.27101398135827115,0.06778441110521266,-0.014609801914239051
-0.2478938282177343,-0.13940405451850701,0.13726005582025796
-0.24220625145287145,-0.2667299573877818,0.05978682981534705
-0.28139228632000857,0.1811834294646345,-0.08018833684188637
-0.2685794825051459,0.15679493096127267,-0.012715381835456785
-0.2498600399057091,-0.14297760646741997,0.02944101783474662
-0.2242839387291553,-0.39114492856303135,0.09343292955893845
-0.2797051106013235,0.11602433901950315,-0.0236289547036187
-0.21190105657116798,-0.27957500459944007,-0.07770188212239582
-0.3036720218865052,0.0781363320431791,-0.16005766359576173
-0.3013941241117998,0.08188023345294054,-0.16718286159018608
-0.2805913582929491,0.11994739761198472,-0.02353199636543113
-0.21190105657116798,-0.27957500459944007,-0.07770188212239582
-0.28038652169214406,0.06278466379576006,0.013231357192196813
-0.26407413067149144,0.10848796302434502,0.10143655513045652
-0.28732087083671115,0.2841303498786708,0.1543321031672929
-0.2622300711045822,-0.13909727286836016,0.02337891791789054
-0.3120107700772726,0.09181668192176676,0.12042626964728392
-0.3036720218865052,0.0781363320431791,-0.16005766359576173
-0.3013941241117998,0.08188023345294054,-0.16718286159018608
-0.2970477648676588,-0.041683123145113826,0.07713325090236584
-0.2970477648676588,-0.041683123145113826,0.07713325090236584
-0.22193289925873713,-0.23383507570108647,-0.1408682245837045
-0.22193289925873713,-0.23383507570108647,-0.1408682245837045
-0.17457718343222972,-0.033589251049245636,-0.03704111986787356
-0.30343026469088935,0.42212742316097757,0.12113212478207652
-0.28665973544224543,0.12539357554775493,0.062471216326774826
-0.23086494373388058,-0.3986156728736922,0.12710298107075885
-0.2330272927110864,-0.4073855823077516,0.12404441651641679
-0.2330272927110864,-0.4073855823077516,0.12404441651641679
-0.23086494373388058,-0.3986156728736922,0.12710298107075885
-0.2740581119736413,0.2764953865057852,0.1074269535885845
-0.2956576172771471,0.03862988551986982,0.008578649198182797
-0.2960075354555642,0.032166401671549244,0.006853289938992313
-0.2786299321971223,-0.07374156352847383,0.038915391408658684
-0.20769917087691767,-0.446650710054208,-0.04100323438978776
-0.2641314209207316,-0.35419259770858125,0.07475016035520604
-0.26081617888573233,0.022775359857026195,-0.1629919093758084
-0.25711778715369205,0.1535591613856756,-0.09912078648377554
-0.23841981639320464,-0.14063729585547322,-0.23147248043477403
-0.2723911580589584,0.13524000156240523,0.134738723571259
-0.15860670009778205,-0.42411927299190333,-0.2430284034746843
-0.2657713995613369,-0.2190397928570977,-0.00942086245776047
-0.2657713995613369,-0.2190397928570977,-0.00942086245776047
-0.2793168360242604,0.10071594931728689,-0.05833109496741057
-0.26140681489364637,0.03363491314680306,-0.002226633159709779
-0.23854113587070583,-0.2790494393135675,-0.1674804576345532
-0.28527638706466935,0.07750728232264581,-0.10576158979403544
-0.2792575780859811,0.07802609175230052,-0.1360074187440699
-0.2893366442985262,0.13743164020026288,-0.009443856962465691
-0.2081861041530535,-0.33572991897258175,-0.0028483496571874434
-0.2698235979656616,-0.08219316696746085,-0.21605230411719217
-0.2690139342446623,-0.08316303677994694,-0.20615109002915002
-0.3116620903886589,0.22968962184486247,-0.03867033463657171
-0.22566126347196624,-0.4211248554756435,-0.2080537175924203
-0.2514170326180063,-0.12888470367914304,-0.019457392935540108
-0.23347296568504886,-0.2638780085603671,-0.12154218843994752
-0.23602211079134855,-0.26238085308196113,-0.12077626823506243
-0.2451687242425445,-0.2927141723076514,-0.12934592428176495
-0.2690065984697875,-0.21557470213023727,-0.09330983224257333
-0.24751625366195953,-0.28429282832589975,0.09199694170929368
-0.2654178102612739,-0.1465664683112783,-0.1420086566295959
-0.24413105912134275,-0.29196464090774144,0.20956958744057724
-0.24413105912134275,-0.29196464090774144,0.20956958744057724
-0.24413105912134275,-0.29196464090774144,0.20956958744057724
-0.24413105912134275,-0.29196464090774144,0.20956958744057724
-0.22779568898994193,-0.19518804250135824,-0.06013218741001575
-0.2944467095515543,0.22965478203094614,0.0504725221464149
-0.29239755880930296,0.22374205844963319,0.0666156596234801
-0.2578738358567328,0.08877178474849762,0.14495635374659716
-0.24504127238470974,-0.077267042994346,-0.13566815005474264
-0.31491226902239355,0.07976175248131501,-0.15573623895156766
-0.3109380177102021,-0.15935672409511825,-0.23279774466687214
-0.24002985462274595,-0.1324922359940017,-0.10184915524984905
-0.2615581835996614,0.19316258135143832,0.07881277110613993
-0.17434752918014665,-0.36918827009720157,-0.3144895205254494
-0.24002985462274595,-0.1324922359940017,-0.10184915524984905
-0.2594352479209054,-0.17334053009824923,0.003528170630863914
-0.2268596105554351,-0.1724550696045371,-0.1115212822480926
-0.32459976715504907,0.28306898434320366,-0.039184256653728655
-0.2594352479209054,-0.17334053009824923,0.003528170630863914
-0.307732386608363,-0.0032235260501678464,-0.10265311692884604
-0.2650811642660186,-0.3163220742987567,-0.02526687568388153
-0.226158678836797,-0.28200048416990353,0.05827053472105792
-0.2801119185681846,0.22484104297266377,-0.05079620624709902
-0.2696340105656085,0.2757971420846771,0.16685801231208447
-0.2570292674188076,0.06361155293301649,-0.0784312062234101
-0.25793141273975806,-0.3200718278178921,0.00489839672288872
-0.2805350851862885,-0.22613694227648481,-0.03879142858100626
-0.2591967980308032,-0.33264094912692255,-0.026489962037394232
-0.2920111120691765,0.3295733748030731,-0.04958542234020663
-0.2920111120691765,0.3295733748030731,-0.04958542234020663
-0.292991431167175,0.33033309561560437,-0.053298784301925195
-0.2915478777279128,-0.05362995691002405,-0.1626419146715262
-0.2892536162321914,-0.1567192740508917,0.009477233438128174
-0.2500803064469817,-0.21320709532047935,-0.030487333167243114
-0.24899005693499004,-0.2429219126424394,-0.06986618760479185
-0.2829447352874033,0.011913560584185884,-0.028548821072950203
-0.23242733321542988,-0.36074944656462815,-0.12713200979325434
-0.26613765038192927,0.09591954409542897,0.07418632596257146
-0.14774003758895787,-0.48464784889301427,-0.14193886519421842
-0.26117984704386354,-0.3089054729645452,0.061346842670203794
-0.2956295824515235,0.15248212652264453,0.08040215354410746
-0.24728313427284027,-0.13487487489756023,-0.2056763385436743
-0.27744159848896904,-0.1045534493372727,-0.05655608372765775
-0.26852879152319015,-0.16012773459728394,-0.15531569781221258
-0.26261715926541285,-0.16253670098982861,-0.16153126066617016
-0.22883272301397942,-0.3666249770201575,0.1790117709355395
-0.2359600137860355,-0.31618178181099055,-0.10026528227377901
-0.28844889738724905,0.17516797909613363,-0.021539908808896835
-0.23485592195538466,-0.3673134981961166,0.07813264873227227
-0.23485592195538466,-0.3673134981961166,0.07813264873227227
-0.23375103978354994,-0.37923413221861474,0.06744508748065159
-0.2181916690435049,-0.35016011495461496,0.14074111879921386
-0.31535257599059136,0.5751717884469909,-0.05388909496919142
-0.22696381874822247,-0.08200579494869456,-0.26791985936409973
-0.2870313320414838,0.08228984052496735,-0.03736383350662825
-0.3060787262243776,0.3664337446240525,-0.15568857768016414
-0.24427681844902951,0.012406452922650218,0.10796688719478503
-0.2890310773197098,-0.15628664348031013,-0.12129274973576032
-0.2871897627177604,0.022115099917802167,0.10889168230148566
-0.21863818569082627,-0.23049717236455222,0.1661278156078893
-0.22853581556146246,-0.15238996750162706,-0.17115488415207544
-0.2241210070760977,-0.2990012479707592,-0.14247013625554467
-0.2951433127437419,0.23427934508633302,0.106931359624507
-0.2951433127437419,0.23427934508633302,0.106931359624507
-0.2785267583963311,-0.16802252937006867,-0.13874816961041103
-0.2793135207835752,0.04885090064713529,-0.1441751641887845
-0.2705448300595952,0.1003573689981361,-0.034246821195470734
-0.24440726624964554,-0.299979717871788,0.09272586809378441
-0.2705448300595952,0.1003573689981361,-0.034246821195470734
-0.25167657955986544,0.04779108184880679,0.0517835635713329
-0.2531818076000809,-0.36265877493833243,0.011906816583184932
-0.2574453150552708,-0.08781908884400066,-0.19964698855741325
-0.2809198262057428,0.20933032543008928,-0.0767525038980501
-0.3095846567868229,0.4534682194033471,0.1131995518088929
-0.2996214445721602,0.17132653929657832,0.12804501589552292
-0.2702487732860819,-0.03221591221025211,-0.15847502502345256
-0.28632734347027133,0.2837577470910691,0.010128239700005981
-0.23426679750944024,-0.2258270471096765,0.024460764322521977
-0.268110318069186,-0.07738208587257253,-0.13588920784434405
-0.27729313674635553,-0.15736089443419043,-0.1334982103934767
-0.22912934918744463,-0.1049056205007747,-0.009902965511992823
-0.2893082857760352,-0.24425386318489514,0.021657599938745664
-0.2517819964211507,0.13907362027335562,0.2559729439942607
-0.25123115433292253,-0.32348691628180926,0.10078648297445886
-0.21690313727012597,-0.3194240102593049,-0.11351900942429266
-0.26073590527751994,-0.12180918884558395,0.008993732755001593
-0.25123115433292253,-0.32348691628180926,0.10078648297445886
-0.21690313727012597,-0.3194240102593049,-0.11351900942429266
-0.31309840220810237,0.13689261282689147,0.09492772280295925
-0.26073590527751994,-0.12180918884558395,0.008993732755001593
-0.21621687435045184,0.18321313433073594,-0.3231730018498677
-0.26445868473164735,0.21274756592734667,-0.14620370907032393
-0.27085798767517827,-0.0036772819433724124,-0.005289620787314764
-0.22275186634174565,-0.2877395832327382,-0.14898568546825655
-0.23845034429339107,-0.179182622654386,-0.07439264252762068
-0.31657715505671397,0.21444160062744655,0.30030732997905535
-0.30633803913133845,-0.11236467726014407,0.03896127947799072
-0.3211743414194369,0.0920005611336524,0.07703193033294653
-0.26141452322184294,-0.15328989423981484,0.016927875985618235
-0.3180205606715179,0.0816857369325632,0.08218684323411524
-0.3211743414194369,0.0920005611336524,0.07703193033294653
-0.2644129883399654,-0.14630622177031583,0.10996558086840785
-0.23362748894816623,-0.2964022467622409,0.10057398369269477
-0.30633803913133845,-0.11236467726014407,0.03896127947799072
-0.2639871603264979,-0.19042985672669768,-0.08758627828175591
-0.3047110320537912,0.3455728770744279,0.08627452930995849
-0.22933236513106572,-0.2784972897124085,-0.17825118744192894
-0.19436512550883653,-0.31537468001631275,0.02997433626222884
-0.2620267683363423,0.013364306701192152,0.1147133735425005
-0.2621371728602846,0.01481554836646537,0.11683544924031691
-0.26141452322184294,-0.15328989423981484,0.016927875985618235
-0.25629162624709007,-0.15435438389255138,0.018131948546392274
-0.2541948935612065,-0.1516707831641924,-0.02305447129176219
-0.3079789661215786,0.08037575405366523,0.11352146462651708
-0.23440102027232906,-0.4354753367966203,0.0319902287281717
-0.2573574227915973,0.15763120155359078,-9.230137612892264e-06
-0.24279937828759446,-0.11251600186845001,0.04934111785611972
-0.24279937828759446,-0.11251600186845001,0.04934111785611972
-0.2653616700780266,0.001471884349582342,0.030308650073178067
-0.30532091764764796,-0.04767546775172227,0.1516812579858407
-0.30185863390014367,-0.05124359784867305,0.15016853048107764
-0.19968657227591366,-0.36945125945600155,-0.12638810706517756
-0.23633423361152894,0.03543331047966747,0.4293986372094593
-0.28211884824393507,0.2381359755917834,0.014315000588032312
-0.2841536385225,0.09401309197652491,0.16060811442226047
-0.2268655938711036,-0.4119668133622133,-0.016207660705292892
-0.20796710009642047,-0.237159750811683,0.13454141020200688
-0.18734102576638648,-0.2999996045424791,0.33373295798225905
-0.22833707976033865,0.11185583020812534,-0.39640739205181075
-0.24730843593613105,-0.2911875535048304,0.09593941457236538
-0.20796710009642047,-0.237159750811683,0.13454141020200688
-0.18734102576638648,-0.2999996045424791,0.33373295798225905
-0.2268655938711036,-0.4119668133622133,-0.016207660705292892
-0.2005913267444055,-0.2589026903759378,0.022905771216150395
-0.1945315035511895,-0.2689968267908468,0.02033953723782883
-0.1945315035511895,-0.2689968267908468,0.02033953723782883
-0.23804226376689747,0.01619238186441646,-0.08258139910591933
-0.2005913267444055,-0.2589026903759378,0.022905771216150395
-0.1945315035511895,-0.2689968267908468,0.02033953723782883
-0.26694420763769544,0.19861374000968673,-0.01699298934063631
-0.23613284858618405,-0.1329661721347549,-0.1448899690689783
-0.26694420763769544,0.19861374000968673,-0.01699298934063631
-0.27324351171855465,-0.1990550102747161,-0.044805623317753784
-0.2356525578913522,-0.3135099948069505,-0.04292291522481051
-0.240415999596365,-0.30636403765142683,0.09515876215305807
-0.20511624222474112,-0.24693819999211167,0.050602257856048494
-0.25747211862885616,-0.08626837813131544,-0.14694553549822886
-0.29860727369146256,0.3264860734403659,0.08456694601325115
-0.2392243087739926,-0.3344240266948234,0.1756538008192155
-0.28805548967668543,-0.2732951854566362,-0.07729057947521323
-0.2432111425815449,-0.36937408542278005,-0.01305401917477661
-0.23821841022907492,-0.14961670138566607,0.05990296923132826
-0.23266139121916546,-0.10231871798995193,0.014255568300307497
-0.2392243087739926,-0.3344240266948234,0.1756538008192155
-0.2503543171621707,-0.3086958583652786,-0.07826984938504211
-0.26378393901730907,-0.24870124480754977,0.011479113876053548
-0.2694557962212887,-0.3316961487500256,-0.036460806128093715
-0.25809411893344514,-0.2690040657931082,0.010242782843198295
-0.28805548967668543,-0.2732951854566362,-0.07729057947521323
-0.2427672125996369,-0.08642135915872823,-0.13601832085777799
-0.25627770181116577,-0.07946484049863589,-0.0417946832072591
-0.2021676468692918,-0.3105591695153971,-0.002834812819099697
-0.24867943147724048,-0.21301363571250978,0.13816159482230056
-0.2612571198554052,-0.21166277623414112,-0.10017190288526118
-0.2374201423093717,0.06946756753331731,0.04027400971239237
-0.18849931332921702,-0.2913796903146849,-0.14306290367791327
-0.2612571198554052,-0.21166277623414112,-0.10017190288526118
-0.18849931332921702,-0.2913796903146849,-0.14306290367791327
-0.3015188634191145,0.5516104808330833,0.139174372333773
-0.2204772815592043,-0.3076377389259186,0.05438749983564889
-0.2358676150251134,-0.1604709711121295,-0.14536934090270492
-0.24901287742049266,-0.08776970576434145,-0.06731043227004047
-0.2374201423093717,0.06946756753331731,0.04027400971239237
-0.25548687071325105,-0.15212143508315198,0.02946280040652821
-0.24555405762399857,-0.0922667255428955,-0.0038544794212918565
-0.33708926345221235,0.48110179109731205,0.2586076727325743
-0.2508865523303151,0.039805444614696234,0.1770956547265276
-0.29004235756179175,0.1671806555141685,0.12856702485776533
-0.18438835091764133,-0.030148309865751538,-0.11753366549275596
-0.2827469746959155,-0.03878204333041965,-0.052594207131164694
-0.29539570494609446,0.45994573627921004,0.13492234622601057
-0.2972131450622578,0.30792770215092996,-0.008542899067389753
-0.18438835091764133,-0.030148309865751538,-0.11753366549275596
-0.29461814057477254,0.42077550268101455,0.2067820173270553
-0.3448279467152641,0.3322532472362489,0.16472552032565063
-0.3448279467152641,0.3322532472362489,0.16472552032565063
-0.3448279467152641,0.3322532472362489,0.16472552032565063
-0.29168335016191455,0.24817598863573226,0.12121012411471327
-0.2915466691780286,0.24725457927014777,0.12663807195491755
-0.21017572343788216,-0.3558438091567952,0.25907718747163594
-0.21017572343788216,-0.3558438091567952,0.25907718747163594
-0.2766339074275036,0.12665886063408527,0.1088803557876108
-0.2986295190684941,0.25191515870872244,0.14397046168634137
-0.2986295190684941,0.25191515870872244,0.14397046168634137
-0.23690231387252172,-0.3617303320308932,0.032937164448703427
-0.23587450120735803,0.03645948590305312,-0.005329011053667565
-0.21017572343788216,-0.3558438091567952,0.25907718747163594
-0.30115169166409694,0.23402247376326996,-0.10561423084575805
-0.2766339074275036,0.12665886063408527,0.1088803557876108
-0.1986314378864381,-0.3711632375840799,0.07384185911302088
-0.25080977323179443,-0.012007137198012302,0.10100180009797
-0.21267045056119882,-0.41880335317983386,0.07197821910407509
-0.25080977323179443,-0.012007137198012302,0.10100180009797
-0.2245552112073091,0.03157000387793818,0.053580927463271644
-0.1986314378864381,-0.3711632375840799,0.07384185911302088
-0.1980908639768031,-0.37423382223839696,0.06785000607096231
-0.25089229481998965,-0.12241443375678893,0.1677018509543559
-0.2462338297575087,-0.22094090694457735,-0.09997499862723586
-0.2657762821469865,0.15647835033515634,0.2186636562240008
-0.2075322539118777,-0.3036169118305392,0.18087461034695146
-0.26729242511149914,-0.035936643957463474,-0.21509476212961842
-0.31167327583365334,0.31039543966824085,-0.06865325073106793
-0.26269806350035835,-0.08703448047091071,-0.30345521363502
-0.3531073508912676,0.38497350872537267,-0.05304590003456505
-0.25080977323179443,-0.012007137198012302,0.10100180009797
-0.19725381380242937,-0.30881801347248605,0.32784187534728454
-0.19924514600350499,-0.3025874154638458,0.1797261559899293
-0.25138824117087955,0.018882162549883202,0.011398454112692857
-0.24840135621587467,-0.2631774866747594,-0.006392383729171169
-0.21267045056119882,-0.41880335317983386,0.07197821910407509
-0.3130012194488528,0.0991969106772373,-0.027944252903948863
-0.2035810725471017,-0.2705526289424429,1.0339409187376525e-05
-0.23268561753084221,-0.030126394907226614,-0.11950725306486149
-0.2864179454090014,0.030691616633763574,0.09875795886340766
-0.3366096401835284,0.542116222931071,0.20039580059696754
-0.27709690201091064,0.04222561067144559,-0.054742677220650904
-0.2729457405923247,-0.13152340224635592,-0.000888084142141754
-0.28897114960395387,0.34916881809239303,0.152648555193533
-0.2864179454090014,0.030691616633763574,0.09875795886340766
-0.21774618015288683,-0.1237954535388153,0.10276644008157859
-0.2821887901086201,0.12570272789853426,0.07667609779859957
-0.2821887901086201,0.12570272789853426,0.07667609779859957
-0.26138708617940337,-0.23731456037408963,-0.009823517420338046
-0.2858085103172962,0.37792326105374646,-0.04405561679946196
-0.30861230700876885,0.1337780843545504,0.006497502734757077
-0.2597640198634524,0.2151503214193573,0.0026823025614273743
-0.30861230700876885,0.1337780843545504,0.006497502734757077
-0.2597640198634524,0.2151503214193573,0.0026823025614273743
-0.26985582160074917,-0.04951455778253759,-0.17713680118785025
-0.3024536579264643,0.2537359974073975,-0.09855975247908533
-0.24100840451769223,-0.07729381323040273,-0.29784841989326555
-0.33526135427743287,0.36529149785734494,0.07026823651464942
-0.3024536579264643,0.2537359974073975,-0.09855975247908533
-0.27706947667637155,0.09434716752864644,-0.05503977484161704
-0.30635293856288653,-0.10111781723727567,0.020696563018513192
-0.26809596581724826,0.06551473289324244,0.01343044015391498
-0.27887060548652304,0.1429029698475609,0.016995240736240314
-0.30635293856288653,-0.10111781723727567,0.020696563018513192
-0.27252281014873414,0.08005188415156217,0.08791174453551154
-0.1929432853300537,-0.227466360379086,0.06327305648571285
-0.2719521169282458,-0.39910237826516914,-0.04141718313670578
-0.2915328556285524,-0.1605537827597216,-0.04533029074417633
-0.2976962978606637,-0.10402634474957498,0.23888799600590432
-0.2333996338732922,-0.07254352154406517,-0.013617335980597944
-0.20543607693151258,-0.14889049201035026,-0.0385122713626494
-0.32196090888168355,0.3942852494290266,0.15836367598375306
-0.19824109483699057,-0.33994768869232705,-0.11495111504522315
-0.23804447344984167,-0.4463165919056013,0.029325272345236686
-0.24891991173926598,-0.13326907620419867,-0.11981045322328937
-0.24901779054811485,-0.13186171125464383,-0.12563181552419667
-0.2474282806167004,-0.13531568042839268,-0.1229005156039048
-0.22054687770598103,-0.05196160221903902,-0.29463625684233874
-0.20081540214713,-0.22099750452006162,-0.1814788033325202
-0.22250751590197795,-0.050442160593976396,-0.302062980765776
-0.2602036595266827,0.003184708226638633,0.11100596617535458
-0.3026236675746192,0.08868060260016755,0.09938116738374075
-0.32308539516709484,0.2693737502484866,0.027671035542870148
-0.30012399411179297,0.053462025990797774,0.25179569203740965
-0.24803786511977394,-0.08884628319737461,0.003058307121662829
-0.22472988190008739,-0.32778860166930346,0.14970489839596007
-0.22472988190008739,-0.32778860166930346,0.14970489839596007
-0.27807518867406916,-0.19042832208614285,0.021696629059550554
-0.27190382545187725,0.1504035476145832,0.14484397851785463
-0.24328770143476233,-0.08790252454576722,-0.1738576624558681
-0.2051666837360468,-0.09510236564352485,-0.3343969346420705
-0.3082320872012099,-0.06502295213024137,0.1405772341826041
-0.21054429736692074,-0.23939267157923705,-0.18105463177426986
-0.20443386704140365,-0.3407041684985346,-0.017166360358906785
-0.28930586593700997,0.2360932268418819,0.2074141210474731
-0.27706264225895105,-0.39958489648873285,-0.012661754124836944
-0.2812218069394725,-0.20042704035936815,0.021080262455286547
-0.28186061253237027,-0.20981424128788928,-0.1485582305563868
-0.2770163019567367,-0.4019372979169875,-0.022474799909404486
-0.3004476175515722,-0.3134240453519017,-0.07028568626142984
-0.2528456861560626,0.11974849342836347,-0.10447824655633281
-0.20443386704140365,-0.3407041684985346,-0.017166360358906785
-0.27797013578089935,-0.14814372221990652,-0.0794176093335977
-0.25485458951097306,-0.23340462573339982,0.2244485658535747
-0.2695108444601191,-0.20341034877909359,-0.10054516316892986
-0.2648926741720637,-0.2481076269095934,0.029194184595131345
-0.24319055445592636,0.1174768791016115,-0.16727054250474105
-0.3123066816077399,0.33478328826843873,0.05881432617398946
-0.24538375500473997,-0.20318022442925737,0.07913328207968556
-0.2457035855605762,0.04506448196373611,-0.013200811053818262
-0.28548380778414795,-0.13826826119670757,0.0677258896414038
-0.12641388804615925,-0.2330040899900408,-0.30694395785917056
-0.24078136816601148,0.046755794219370206,-0.028239902974178444
-0.25349808114268924,-0.1642670715664657,-0.06432960520228043
-0.24600880621774762,-0.18364871654204754,0.11636329756129776
-0.2720665492029427,0.019984540334561263,-0.01946436638572674
-0.273258392838769,-0.0945245013921746,0.028645863765665358
-0.24600880621774762,-0.18364871654204754,0.11636329756129776
-0.25349808114268924,-0.1642670715664657,-0.06432960520228043
-0.2552831403629394,-0.17067763831984495,-0.05737392872632879
-0.25491009951727683,0.11717937070878032,0.0019823038405683557
-0.2578837247024881,0.11794239186094096,0.006851224984852966
-0.24198396021658602,-0.3447136087072149,0.1315893674123852
-0.24198396021658602,-0.3447136087072149,0.1315893674123852
-0.26584926119984265,0.29773698500108614,0.1494796567197781
-0.24198396021658602,-0.3447136087072149,0.1315893674123852
-0.2843288056371556,0.1971024281902159,-0.09695598980672021
-0.23990903633246352,-0.20685535415014578,-0.05404805371576571
-0.2640109879216252,0.07437385308608407,0.005943144230627417
-0.3046825749509713,-0.08515537973561266,-0.03900006589011096
-0.21455692681711036,-0.3479634107947319,0.05579367646819883
-0.30218045586923126,0.34043553719158565,0.054103938378273875
-0.2720075791147233,0.32180088973383897,-0.11302478686463652
-0.31179153380828084,0.4442383533427578,-0.17848785228299904
-0.32170984061279734,0.4382226250484437,-0.04226034557766584
-0.21455692681711036,-0.3479634107947319,0.05579367646819883
-0.30218045586923126,0.34043553719158565,0.054103938378273875
-0.2640585695216608,0.18190697823188873,0.0256042185545024
-0.21463407643909482,-0.24762003637275912,-0.04222594244443423
-0.25284391502110815,-0.01607077821281447,-0.09687138391235434
-0.25659459572179116,-0.363228786396223,-0.08231821798919947
-0.24453670225336788,0.032495245862004196,0.08326817978950407
-0.2505242745405977,-0.06949407356074269,-0.015246508416144777
-0.2608713614282463,-0.013094539294365215,0.07672566468224834
-0.24453670225336788,0.032495245862004196,0.08326817978950407
-0.2843861938859371,0.4266289893514789,-0.2566356960671695
-0.27548198330209367,0.30322973240688716,-0.1570025500768386
-0.27235354176112636,0.031121841306312653,-0.17361314181517273
-0.2473333784917936,0.06993242128531377,-0.17037829904185064
-0.2735413231103527,-0.05620243941074057,0.04772239981559562
-0.27393013299138075,-0.05727584508948955,0.042574735285308474
-0.27235354176112636,0.031121841306312653,-0.17361314181517273
-0.2878959865754357,0.20277138562132652,0.1997919713857958
-0.29529852770310117,-0.051625342325364976,0.17287468518768817
-0.20102897430839137,-0.1503635498062209,-0.06591009073007009
-0.2655469289262417,-0.2744164195758638,-0.07142245394390717
-0.2013788633968253,-0.1038405440571313,-0.2695250678574573
-0.2538248606580211,-0.19770162006935182,0.08759554829372257
-0.29205774905137094,0.005450118899887307,0.07968789002324944
-0.22344998630196142,0.04997990427250376,-0.15945360263887579
-0.24078122268042215,-0.1891458531606357,-0.046562276057954044
-0.21828951419917866,-0.3811077848040753,0.1690342941104191
-0.3028375395826206,-0.019870034456860725,0.24269686667436235
-0.25534601774953525,0.005623118635177282,0.16249076827817804
-0.28904333356408984,-0.266382534695917,-0.04342510483695
-0.3007635057238851,-0.21251841656718048,0.05117228123236239
-0.28282675866249884,0.08640100408913426,0.058800033068213076
-0.2977926011855851,0.18533660628444687,-0.14130173790912215
-0.24751278697091345,0.1032961801531658,-0.08078839529242432
-0.2977926011855851,0.18533660628444687,-0.14130173790912215
-0.21390955645036516,-0.09535536223959433,-0.32368428220762874
-0.3058471894305272,0.04600148068879878,0.02923515480961819
-0.2940821865061422,-0.0041061084942858594,0.11881092747153804
-0.262216081576546,-0.002915453398388529,0.11270038270988897
-0.29765858353580993,0.12115507953395688,0.15856242322837316
-0.25197680554244006,-0.04035511068402306,0.12839746838909877
-0.26646200577473916,-0.29993803790679296,-0.04324833926611388
-0.18913963857215985,-0.3752337638936095,-0.225125904678978
-0.2618330028102862,-0.052895524257785986,-0.07221956574273575
-0.20562301500151403,-0.3162917113537077,0.05788777905390363
-0.262216081576546,-0.002915453398388529,0.11270038270988897
-0.3376865613125578,0.03539629371877526,0.09901908380343388
-0.2690538764794399,-0.16301066352005084,0.06626513713926313
-0.2902280935998394,0.1708924538875367,0.21865518569925052
-0.2902280935998394,0.1708924538875367,0.21865518569925052
-0.33001053085908105,0.16257413950050897,0.17197750073191148
-0.2702581999202224,-0.11953131353417665,0.1105200180602956
-0.2747374025549245,0.16802012093335522,-0.014943349778789916
-0.2769184206191795,-0.027832868128315633,-0.059511540406592345
-0.2876305329389098,0.004444070555714441,-0.01836152011238651
-0.16567220316540734,-0.2518086713803217,-0.17310212660134175
-0.25192078535905094,0.05664333823157619,0.04140686783948849
-0.22547360413615092,-0.40926174546507615,-0.1874929461258605
-0.25125627276713486,-0.030695268092654965,-0.03923542501028038
-0.2715729532810886,-0.13943887791300125,-0.07104743852774337
-0.24021251094057977,-0.1762182200566902,-0.03941936663898732
-0.24021251094057977,-0.1762182200566902,-0.03941936663898732
-0.16779205969218644,-0.5742956396413195,-0.07159346895978225
-0.2550258072603576,-0.07016873525905037,0.13154104295143693
-0.19670481432250658,0.02455499159265026,-0.13920352675073605
-0.1799727609896691,-0.16754511319484816,-0.11356025795475311
-0.23886868017145568,-0.08331147346646922,0.07036442804606519
-0.27290598843404407,0.060011457313309285,0.005512017681485293
-0.17063671474685563,-0.1367041044423278,-0.17390026737093153
-0.2543828573646526,0.03247276579276423,-0.009795497078026849
-0.1943508774012518,-0.12777490277558917,-0.19314320050260533
-0.2826251641339747,0.15715520670787841,0.12726563281731423
-0.2625394132001131,-0.026686058572145205,-0.022570233673550433
-0.248616543273058,-0.07150763778533957,-0.18022741688335642
-0.26008837094335147,0.021527471535075893,-0.030710124798549565
-0.21891772590599856,-0.16951059445070107,-0.0060159260095788425
-0.2859957411071919,0.32841735305655056,-0.07825278495965898
-0.2361249467126696,-0.31087742815477093,-0.008041318363478323
-0.2852530550798007,-0.14188932139745566,0.15598880741024473
-0.28797069595298985,0.12240236455310616,-0.0018436262308311746
-0.1888714463815006,-0.24324076167083075,0.036234828565657184
-0.26008837094335147,0.021527471535075893,-0.030710124798549565
-0.24717708773791863,-0.14385231733153991,0.0822137882116003
-0.2447536859587064,0.07718542306203507,-0.08246801466176107
-0.18278534727089205,-0.3723040071094982,-0.169357975472129
-0.2447536859587064,0.07718542306203507,-0.08246801466176107
-0.2455327634631578,-0.3074139035426602,-0.3170637918413398
-0.28152557194985767,0.21389440818142397,0.19072343041108947
-0.2341355735686067,-0.2780464457300148,-0.10461123303698522
-0.2512783985038699,-0.25012050967566285,-0.12226038996536126
-0.2468507734866565,-0.24326375816791207,-0.11922282017875091
-0.2335128646927334,-0.009109566261460492,0.03259584832987272
-0.1702847512051898,-0.3650253805997876,0.06109168630538864
-0.2881497061952957,-0.18585663104601116,0.051328868224305324
-0.3021689525794029,0.15854539447351879,0.15863641944918444
-0.2895033094645224,0.3215920695081766,0.26398948293582286
-0.27945455227861504,0.08021487674034197,-0.031019844711411004
-0.3038651015305329,0.1545081928885238,0.18224457032068303
-0.1702847512051898,-0.3650253805997876,0.06109168630538864
-0.26135469766438424,0.0205242817557387,0.25299508364867335
-0.2730588191937369,-0.12049467470043869,0.03529158267575333
-0.22541868360746975,-0.27276323261812463,0.007534102148607169
-0.3059539434198998,0.4065863269368721,0.0029598078473624945
-0.22232386079766273,-0.17760561127839314,0.015611686111533796
-0.23749559405595455,-0.13800643948186894,-0.006571088597900454
-0.19893537947343437,-0.35914668801499494,-0.12303204259673772
-0.28092414843341795,-0.12307539078909879,-0.053337203464142446
-0.24268704414026754,-0.12504559031422097,0.027870339882416384
-0.262942157992505,-0.14706292363037698,-0.06779575528467435
-0.262942157992505,-0.14706292363037698,-0.06779575528467435
-0.24110345007402578,-0.37618958502845257,0.1680789619067236
-0.2789390055881979,0.022256177621363088,-0.013940457347189072
-0.22904648618911086,-0.42063759036161147,0.08227404770008745
-0.3058233812947234,0.2906184813529021,0.00896554577944797
-0.31155020551244444,0.24747785882970957,0.1851205509571961
-0.24110345007402578,-0.37618958502845257,0.1680789619067236
-0.29438864298308076,0.08263900093595938,0.11050180189956621
-0.23105972574822217,-0.43134255991154696,0.2755821097712961
-0.24508999105795476,-0.3505112889740096,0.12767261448423933
-0.2800843721126241,0.046307114785174935,-0.05879626464253601
-0.27957702995188133,0.023169639957174415,0.20325859717089706
-0.2583936742850421,-0.35122555129783295,-0.02206314168590079
-0.30495786647856227,0.3411530653024575,-0.057325604864051194
-0.24803070917957776,-0.07902077350598641,-0.055773979576727195
-0.2789390055881979,0.022256177621363088,-0.013940457347189072
-0.2333931756479827,-0.1003837595655474,-0.050312040828280336
-0.3166604056365611,0.5926243338421404,-0.04221554442911274
-0.262942157992505,-0.14706292363037698,-0.06779575528467435
-0.3137339507706687,0.254571818623815,-0.03515040218595311
-0.2983259549780156,0.13217358363101012,-0.18305623510744243
-0.25159208611349243,-0.04585499789633078,-0.009296410663665156
-0.22904648618911086,-0.42063759036161147,0.08227404770008745
-0.3160449040239409,0.21728460947085165,-0.06265148517966301
-0.3058233812947234,0.2906184813529021,0.00896554577944797
-0.2769094598468542,0.42247581509476423,-0.0005296038749660337
-0.31558697004207703,0.45945590963386757,0.012360273706197578
-0.2319513267256524,-0.32590649439650354,-0.004453056951877643
-0.2769094598468542,0.42247581509476423,-0.0005296038749660337
-0.29107774993474994,0.24473030921760314,0.11475352452768278
-0.22318778631785915,-0.20652629150109228,-0.06400208017350806
-0.2496506671106828,-0.017118002345872615,-0.06690521322094667
-0.1840029314342318,-0.07543048169268687,-0.31305243899897894
-0.3004420215803069,0.14861229427976563,0.22742346056206758
-0.22812309514923815,0.05581190374886408,-0.2432639630972388
-0.2046441567522518,-0.3093208018342124,-0.056600007952871845
-0.22910341424723663,0.05657162456139542,-0.24697732505895742
-0.19287081893657457,-0.316656067742354,-0.18621094946756314
-0.19923333034405066,-0.22695111648959784,-0.06202877691609826
-0.2620825942072401,-0.002917329136935709,-0.05945823090598529
-0.2914268346519852,0.2758951505546874,0.01503559301251306
-0.2340902858758534,-0.09473848104699176,0.14615338438705666
-0.25825833764844386,-0.06038428385226914,0.1310860794732847
-0.22231570751952678,-0.2784758101384456,-0.003717835226813737
-0.393706474185846,0.4391159739449882,0.07764721229858179
-0.3142882465168664,0.29218461141702595,0.06708440807058696
-0.2745823624307906,-0.08700128430084372,-0.16938876949487083
-0.3083293775166825,0.2437406833289112,0.15947203910004432
-0.2833511461740596,-0.14473728830494917,-0.01464463946199751
-0.25668302829107786,-0.09782416672792171,0.015004416031359213
-0.1964935247877337,-0.38472126810449314,-0.04563951336898259
-0.2511339539021127,-0.14057161285139363,0.08159473806262152
-0.21947681360010646,-0.11591046115642409,-0.0894161612207578
-0.20996445203612346,-0.25643184186001877,-0.031013591087129477
-0.34476808673683945,0.3745974093363262,0.0850398360598591
-0.3068148149936099,0.2526654221966263,0.08289826666806194
-0.2061767568953337,-0.260198017064357,0.07409099454765405
-0.2475049197160753,0.02640643959835265,0.10325091443045586
-0.25033156278242974,0.0871381542566318,0.08335215339093005
-0.1839394741912101,-0.2654691860001539,0.10282580906327987
-0.2061767568953337,-0.260198017064357,0.07409099454765405
-0.26092682193251665,-0.03636245473216507,-0.10293355374345381
-0.2606636822234117,-0.03654132128523371,-0.10457353180335155
-0.26838266679294925,-0.3346169457534429,-0.10402690937247444
-0.26463789205664134,-0.08118648688736983,0.05147178713079037
-0.23656072021920876,-0.253957570006117,-0.005256376678026253
-0.2714033272652405,0.040502300405092756,0.03891877493740031
-0.2907365341163125,-0.25028201619147844,-0.09093261278679271
-0.2664718758651209,-0.3340319218376021,-0.0993064106720486
-0.26838266679294925,-0.3346169457534429,-0.10402690937247444
-0.1850799826066774,-0.16593000325176396,-0.3948408310373264
-0.25799841249784705,0.1357607384066843,-0.27503226749640075
-0.21340194075867477,-0.3634713545562859,-0.20951628290671903
-0.2348263547325034,-0.14081544174649555,-0.2272773139027093
-0.18827171159138192,-0.3671957234009957,0.1004635848277265
-0.18827171159138192,-0.3671957234009957,0.1004635848277265
-0.27714121054488794,-0.14913829988057187,-0.08630211973775498
-0.18827171159138192,-0.3671957234009957,0.1004635848277265
-0.24884192146423062,-0.12010874282394113,0.03555233841297578
-0.18827171159138192,-0.3671957234009957,0.1004635848277265
-0.2780542996235054,-0.01421939898324251,0.1394419060625513
-0.27714121054488794,-0.14913829988057187,-0.08630211973775498
-0.2585271655913758,0.027145995500070547,0.12348112755698198
-0.24294184397316396,-0.055217945204136615,-0.22948970409096345
-0.23703998352881836,-0.08133232815962071,-0.207141547316433
-0.25216812585046905,0.015201132375301935,0.055384024478049854
-0.26843660611022957,0.08899051715031173,-0.08337577140787233
-0.24884192146423062,-0.12010874282394113,0.03555233841297578
-0.20658261096391675,-0.1411600002072764,0.02765849296431616
-0.19620488730217284,-0.212740894233527,-0.04201934667658147
-0.30545047394499436,0.2951641548850939,0.14482621191161976
-0.23883577783511795,0.08862241109562946,-0.13356222347309094
-0.23056618936654116,-0.23753658279638176,-0.012795164255139435
-0.26452848898082726,-0.3265884278015929,0.008677257666687477
-0.23842563845349501,-0.22533280652035348,0.06243598167932307
-0.2574225758686324,-0.08107772059496693,-0.08116408276308812
-0.22371848247938617,-0.31079292617815435,0.09799325724257402
-0.23724638487358068,-0.18876603968970845,-0.09711522000845824
-0.19620488730217284,-0.212740894233527,-0.04201934667658147
-0.23146775748041734,-0.12669038604033867,0.07794676127716832
-0.23883577783511795,0.08862241109562946,-0.13356222347309094
-0.29568224860481185,0.07847573710593075,-0.04704552255151123
-0.29333854544523846,0.36200023260510983,0.09878391409753662
-0.24500079077252834,-0.4172874686734815,0.012176236201858426
-0.27489611973265526,-0.21882477105651874,-0.04068461277151891
-0.3142826352538458,0.27774993045577906,0.14717170949975827
-0.29249839153561447,-0.050734607932888184,0.016636076103380804
-0.21554529189479235,-0.14769351716434387,0.0067471488082895825
-0.30545047394499436,0.2951641548850939,0.14482621191161976
-0.26054490227139526,0.04184392414193522,0.1303174626197801
-0.21777374109835815,-0.2864265267028604,0.14243705511277233
-0.19679656169255103,-0.2772418010477647,0.13824562355771558
-0.25253421995656194,-0.1994445923003499,-0.07818833761632554
-0.21617137798666164,-0.34572141247122035,0.19907096347032632
-0.26054490227139526,0.04184392414193522,0.1303174626197801
-0.19679656169255103,-0.2772418010477647,0.13824562355771558
-0.21777374109835815,-0.2864265267028604,0.14243705511277233
-0.27251369044272233,0.07243575089866094,0.20547487930892488
-0.27904830585453155,0.12244379931651034,-0.0353297377003397
-0.2758036326832121,0.18041348253570066,0.06827150242488861
-0.2738631343042887,-0.3022687928349692,-0.0632564218044096
-0.26662107124287415,0.15532670587594272,-0.24532896344473346
-0.26662107124287415,0.15532670587594272,-0.24532896344473346
-0.2408688167233586,-0.27226315891515984,-0.012681124041048097
-0.2507480156718836,-0.38204298889898486,0.17390161496700457
-0.2738631343042887,-0.3022687928349692,-0.0632564218044096
-0.29607500981989265,0.1941543343906164,-0.08967117688060172
-0.30482103820653483,0.2996575328335616,0.0520684585208237
-0.25829838407238,0.05065080559641172,0.16040201026197826
-0.2555346514574362,-0.2329926410151122,-0.08334199723473829
-0.2752522803079339,0.09154054332446854,0.020399393133427146
-0.26662107124287415,0.15532670587594272,-0.24532896344473346
-0.26057805164722747,0.04263119170621385,0.2989457235260579
-0.24703627948557222,-0.15309982097531252,0.013139531612815447
-0.305597433966263,0.33807765876082185,0.24634061638450427
-0.17374991210526494,-0.4788500491137391,0.0772805493218624
-0.31516683331598394,0.1830801995188151,0.27916058352780454
-0.305597433966263,0.33807765876082185,0.24634061638450427
-0.33027011331183953,0.0829681702066686,-0.07677060682541131
-0.27432262562467424,0.35650890407162805,-0.07259186752548463
-0.24184921687277922,-0.05710149631430654,0.06576774772356164
-0.24703627948557222,-0.15309982097531252,0.013139531612815447
-0.3013617849092046,0.35647068335422083,0.09000946608533206
-0.29848937213381194,0.36060901191857636,0.005801497216949836
-0.3013617849092046,0.35647068335422083,0.09000946608533206
-0.264249599761909,-0.0731958224019846,-0.018454357710795066
-0.27443030301597576,0.2446030108197645,0.12377209281066187
-0.25605010815767476,0.11498294701336495,-0.22769687626383245
-0.2588992323742305,-0.41332143730695353,0.10226765056925263
-0.2740229259155715,0.3055582749855782,0.1338666885739313
-0.26278582176597665,0.33490485395035074,0.13564789377781478
-0.2329963714656573,0.04431500149841591,-0.046551117603627346
-0.25336373447152544,-0.032845093879422305,-0.05497399765785477
-0.2935998776937417,-0.0832963992574158,-0.013141159540817793
-0.29848937213381194,0.36060901191857636,0.005801497216949836
-0.2678164489573262,0.019551390126091972,-0.048597872771036166
-0.3282927960244394,0.4851455737069151,0.11058522668906307
-0.18976295572116061,-0.32849139539741423,0.13666659661719344
-0.2521630070312808,-0.18982010556172427,-0.03784571316249363
-0.2982447314438291,0.05105750810218174,0.07161771801382816
-0.31018264167221105,0.36586355036000523,0.21980193774322226
-0.3282927960244394,0.4851455737069151,0.11058522668906307
-0.25578550369392833,-0.10095882675128243,-0.1661987794959267
-0.27768634079977783,-0.016401882881288146,0.18990840365157874
-0.27187529106518615,0.16982307594491547,-0.008838958580239253
-0.2670698622198048,0.17153241534844316,0.054774001424919505
-0.1956246999517956,-0.2687364356742483,0.025730133479870465
-0.24471841792299737,0.06768005338049349,-0.19268463545095307
-0.2942383676428446,-0.144545523898247,-0.13484526207518693
-0.30536143751031014,-0.08814138107167754,-0.0462412347784934
-0.32818487480784486,0.30412375838064576,0.07711723617878735
-0.2880863793767557,-0.22072847919725777,0.04101000343660094
-0.19316737857773691,-0.018840827099454754,-0.19607600821595655
-0.26007222330943197,-0.14958567617587115,0.06202305038108463
-0.311664873692625,-0.09763309858054703,-0.037869319949189795
-0.2846116474285625,-0.2531451064802587,0.007733985301789592
-0.32808042563717066,-0.2303430582835547,0.04675473655523571
-0.3175356910792756,-0.2382063450531424,0.03238822426822319
-0.25841756790748915,-0.15125069493966697,0.0720248484034271
-0.26007222330943197,-0.14958567617587115,0.06202305038108463
-0.2909730434124322,-0.21640099205743316,0.22852921816112676
-0.22800877758825008,-0.06379799695820379,-0.1582244719399519
-0.23952406432296114,0.030751436045214242,0.04789030656210258
-0.33020559477228817,0.3738017576971014,0.26817953913086506
-0.1931737938911434,-0.38030822260559716,0.24155924617966523
-0.23375558051845485,-0.28784887536766723,0.002443711932142767
-0.21175384232253622,-0.3592478316403176,0.21669371544408583
-0.1931737938911434,-0.38030822260559716,0.24155924617966523
-0.2277434385430124,-0.02705656957951992,-0.0497688435682766
-0.2084062941322676,-0.2860948024655162,-0.07739677541607559
-0.2277434385430124,-0.02705656957951992,-0.0497688435682766
-0.21175384232253622,-0.3592478316403176,0.21669371544408583
-0.2687208099399409,-0.12081308193572618,-0.05046522276205184
-0.1931737938911434,-0.38030822260559716,0.24155924617966523
-0.23375558051845485,-0.28784887536766723,0.002443711932142767
-0.2599000544876441,0.021777803704702364,-0.022855045603345836
-0.278810161092111,0.03738143436819466,-0.05210764953857128
-0.315764436191382,0.2666513192268795,0.14612869833102132
-0.33842645252072584,0.2652630105314485,0.18886580936937886
-0.2277670864482395,-0.4099157627945171,0.1120174600625728
-0.30945218195245683,0.33865695220526115,0.2530459221636631
-0.33842645252072584,0.2652630105314485,0.18886580936937886
-0.315764436191382,0.2666513192268795,0.14612869833102132
-0.34051036460794826,0.21816360908492877,0.11965912353098379
-0.31420213290937654,0.38445549792199213,0.2358901578477582
-0.31232567933072747,0.4146908273769884,0.09919924083410292
-0.2712753291060452,0.1800920627750674,-0.07943008905836302
-0.2508815870553305,-0.08392237328600377,0.09040727620565608
-0.26428700237810276,-0.22424422914444495,0.12550509819713634
-0.24530082059319663,0.07038749165115407,-0.13231253911877666
-0.23153555566405593,0.0246469425816849,-0.11854052717309072
-0.229795354094614,0.024485616584613817,-0.12239451821759112
-0.26428700237810276,-0.22424422914444495,0.12550509819713634
-0.2404442411859026,0.03226371499754452,-0.025907217709035812
-0.2836969015607357,0.30805917262753507,0.1047419900758857
-0.28925655736133743,0.22070463917677924,-0.008988501375961633
-0.30509640436756547,0.03112079598720885,0.027410152622387718
-0.27245622627432553,-0.1277467182347276,0.20457887878016484
-0.30139965081114106,0.0057127136825353975,-0.06557506840829808
-0.2799910855751043,-0.1989808969469078,0.027578415872768325
-0.28022818930842486,-0.10826103872281637,0.13398708792445774
-0.19423450307263027,-0.4818866770703159,0.1672602213903614
-0.2541486998665333,0.052068341070181656,0.151029041711018
-0.3355844170986283,0.47826723361111106,0.20774112593047894
-0.23510075128044464,-0.27931142447084456,0.20287069499794202
-0.26588292102692207,-0.08826865344929244,0.26588069674483233
-0.232867093093691,-0.0802398337563773,0.25173083557492687
-0.22157869179820633,-0.1303568515817969,-0.1923581716382589
-0.27845483535138954,0.07744352770132035,-0.05695941930571774
-0.27195147905157036,-0.12228344059573062,0.15795238890931945
-0.24798696474246432,-0.24336763286431817,0.05979879742602656
-0.26792824443772034,-0.19198554771047108,0.018306120275841775
-0.24685524692089472,-0.19450855362617597,0.14332338220173618
-0.31120383833811255,0.041000989712310504,0.0840017845501893
-0.28980453818464136,-0.0016949087365819293,-0.10794220082366057
-0.2491088124299125,0.05583148288651932,-0.13316511444557816
-0.30331662218362504,-0.3539033908891267,0.0035189150616973253
-0.2988580030060032,0.2971138390041537,0.13672911951346528
-0.28608504326708756,0.3717704362429988,-0.015166469443428199
-0.2801716158917515,0.059183881901902435,-0.22752404841091683
-0.2715701062784721,0.051389721209274514,-0.20521060808981445
-0.3050563329170439,0.046437236239674134,0.005933957766332987
-0.2977553449891885,0.3761582100804554,0.14577942615482448
-0.2836734402257069,-0.23237576058355167,0.11787152914972215
-0.30306187626322756,0.009509963122312032,0.016675812805030887
-0.29141736725070044,0.29874068733327913,-0.17852078836126992
-0.2585558905269899,-0.19535818948459965,0.12487173978242089
-0.2595039913494982,-0.19593722340221137,0.11278547882632156
-0.2132970037366482,-0.25533834400115374,-0.03317327747689924
-0.24132034513006562,-0.3516927441675886,0.3179867887143856
-0.3414251734557303,0.3761350477775394,0.28865136321152945
-0.2799738208197009,0.2484032544832479,0.11112446229670175
-0.25050121318057306,-0.05646822455386563,-0.19035148621637965
-0.28892082244906336,0.15547179112691079,0.20869000224686657
-0.2918469341809192,-0.21953733612737786,-0.09723918786102931
-0.2918469341809192,-0.21953733612737786,-0.09723918786102931
-0.2094031779817813,-0.06337995984569691,0.10413010527642003
-0.289060746759743,0.016424176694593284,-0.03186860642619399
-0.25670248846906046,-0.06910973188716438,-0.08675449559568305
-0.2094031779817813,-0.06337995984569691,0.10413010527642003
-0.2170491837369659,-0.22318216795101078,-0.06598886710320595
-0.34243345232019073,0.3697871439621767,0.17015116601280628
-0.28929043086746825,0.4508131301131691,0.11036507239763715
-0.2959071435824647,0.2412214270033286,0.07888719788612897
-0.28985146668633527,0.1697703451075795,0.1728852865868919
-0.28892082244906336,0.15547179112691079,0.20869000224686657
-0.22996899230607698,-0.08080689653514701,-0.033912417059262956
-0.25018516088216936,0.36055077542630476,0.07993668665029896
-0.31574652112040164,0.3971473747067638,0.013442254532561204
-0.25050121318057306,-0.05646822455386563,-0.19035148621637965
-0.2918469341809192,-0.21953733612737786,-0.09723918786102931
-0.2468727788952963,-0.2722675850774684,-0.12146491367979129
-0.32833808905068806,0.09986189865712694,0.03986486570784564
-0.2055746438573157,-0.39707197281978407,0.07520522032925592
-0.2712639720594487,-0.19011363302159354,0.016658108081301415
-0.29613737253584155,0.378338009337116,0.11949640737710793
-0.2936325514099696,0.16083384772056358,0.017849708760108995
-0.26953960759091633,-0.02135983266221117,-0.11827810327392718
-0.2902369276962416,0.04768048669184077,-0.05801486724952787
-0.3156777190767843,0.258717263889673,0.0501764708869844
-0.22045181117016488,-0.1948452814384134,-0.24477228903942008
-0.32833808905068806,0.09986189865712694,0.03986486570784564
-0.30363413300409625,0.06634608696062635,0.022795149744340326
-0.29354180070167646,0.14373975433671182,-0.0020536006658176675
-0.2151762379294715,-0.2835197789841628,-0.0541366286574998
-0.2055746438573157,-0.39707197281978407,0.07520522032925592
-0.19011915748769218,-0.40957936594607885,0.06933577629286247
-0.2491835212349457,-0.015410598197766051,0.023272259499947878
-0.29143450402749294,0.14633596445227753,0.2275106950113947
-0.2229521894801824,-0.3347743949355416,0.3866929915402421
-0.2229521894801824,-0.3347743949355416,0.3866929915402421
-0.33528770321801094,0.3696259805465779,0.09555492012813843
-0.31106790841118537,0.23434950081781714,-1.5883384028581027e-05
-0.27680763166519357,0.11208844740836932,0.05396129116075116
-0.27350977994171843,0.10828006631117082,0.05131526238781364
-0.29363399221427744,0.19960608642857214,0.006184661602062158
-0.26951229226190887,0.04889357464375785,-0.046847972842379126
-0.2813925028064161,0.23169471799690194,0.012979822898948945
-0.254490175423207,0.35630478439747665,-0.10094414300166332
-0.2200322294253528,-0.12494899647763788,-0.08372639446662067
-0.268115022879634,0.06166567172489584,0.0037751884418516513
-0.2743254944095597,0.1177016912633666,0.02687080358525895
-0.18907840592522243,-0.16133545711984415,-0.3201622736417421
-0.26875154284411124,0.5256058420843848,-0.08947650725718492
-0.28411261138278604,0.4519479872710494,-0.07321717209887929
-0.3116742741756345,0.1978434639130609,0.09967646575822825
-0.31495574405840027,-0.056418709669904296,0.09804566369467177
-0.24897368939442,-0.03875809766203403,-0.1335810666724077
-0.3171464617962724,0.33330731274904296,-0.028949568199128528
-0.28411261138278604,0.4519479872710494,-0.07321717209887929
-0.25942416990772693,-0.10930552124087697,-0.07214871579277898
-0.26875154284411124,0.5256058420843848,-0.08947650725718492
-0.33151395728181365,0.3808974484868581,0.11677879482462533
-0.3116742741756345,0.1978434639130609,0.09967646575822825
-0.25502868527139544,-0.3209179402344987,0.22658470288116656
-0.25502868527139544,-0.3209179402344987,0.22658470288116656
-0.2707564952745534,0.15752865985697,0.025060155298867126
-0.25502868527139544,-0.3209179402344987,0.22658470288116656
-0.22156925879404524,-0.31086576788648046,0.0062244266166600615
-0.25320691505520493,0.1781585694513489,0.15101742300340443
-0.2666744181134217,0.1717311125274733,0.15375820726596384
-0.24175569243974643,0.03345883524690882,0.14026065277979455
-0.2356937371979329,-0.14989753659864236,-0.2240592719663255
-0.2711077952787762,0.08776110766105186,0.32403196094499903
-0.2678085482353485,0.11979899756032386,0.142370203848931
-0.25502868527139544,-0.3209179402344987,0.22658470288116656
-0.2739303854559805,0.024802555796424236,0.06757704719271213
-0.2577484720590728,0.14982954681310717,-0.023914886566100135
-0.2707564952745534,0.15752865985697,0.025060155298867126
-0.29700414789396756,0.3309737679950198,0.18779338705131393
-0.2558002799489146,-0.0066201897244239916,0.11290258904317169
-0.3228812143514747,0.1983189295409571,-0.09561867061542301
-0.21160096664345973,-0.08691401407242057,-0.3049418113241955
-0.2557966234439401,-0.013780169788647198,-0.07877350040837888
-0.23560599915383798,-0.4908509824392733,-0.08144578843825645
-0.27823968386962794,-0.043586679606126166,-0.007928105032273258
-0.31749592041721075,0.14815719287593626,0.25010642836219704
-0.19771811196082942,-0.3331941977146493,0.026305729867848293
-0.29522526444460606,0.20231589085038,-0.014930840296153935
-0.2700521951042121,-0.11054895213472582,-0.2290888930509553
-0.23922204981821416,-0.3953006778126335,0.1226032609156063
-0.2558002799489146,-0.0066201897244239916,0.11290258904317169
-0.3128402357143079,0.18700029627112075,-0.008708637261459373
-0.3470289700270068,0.32262813032323095,0.08287428437513622
-0.29875227801028875,0.06714317449175539,-0.01741606107732674
-0.2738427211997408,0.09409084735247628,0.2586393510807145
-0.25469103322618314,-0.07814622945707506,-0.13569364395343475
-0.2647718618387805,-0.11247040317664234,-0.17387544047557238
-0.25469103322618314,-0.07814622945707506,-0.13569364395343475
-0.31223641604962676,0.348965866383981,0.10982337945897158
-0.3279687965999812,0.322493908121866,0.04274175260572799
-0.29875227801028875,0.06714317449175539,-0.01741606107732674
-0.19070420098199484,-0.2787184055883444,-0.034240866893690936
-0.2738427211997408,0.09409084735247628,0.2586393510807145
-0.2919092236672724,-0.239495504338115,-0.08065616267279185
-0.2882841102241107,-0.32898942198283043,-0.058451076263147994
-0.23658870056756448,-0.41663311741532977,0.1155753451028963
-0.2616142176536244,-0.01949820780846781,-0.10676436363332231
-0.2542115871573779,-0.18398395004419887,0.01636374676281499
-0.3130396545383777,0.2524721004260579,0.028109311433846818
-0.253557270340332,-0.010335632587218646,0.0969676094779417
-0.2925043883980868,0.19823308401055978,0.13967661758082
-0.28567431846426605,0.2959338892348125,-0.06680656396179846
-0.309447930991673,0.12548576266046213,0.04534189442760367
-0.309447930991673,0.12548576266046213,0.04534189442760367
-0.3202811914884305,0.09395074306245987,0.04559148402886121
-0.253557270340332,-0.010335632587218646,0.0969676094779417
-0.26708571774457457,-0.17289510942729927,-0.021969692816314057
-0.253557270340332,-0.010335632587218646,0.0969676094779417
-0.2512347290854945,0.08805761752206248,0.17849203167988387
-0.22220349419874702,-0.3308364307299927,0.11374429144241988
-0.28567431846426605,0.2959338892348125,-0.06680656396179846
-0.2925043883980868,0.19823308401055978,0.13967661758082
-0.3202746163312832,0.25392178938656973,0.048720308672308976
-0.2697521841221249,-0.027329176050022372,0.09870928977312665
-0.2877628118200366,0.2058636299247154,0.14829454113802448
-0.27282221261277795,0.01716148710539664,-0.07835240438165708
-0.309447930991673,0.12548576266046213,0.04534189442760367
-0.30200403804340337,0.08683747123117772,0.13528242534951046
-0.3066524014377142,0.34597304255857997,0.24955501347419856
-0.27351302679385686,-0.06778647800390891,-0.08825895112354326
-0.3202811914884305,0.09395074306245987,0.04559148402886121
-0.3219139303294406,0.3623327721279004,0.1370850439869094
-0.2438852411204312,-0.04959938015497234,-0.1393056421642866
-0.26708571774457457,-0.17289510942729927,-0.021969692816314057
-0.2512347290854945,0.08805761752206248,0.17849203167988387
-0.253557270340332,-0.010335632587218646,0.0969676094779417
-0.26890230714828556,0.1509308851781745,-0.025602886241400502
-0.27673543624025315,0.027593813058301858,0.056223751783354536
-0.23244971875323683,-0.21984084566071238,-0.12087626565478099
-0.2693217283826862,-0.045564778433415,-0.009987323639424284
-0.20249531017650194,-0.15195603266560215,-0.11659777787815573
-0.2618936331795283,0.08936079147405468,-0.004440087975783769
-0.3146321248247561,0.09805707093787114,0.09518380199871318
-0.2507709954242966,-0.011461424624228597,0.06204619853288035
-0.2693217283826862,-0.045564778433415,-0.009987323639424284
-0.2421219463323191,-0.028263308890818517,-0.07723197672914789
-0.24737456956356704,-0.05046526919334168,-0.06682369867907156
-0.23244971875323683,-0.21984084566071238,-0.12087626565478099
-0.20200777976344572,-0.3875392435098799,-0.23872965059346812
-0.30509933113539006,0.05374545387972307,0.10677717986859708
-0.2380208381119407,-0.034191228863919135,-0.012431286921542273
-0.27767637448457927,-0.27506267511498106,0.12778187953088677
-0.2857881083453595,0.09574179195468757,-0.15729179600059837
-0.2769576616296144,0.06866734156327589,0.023697284195118018
-0.24568722492327033,-0.24430426523177573,0.03830427740547798
-0.31349888441104384,0.25453095948486204,0.2925260810949509
-0.32342001546837884,0.2817335344789295,0.27015492189025286
-0.31995940614941065,0.1851128945277707,0.19762168049683165
-0.18808216997687238,0.00616559492263527,-0.26413281249841736
-0.3323586596041759,0.33864868285699024,0.12132221292255646
-0.28497522975999795,0.2893602621632288,0.07474359230709965
-0.29511583459806456,0.35817130530974034,-0.07618756723174519
-0.3070365586740413,0.07242334870116507,0.2411476092435027
-0.28645219360643165,-0.14488353354818673,0.05690046233016005
-0.26219483020836043,-0.1630503317654546,-0.12680228065706078
-0.3073194366758597,0.37842137200940534,0.010674639728216917
-0.3051150081412513,0.2629798350603026,0.2977556860198009
-0.2645976865097107,-0.07166756908179961,0.29266716096402895
-0.2879370003557375,-0.06746193083404581,0.16579963412639082
-0.24427405674997615,-0.15703218566809451,0.15731515529231827
-0.20915834434121758,-0.24520412622474894,-0.019163969358827304
-0.2760580141266943,-0.05257786408698625,0.0017111957473671113
-0.2556468719382826,-0.1388200807802498,-0.006049090851401984
-0.2777650371383057,0.04258003232414839,0.24524616271052563
-0.3063725972921895,0.07517455975145598,0.23119683648529182
-0.31417157891987774,0.032691953069140606,0.1299443408885957
-0.3070365586740413,0.07242334870116507,0.2411476092435027
-0.28391034500276147,0.02744842664947819,0.09706974122843687
-0.2797699305465851,-0.07751759419713626,0.17488455443648748
-0.2804612268543161,-0.08577225692435994,0.17298149880793462
-0.27354384281424315,0.1468749941036221,0.17022170994764269
-0.28645219360643165,-0.14488353354818673,0.05690046233016005
-0.2932244318375826,-0.0900110705033465,0.1491469664272645
-0.26219483020836043,-0.1630503317654546,-0.12680228065706078
-0.28680317649448284,0.014122722196333343,-0.05913622605746577
-0.22663446401539566,-0.22219391970397215,0.08632292102069705
-0.23197257612685265,-0.424748864707334,0.10988497836215966
-0.2338549300887141,0.04473767401907783,0.3160451951687368
-0.28012930184614077,-0.06581515449693229,0.169262642456754
-0.30051662875260954,0.09639868927120751,0.06353658177187116
-0.23197257612685265,-0.424748864707334,0.10988497836215966
-0.2977400377458441,0.0638823457671096,0.21372219787067875
-0.3244150319059734,0.05008053964045889,0.1839473433790058
-0.2562182610127708,0.04683713881708404,0.046913846988762775
-0.2094962453340199,-0.3679908586953088,0.12456942236904506
-0.2857958456662335,-0.02530878707331044,0.16688650885220385
-0.24857808039683468,-0.06430368912377737,0.12087054186126472
-0.2732153859397213,-0.07099654480936844,0.09578295091821237
-0.29800320441081496,0.010478584587905349,-0.018727955138729324
-0.2562182610127708,0.04683713881708404,0.046913846988762775
-0.2094962453340199,-0.3679908586953088,0.12456942236904506
-0.21182216140854515,-0.2026726272094584,-0.25598881305103455
-0.27688644785246214,0.06945457795701362,0.04566176679828565
-0.26575398487261026,0.05508401886905631,0.07867575476312844
-0.24857808039683468,-0.06430368912377737,0.12087054186126472
-0.2720554747343813,-0.06340730677303295,0.13087624143907522
-0.2776650402008121,-0.10482318451232017,0.05580465501685322
-0.27817878032275434,-0.10680184043869331,0.05786854179614159
-0.27778877004127933,0.37932920548549937,-0.08626730921040815
-0.2857958456662335,-0.02530878707331044,0.16688650885220385
-0.2660698067391616,-0.0697332008958929,0.12307283572946831
-0.29141248483576143,-0.20473115606890627,0.15876062368509342
-0.32459623919191094,0.347243613158195,0.09999287718839217
-0.23802423058448047,0.026479172146428198,0.09145149614778392
-0.22792330513844128,0.01094565131806674,0.16608644248954435
-0.27682357946159636,0.10879196582921746,0.04248813258813988
-0.25771133060821555,-0.23502227131371997,0.15281391084940393
-0.2660698067391616,-0.0697332008958929,0.12307283572946831
-0.19076308647000043,-0.3329501093219255,-0.19803429792060753
-0.23683433748370736,-0.05392100156263492,-0.028418415112590634
-0.3104266631636845,0.30083631423967755,0.08320955443852035
-0.20894518848630156,-0.18294498664496317,0.07142201136056231
-0.3203248262711885,0.36285696139298856,0.0493282215309237
-0.3104266631636845,0.30083631423967755,0.08320955443852035
-0.20894518848630156,-0.18294498664496317,0.07142201136056231
-0.25712148236406124,-0.05398541833545367,0.1323547054075876
-0.23469998703943573,-0.13093150832413078,-0.06144330387283742
-0.21554033978772752,-0.2123018104324869,-0.018069665960473213
-0.2673547559540325,-0.163227602220228,-0.011076481648173264
-0.268299201464247,-0.16726264192276855,-0.01387341339433068
-0.21554033978772752,-0.2123018104324869,-0.018069665960473213
-0.24365022642859552,-0.07919948899130327,-0.05154049088256568
-0.2628733020704881,-0.06020881894618314,-0.020379520657344496
-0.25613741520293265,-0.17996129204436762,0.05900812462744959
-0.24882746878786027,-0.049900447599300374,-0.01372061761557436
-0.24857739851734162,-0.003936595701313855,-0.05092228345114891
-0.1886548815519856,-0.12724949111947503,-0.21617355406487862
-0.21541283696057253,-0.2267417600057542,-0.07701650746018024
-0.1987924147292672,-0.47885565212981207,-0.07300140387734616
-0.1480558981603743,-0.4061275986434097,0.13791078788444006
-0.25674143488234336,0.0785917621040152,0.21485858635129856
-0.28818725049479554,0.18950585145964904,0.25981934194996453
-0.21541283696057253,-0.2267417600057542,-0.07701650746018024
-0.29297949162597614,-0.2384624611368256,0.08055959535165597
-0.23388798791531115,-0.4358318745924781,0.11512940626128981
-0.2335939718403572,-0.19982529648117517,0.06956168467818474
-0.29297949162597614,-0.2384624611368256,0.08055959535165597
-0.23388798791531115,-0.4358318745924781,0.11512940626128981
-0.2778306323446198,0.11674101434547618,0.035458122416303584
-0.3277175583787089,0.228433545078422,0.20254514067305723
-0.28885488527682274,-0.03691762832810905,0.0007264620353690243
-0.30701314818535586,0.08789212884101921,0.09510487200726442
-0.2173919267381163,-0.039685688833309335,0.17683178653814796
-0.2842353622314673,-0.13973578797377612,0.11490235951583644
-0.2815672818163139,-0.22645999485178572,0.012058929738681279
-0.2766107126319426,0.20418851853159403,-0.23160780638052983
-0.2815672818163139,-0.22645999485178572,0.012058929738681279
-0.2630800105017067,-0.03952417060792256,0.03483632465380804
-0.2715937687226368,0.1683904439055261,0.04080306110809234
-0.2842353622314673,-0.13973578797377612,0.11490235951583644
-0.27384749870683034,-0.12953473544428756,0.15816141952229407
-0.2803851181454315,0.31928700539440125,-0.22577275288590695
-0.3059806660405982,0.6135079600310636,-0.07786268693280679
-0.23487844023840695,-0.15787159439341497,-0.2158195140047591
-0.33057491122286786,0.5488632374355555,0.23755470496899106
-0.30599428596821293,0.29923224586642466,0.08303193904623812
-0.28613100235702305,-0.007250061607085773,0.028110451036034767
-0.2830292521420446,-0.16175051066666707,0.26318992234208366
-0.30599428596821293,0.29923224586642466,0.08303193904623812
-0.2520406113318996,-0.05536799610748139,0.11122570721639985
-0.297787613737706,0.19866538014487006,0.2038909985390272
-0.2892418585333519,0.1008656551173499,0.153614603393411
-0.2402338311481106,-0.1145370812672882,0.03381787781411
-0.27091786163289266,0.04511706565840157,-0.004672015554564424
-0.2789218920431659,-0.2673821090265851,0.07190417240221564
-0.27839381260812335,-0.12979226989392936,0.0030781232915797485
-0.25959928968429496,-0.41366775331071676,0.06329711269987498
-0.3065781503907565,0.2505817703720334,0.11532699512416017
-0.297787613737706,0.19866538014487006,0.2038909985390272
-0.22215720634030448,-0.25481536967249163,0.044879980444987866
-0.25416163173810286,-0.27318109223948783,0.02765867724352783
-0.24785940563547615,-0.1482829648854685,0.007658191765810285
-0.2840621047006992,0.05503012483236602,0.25733669690216526
-0.2536449406894866,-0.13290844077337843,-0.028482469154308243
-0.22195728066835263,-0.24265887868973882,0.14930608710818877
-0.22215720634030448,-0.25481536967249163,0.044879980444987866
-0.2764693960018366,0.12845404981120684,0.09637022256461408
-0.2609160150077202,-0.14441755365067976,0.13285282854849106
-0.2532353195510227,0.07045145483690435,-0.09825903671844144
-0.2764693960018366,0.12845404981120684,0.09637022256461408
-0.2781772280835311,0.34759787044186063,0.1619564465564129
-0.28122833284200616,0.10961481549872121,0.16410989652703328
-0.23486830254874835,-0.427017745077,0.23379786192851598
-0.2834387575129078,-0.019905586853437518,0.10361070218060531
-0.22624172671015055,-0.17520185031534863,-0.05238156849440939
-0.2925609984097769,-0.0995295369766464,0.11936393665522321
-0.20446900627937917,-0.45408876221160155,0.09450944789835669
-0.26577774854629427,-0.03714930671316444,0.015923503682825635
-0.22624172671015055,-0.17520185031534863,-0.05238156849440939
-0.26824035424724313,-0.07918838308948095,0.015962115385033337
-0.20055495304467222,-0.2783939241418922,0.1380306950029337
-0.23391599408612068,-0.11712565561572383,0.2610121145166097
-0.20055495304467222,-0.2783939241418922,0.1380306950029337
-0.2535717575184114,-0.04684932944643588,0.21107233312328838
-0.26824035424724313,-0.07918838308948095,0.015962115385033337
-0.33327513139227327,0.3379634001639495,0.18603860426468816
-0.21714536928043,-0.07175274589343605,-0.11337381139806241
-0.19992289482388217,-0.2981767062108142,-0.2804481193661459
-0.30672121865370033,0.3533719102636748,0.20105756697091043
-0.24415557023303214,-0.3452038885119394,0.12566494408378187
-0.2486724985730135,-0.04445862134922743,-0.1268059389705985
-0.2506072799105507,-0.3064510754096883,-0.059466170963339504
-0.2589372165642722,-0.10671425494772446,0.0224739931550908
-0.2736882292832937,-0.13410908420151052,-0.09729616318494733
-0.22361544608211606,-0.04110786765253294,0.08769890437401445
-0.2689058502072277,-0.3708604393906706,-0.02596582664519037
-0.2728727107116661,-0.30259704599526227,-0.045351936082556665
-0.28570779006211044,-0.23099757797866835,0.053756739701333156
-0.2829655449505698,-0.10669907390768837,0.03886310880795013
-0.3291789786979162,0.1494502149109873,0.20485654293272643
-0.16802322574347997,-0.5212078588371962,-0.050208401834365146
-0.3158764587062621,0.3377353736337966,0.1027849954859612
-0.21550890306059783,-0.01210795871927181,-0.047333684252791886
-0.26733831742627145,0.1293716761652441,0.15600379851813623
-0.2779312752219695,0.12952302721702613,0.14971039832096883
-0.27770138802769073,-0.014610628494375166,0.009297691098048788
-0.23543173931486636,-0.17188020483526215,0.0423771289510963
-0.24337578433922663,0.19586086358617177,0.011688707582157787
-0.25231083558698836,-0.24483929067864593,-0.09943071711104079
-0.24911176466707688,-0.24217622185613527,-0.10106441317338793
-0.2729019469618048,-0.09639289107442314,-0.0168586602717668
-0.2750475925302469,-0.33935784734635355,-0.09195493736989563
-0.24337578433922663,0.19586086358617177,0.011688707582157787
-0.3161027626700101,0.0972060880116857,0.04342302375768575
-0.26844479870515264,-0.026350981083439334,-0.10799359006676318
-0.2315388862415272,-0.08898970418809149,-0.19362438334700657
-0.24418997867059655,0.06882703823677891,-0.17402511573915655
-0.2551020118607329,-0.3037198150173581,0.1722201573682372
-0.2551020118607329,-0.3037198150173581,0.1722201573682372
-0.2551020118607329,-0.3037198150173581,0.1722201573682372
-0.18098473009966537,-0.2467957111744563,-0.08226991768565128
-0.23282089533643702,-0.32456201420866226,-0.4074876103333088
-0.29403414045844023,0.18169515472016512,-0.029067772507655076
-0.21953126169564308,-0.2844843040276418,-0.09136978427535075
-0.2551020118607329,-0.3037198150173581,0.1722201573682372
-0.318439040187356,0.13223039355432298,-0.02039010525543622
-0.267728983597548,-0.17056965084541015,-0.1186965693034458
-0.25058840900576224,-0.17720489384904206,-0.00596225795188754
-0.28573075265423153,0.08686883746700122,-0.004444799560976709
-0.2387247266201058,-0.25577841993859995,0.1536748042477481
-0.3354617977947959,0.23291083322158784,-0.04945039420459291
-0.318439040187356,0.13223039355432298,-0.02039010525543622
-0.31065977050432697,0.1776698260181851,-0.10784026108415301
-0.2335802101015681,-0.01947981756700451,-0.08345599177515278
-0.25246853997524543,-0.2364217815247133,0.01712802553555348
-0.21721206977028534,-0.3393841394946733,-0.24881384379997984
-0.24542189566765102,-0.21736625143232507,-0.05899753559862042
-0.24471227747691662,-0.2191047990115274,-0.05368591566727987
-0.27962239279365486,0.16334645014194665,-0.09903908281052698
-0.2682315396631811,-0.030830105675538386,-0.12009203235652632
-0.19562586210970648,-0.35371393615683,-0.12006483985408434
-0.1982642698795879,-0.1318028152456906,-0.2829693507827746
-0.21833665400171537,-0.2872293469715409,-0.12555975674086872
-0.23696111141836562,0.008668944915056737,-0.04246646315103453
-0.2560373836781343,-0.01996290926498276,-0.08412093349140892
-0.2678012321998648,-0.12280276206131718,0.07152569055288521
-0.2310895655185497,-0.09520322833540723,-0.044268366160733486
-0.22508729235478023,-0.22466856565099658,-0.05529346090959886
-0.32573134715919017,0.3090581692349864,0.12761542811777188
-0.2564824319258654,0.044027860960753645,-0.0003327539799231616
-0.29737586235917635,-0.013788512277713771,0.0017333318365711503
-0.23374776146780601,-0.3635968042073219,-0.060843718247402256
-0.24883894506832305,-0.03191791257340161,-0.14024270159920374
-0.2816055218165301,0.06829106833064341,0.05597379469037633
-0.27390326781698926,0.037588663439957065,0.1062754142476045
-0.32573134715919017,0.3090581692349864,0.12761542811777188
-0.2514920623752267,0.005139322531805796,-0.06765254831487227
-0.2599446293797275,-0.16717103081844928,-0.03750548005170645
-0.2703143452459943,0.19779613193035978,-0.013709512037820837
-0.21108873131811737,-0.24030526960565088,-0.023137118628591302
-0.22508729235478023,-0.22466856565099658,-0.05529346090959886
-0.26364994848030976,0.07907660456378768,0.061601667153757644
-0.27109090974267364,-0.001299751752245032,0.16292855498445774
-0.20741118380157803,-0.30993971553188726,0.08127370207676343
-0.2728479132832783,0.20837808468312657,-0.2192982247194991
-0.2934864614170205,0.11911143539482211,0.0912635451457085
-0.2438261488269748,-0.23714654035675983,-0.01433579454481232
-0.2856988040354844,0.15768650443419807,0.016301221364890484
-0.24292550308311064,-0.25162534394564307,-0.11899439794700578
-0.2438261488269748,-0.23714654035675983,-0.01433579454481232
-0.23938325388985732,-0.1210952166422206,-0.04401580715505615
-0.26476996079330595,0.08190226146476753,-0.06434145577848877
-0.25181828755660624,-0.16270669199201176,0.04069303060440249
-0.3158842245530396,0.3266145357770099,0.016726986159387724
-0.2487159903145164,-0.19399255629054002,0.01497802091909578
-0.20932088264512003,-0.2980320412809504,0.09650972537660857
-0.2792500511455552,-0.19961946967546343,-0.031093778101100034
-0.2549313934431091,-0.4319884119927266,-0.08609548189532373
-0.2381195585008636,-0.10920377494005905,-0.04910336913986002
-0.20932088264512003,-0.2980320412809504,0.09650972537660857
-0.24200700258441737,0.030695564778083356,-0.10449134531654486
-0.30079203845615543,0.024243955544713425,-0.04720653383300871
-0.2564858458438927,-0.20810639022930574,0.10055913049360166
-0.30715208570835945,0.21354084355593977,0.018856440015537046
-0.26500014861852017,-0.2259564484487975,0.01888323482148846
-0.2616508550598795,0.05552413927066993,0.01635988536051325
-0.29003888803807304,0.17812740629663243,-0.07553485146541367
-0.2487159903145164,-0.19399255629054002,0.01497802091909578
-0.2588099766378474,-0.2861971599796762,-0.10395073821292561
-0.2534861404568756,-0.36874360691046515,-0.08310910626852053
-0.24474400456566614,-0.01992203080628767,0.14668375270285233
-0.2355228104266766,-0.2982216182351579,-0.15806348100977582
-0.2816463385829372,-0.05582605604095853,-0.09047288101037493
-0.23712684247388588,-0.07035737830167332,0.05789260223454917
-0.287651291374416,0.23040715203882584,-0.04369133643633882
-0.20613226513649122,-0.1717044677106917,-0.015688886154747783
-0.2588099766378474,-0.2861971599796762,-0.10395073821292561
-0.2534861404568756,-0.36874360691046515,-0.08310910626852053
-0.25750619943196995,-0.3434063989737073,-0.10061239794886967
-0.2232192447719579,-0.2909998890625449,-0.11325730778478676
-0.2724624544428529,-0.0504937354705811,-0.1938919950579379
-0.26562714386406355,0.30093602425160404,0.10351719745777466
-0.26161967688226284,-0.06582169991066157,0.09002451697958175
-0.2533826048126878,-0.09426391890354768,-0.05656064881812767
-0.2587024966959104,-0.0642581372692861,0.08901041751101074
-0.26161967688226284,-0.06582169991066157,0.09002451697958175
-0.2824534025064352,0.09203549731894367,0.002820589858838096
-0.19011526249506563,-0.2892433148449629,-0.15763316251464138
-0.2533826048126878,-0.09426391890354768,-0.05656064881812767
-0.3063982863181767,0.23442338028028115,0.10932487517967682
-0.3063982863181767,0.23442338028028115,0.10932487517967682
-0.24342879246199078,-0.19509296253911076,-0.02600518488020387
-0.2576153731047287,-0.14290307264271587,-0.3058552509218551
-0.27470764185806096,0.03635240340577656,0.13075203337427727
-0.18247668762149025,-0.10003090901790135,0.06068323087371763
-0.28288931637580855,0.20423121278653755,0.041888241006936555
-0.27470764185806096,0.03635240340577656,0.13075203337427727
-0.2969151051354234,0.267296918245524,0.12269750818186292
-0.32002414075738406,0.3131361229637976,0.030914280292521745
-0.24838609506286335,0.08047671239983634,-0.03243347637048838
-0.33430028226424324,0.26954745953196185,0.16263983704338886
-0.24463479740635946,-0.295441649658267,0.040360136099996335
-0.22365626819127932,-0.16445660191090714,-0.2000235083966613
-0.27814494535523293,-0.0016427192121007128,0.0445259063693732
-0.2155843044925676,-0.1726042399418135,-0.17589609568343367
-0.24785415619617976,-0.15572406415253848,0.023609953740645284
-0.26731210538808137,0.1617526783075215,-0.0926768720257895
-0.29250353601022666,0.2105494323306245,0.1510050211301252
-0.23968091908329617,-0.3712086423683103,0.090168534479865
-0.24348606003324122,-0.11110987243191087,-0.08481506562994207
-0.25576751583788815,-0.25924143548701994,0.06630567033131751
-0.222080227702831,-0.16361849124567557,0.03562071334423883
-0.23968091908329617,-0.3712086423683103,0.090168534479865
-0.24348606003324122,-0.11110987243191087,-0.08481506562994207
-0.25576751583788815,-0.25924143548701994,0.06630567033131751
-0.20121941673947555,-0.29552171369793967,-0.012408612851886713
-0.22444976261591856,-0.1843786573172394,-0.09711495145865451
-0.17324695249529998,-0.44630321344430574,0.17578546720922467
-0.20121941673947555,-0.29552171369793967,-0.012408612851886713
-0.17324695249529998,-0.44630321344430574,0.17578546720922467
-0.29353512226457446,-0.048140309268802736,-0.06575546385394165
-0.22444976261591856,-0.1843786573172394,-0.09711495145865451
-0.27442117673884747,0.3622951521934494,-0.14768696895765066
-0.2983274523331297,0.13908784245475664,0.026398936774063353
-0.29675380498696446,0.3672498163066373,0.1685769925201392
-0.3218297954585222,0.21182070554946925,0.02806564960137281
-0.25753949285568634,0.1723468796582613,0.06543846925263708
-0.21624830586023464,-0.20510157139275664,-0.3057018910987315
-0.3067785564359031,0.3669631431888774,-0.14010741616282557
-0.3328109246833746,0.41850853788812753,-0.05603145543145216
-0.3218297954585222,0.21182070554946925,0.02806564960137281
-0.27148773437501283,0.020616510074397743,-0.04359586906491153
-0.29675380498696446,0.3672498163066373,0.1685769925201392
-0.2679251639628514,-0.17645511643353523,-0.01189943838453933
-0.22796545593010467,-0.3345304170456932,-0.14047781706783413
-0.20412295134445851,-0.04501694973854323,-0.1378977056278815
-0.22796545593010467,-0.3345304170456932,-0.14047781706783413
-0.2679251639628514,-0.17645511643353523,-0.01189943838453933
-0.2753243597695686,-0.17703981530645985,-0.01241886231002337
-0.26606955466036764,0.07339150220625149,0.12988211056723248
-0.26606955466036764,0.07339150220625149,0.12988211056723248
-0.2509083346045082,0.13579147463873203,0.12827232639301084
-0.26606955466036764,0.07339150220625149,0.12988211056723248
-0.2509083346045082,0.13579147463873203,0.12827232639301084
-0.25496893107496466,-0.0010984500867584623,-0.1458220889591683
-0.1864690722079539,-0.43616596334371543,0.0731464633796951
-0.23573129840189977,-0.16836395175478935,0.07522372501439906
-0.2720227619478911,0.19080003512247062,0.06860896143490719
-0.23803274748464012,-0.31325266074458513,-0.050227445191876774
-0.23573129840189977,-0.16836395175478935,0.07522372501439906
-0.27813406107717137,-0.012535897634353532,-0.16746975481530854
-0.2720227619478911,0.19080003512247062,0.06860896143490719
-0.2763614650936727,-0.31093301470096635,0.15506608874999867
-0.19895836705480233,-0.05499244733820656,0.11001133000697955
-0.28190498883321363,0.3059053536165612,-0.04803707165451965
-0.18657205199648744,-0.35720281139121035,-0.11145462083581309
-0.25515830555417945,-0.3515985497884615,0.05908455605638996
-0.18657205199648744,-0.35720281139121035,-0.11145462083581309
-0.31761523383940327,0.12784534506741868,-0.039471576855177826
-0.31590105761103215,0.12664625340739705,0.07408347909485796
-0.28190498883321363,0.3059053536165612,-0.04803707165451965
-0.2539635695035064,0.10527928263098763,-0.05584329319759018
-0.2025331658027895,-0.12862154303324327,-0.020717930751286362
-0.2814924633665371,0.024037886900260153,0.08137321566553818
-0.24331853691423636,-0.2643359057378014,0.116360107365788
-0.14538450392838279,-0.32961369212570246,-0.07776140817370569
-0.24174443117962352,-0.20864426323869528,0.002409973996576331
-0.24124961062384068,-0.2069519031512374,0.007824634610337389
-0.24331853691423636,-0.2643359057378014,0.116360107365788
-0.262433588607609,-0.02514836338524354,-0.04001873621515162
-0.2550362443257767,-0.19940986666867572,0.09991318011896372
-0.26831074208922195,0.2205633433210476,0.13584832966636468
-0.2652242577396258,-0.25484336916028155,-0.10997168746212155
-0.2379403516278696,0.019547012033288375,-0.06496557503364808
-0.21831660657422428,-0.1394704384106054,0.09989968904531416
-0.2230220861155831,-0.25303365596423155,0.019389247829730782
-0.2661556648792313,0.06437251589343232,0.03770770485684766
-0.3045756176282813,0.19432997338297964,0.13296653835810474
-0.275017021707349,-0.05712739923118895,0.21609990219244718
-0.2982605451395155,0.030860547539370703,-0.09211975783586629
-0.26763531996624246,-0.037284388423505316,-0.047702721349183574
-0.23342445833689401,-0.36185842260859935,-0.09174130416682647
-0.23342445833689401,-0.36185842260859935,-0.09174130416682647
-0.27689674355478794,-0.05834976518421628,-0.010134233447935903
-0.1813636521604122,-0.38987025738762443,-0.08450287694825914
-0.2608118536475135,-0.10958507070540785,0.05235590317984268
-0.27352295276366134,0.057544803028043545,0.07726716869949396
-0.25392767565959073,-0.4247989603337952,0.14680580755597866
-0.21943914335903594,-0.3063460525605144,0.18754450952723484
-0.21424165583445182,-0.42075548959612763,0.03358028409529146
-0.21943914335903594,-0.3063460525605144,0.18754450952723484
-0.21424165583445182,-0.42075548959612763,0.03358028409529146
-0.21424165583445182,-0.42075548959612763,0.03358028409529146
-0.24497575343095945,-0.09326535890449944,-0.16766426745382304
-0.21943914335903594,-0.3063460525605144,0.18754450952723484
-0.22211068740205026,-0.15565167415637857,-0.2331600297390189
-0.21110843015482778,-0.32301351628068764,-0.053505205617763396
-0.25190507066947365,-0.08645437876165211,-0.0001613769987968694
-0.21424165583445182,-0.42075548959612763,0.03358028409529146
-0.20581402369963914,-0.4143677444757392,0.019290201792554695
-0.2504936639763199,-0.22858137739882672,-0.051111128971526476
-0.2733802498103919,-0.27904858114454223,0.17582885797279585
-0.26712185139893035,-0.3143988603062863,0.22478530832015614
-0.26712185139893035,-0.3143988603062863,0.22478530832015614
-0.18204769855727837,-0.1650008032228806,0.05103710856476029
-0.28771593604016393,0.42177068577194626,0.005529709007548844
-0.23218765804820043,-0.33412284852973706,0.35030839852440315
-0.2722280789856667,-0.09823691971495283,0.022170529210090717
-0.23642274710438702,-0.3627613043434267,0.23493225285105584
-0.24534409479943148,-0.05471746615992981,-0.011047184863667847
-0.2733802498103919,-0.27904858114454223,0.17582885797279585
-0.26712185139893035,-0.3143988603062863,0.22478530832015614
-0.2603283712750357,-0.019921197005302524,-0.09408862668941903
-0.2999001171816372,0.25503018377447606,0.1352292917802383
-0.29893711141988,0.32748924781248556,0.19952162753156794
-0.23044446793780074,-0.24570341655626954,-0.014315598642719807
-0.26811197941548476,-0.2890984050359976,-0.034471281033958856
-0.2541850778764081,0.001163697969141425,0.06325188240603691
-0.26729920051213607,0.09806022273918555,0.1306136284642418
-0.2511801247171135,-0.17150298631183652,0.1093897664889722
-0.31528605415888555,0.2405867790991525,0.011156614083882466
-0.29893711141988,0.32748924781248556,0.19952162753156794
-0.26811197941548476,-0.2890984050359976,-0.034471281033958856
-0.2541850778764081,0.001163697969141425,0.06325188240603691
-0.21110340387949644,-0.3632221883879305,0.04391130650004099
-0.21575672581568847,-0.3753240540035431,0.1216638040390608
-0.2433716758436274,-0.14262368684948937,0.25724466552658193
-0.23044446793780074,-0.24570341655626954,-0.014315598642719807
-0.24229613368116049,-0.2037008186078046,-0.11791553393446841
-0.23465831093798142,-0.005139838012647474,-0.003310423752412861
-0.2502885190205448,-0.09284205440517916,-0.14083930512665646
-0.26258604862059054,-0.028374260767613332,0.05094282659007571
-0.25824427655498106,-0.03140583772572374,0.04704898063729562
-0.30042189385691853,-0.04941412874376325,-0.050778442342083896
-0.30014553856067033,0.058946979512242426,0.002446650369232861
-0.2311021139387702,-0.22922404484165848,0.04930396312721752
-0.2621981082108934,-0.21658023416008734,0.19809680986628503
-0.3130266099232134,-0.1600378099047331,-0.3558604744702806
-0.19337705813626174,-0.09771923919654191,0.11334476971207869
-0.2439124091562769,-0.33594977982763374,0.05060540357657378
-0.25120898170635164,0.05552288097990479,-0.01571233520083476
-0.2311021139387702,-0.22922404484165848,0.04930396312721752
-0.2621981082108934,-0.21658023416008734,0.19809680986628503
-0.3049717939569322,0.0939315147507161,0.11385387111208028
-0.25379985524856064,-0.046648472948911085,-0.1306707397308407
-0.23730239019854804,-0.2887084510634558,-0.07109587041564608
-0.22605170897909704,-0.5697370382743269,0.17865752196038515
-0.23730239019854804,-0.2887084510634558,-0.07109587041564608
-0.22605170897909704,-0.5697370382743269,0.17865752196038515
-0.2585716047924534,-0.2922105676429486,-0.04128119423129745
-0.2936437299631026,-0.23164167371450559,-0.09516659572943276
-0.2532591802692923,-0.14253324374706705,0.14592480847757955
-0.19420794999022445,-0.3089521293427776,-0.10109317261472839
-0.296584687257098,-0.22936251127691162,-0.10630668161458862
-0.26521500590366187,0.03408364688270307,0.06734793119130056
-0.2628601417950794,-0.22638995043060273,-0.009710815793499916
-0.2348879684488211,-0.4049269907156182,0.07471162849045515
-0.14786240394983102,-0.31303575237115744,-0.05356188341086526
-0.313913326262902,0.3167782499015001,0.21800092520264197
-0.23013716129199607,-0.06131880041550161,0.05375810638598544
-0.2348879684488211,-0.4049269907156182,0.07471162849045515
-0.24499401329176684,-0.36971983204752623,0.03334981934214709
-0.2297787713407964,-0.06199388447542384,-0.13177004235732448
-0.22232720278367984,-0.1959331450685496,0.01594871501443279
-0.22258766325273902,-0.5389558272757067,0.2480501730067996
-0.27725055516056424,-0.09513072016981083,0.1154372301139846
-0.27725055516056424,-0.09513072016981083,0.1154372301139846
-0.2230031260296292,-0.27420024244263985,0.18993978681519225
-0.2132432751450888,-0.18482542008001354,0.04328257888540121
-0.22258766325273902,-0.5389558272757067,0.2480501730067996
-0.2471986152290516,-0.2985421575979341,-0.06494113391426665
-0.23894024584780083,-0.3614973914531696,0.08247692195059858
-0.2682878205858914,-0.011707905316140715,0.05426573181391414
-0.2567895954311652,-0.19875499473228364,0.2261674234034386
-0.25557781456008044,-0.0142118909587724,-0.05477573870176089
-0.26213020241401586,0.23465160230646703,-0.05978393028266571
-0.21863401934446616,-0.0033858623445693348,0.042926633071828924
-0.26213020241401586,0.23465160230646703,-0.05978393028266571
-0.22557547140930037,-0.28367635920225986,-0.028046019998567207
-0.2686812856162634,-0.20144801842185062,0.004757243141294443
-0.22302896124595117,-0.21436516431937042,-0.16944129784932752
-0.22052629003548976,-0.24546134920492027,0.06378662151385234
-0.24071361949761,0.029559304194285735,0.01684043584351491
-0.2266273831581991,-0.35377784957678604,0.13212536778622003
-0.25840718272639074,-0.2757570814704925,0.29224785524872093
-0.25840718272639074,-0.2757570814704925,0.29224785524872093
-0.25840718272639074,-0.2757570814704925,0.29224785524872093
-0.25840718272639074,-0.2757570814704925,0.29224785524872093
-0.25840718272639074,-0.2757570814704925,0.29224785524872093
-0.20123550460127435,-0.4150901707903361,0.2048814584239092
-0.2783815709775398,-0.053458368601519035,0.06357876258347822
-0.2526313868727297,-0.19894722253371433,0.006583024946335114
-0.25566434661329435,-0.2608390391368701,0.12094811824530965
-0.30914095308578715,0.32867702293978085,0.10913416679952082
-0.21248960875996328,-0.2359633726496877,-0.26319917060543363
-0.25840718272639074,-0.2757570814704925,0.29224785524872093
-0.21397552078167797,-0.1689243343408216,-0.16595524555788776
-0.30249498445499856,0.11729725224944598,0.01721435698253987
-0.19158973396502604,-0.3669136981565533,0.024099318263383906
-0.16893272614586827,-0.4053393432014272,0.12526575729946482
-0.19158973396502604,-0.3669136981565533,0.024099318263383906
-0.16893272614586827,-0.4053393432014272,0.12526575729946482
-0.16893272614586827,-0.4053393432014272,0.12526575729946482
-0.22770724490255576,-0.41236553215788435,0.1271853542938151
-0.2732632844075984,-0.05022932907302889,-0.17515367845656907
-0.27583597251895386,-0.05093364534056184,-0.1774185855550666
-0.2669106969327945,0.07096693960581821,0.00796031871636288
-0.30249498445499856,0.11729725224944598,0.01721435698253987
-0.25573373325510834,-0.006510535890858246,-0.04303750631229114
-0.19158973396502604,-0.3669136981565533,0.024099318263383906
-0.16893272614586827,-0.4053393432014272,0.12526575729946482
-0.2669466585500694,0.0583281038622476,-0.10331019682678516
-0.24695705701477563,-0.12923719519665858,-0.1535355842056147
-0.2539221334632296,0.2429986796868499,0.13797014099446975
-0.2776228468214639,0.13350245386281134,0.033156783367875364
-0.24695705701477563,-0.12923719519665858,-0.1535355842056147
-0.2907071036582539,0.046613187470466055,-0.12212557301250837
-0.20593852060274614,-0.14416116353680944,0.023792848039021208
-0.2215065936678706,0.09214067033168308,0.035982820381674885
-0.2535847753055245,0.03961302246434853,0.08327614979022385
-0.29859725884199845,0.3775961541690361,-0.00554049512395538
-0.2215065936678706,0.09214067033168308,0.035982820381674885
-0.30457710217451156,0.22199428898803908,0.08635305788059672
-0.20593852060274614,-0.14416116353680944,0.023792848039021208
-0.2696942469005841,0.07882774055357178,0.06832589776234949
-0.2919980505452213,-0.0017882767472974792,-0.05180946961763344
-0.25883908748760515,-0.27950935676690625,0.090268439963124
-0.2919980505452213,-0.0017882767472974792,-0.05180946961763344
-0.17999010457425113,-0.43207348262279277,0.06513587819619832
-0.2440809763376075,-0.2963736604909537,0.053338087590353855
-0.2354145465879601,-0.03483510681532949,-0.06054394274685121
-0.2466835212739369,-0.30995254169089537,-0.10160550262114504
-0.24069247658451676,-0.19508035611641117,0.1507918756022429
-0.25883908748760515,-0.27950935676690625,0.090268439963124
-0.2300705097091426,-0.03671750893111583,0.17467580565336455
-0.2599156308798313,-0.08111646313613106,-0.044916414283706074
-0.2788365997036856,0.1345540076330089,-0.0732984208876587
-0.21422961888289746,-0.3053321675994046,-0.08995552041505256
-0.24817179840268078,0.027413404618221754,-0.08080475952003302
-0.25731191280982535,-0.026226077230596223,0.045087879435917966
-0.25420716592380554,0.036703462829940525,-0.27853211235409675
-0.2599156308798313,-0.08111646313613106,-0.044916414283706074
-0.2465388821008722,-0.20145794237274858,-0.18803405408260387
-0.24439502339080107,0.0005306486276068223,0.014491170442444523
-0.2582440688278328,-0.24957613685936927,0.05011147973168889
-0.2465388821008722,-0.20145794237274858,-0.18803405408260387
-0.25692492986218096,-0.12179878282374132,-0.08998254009711537
-0.29801541104689633,0.10084099211687206,0.1108195320991503
-0.2091694591435314,-0.11346724512516795,-0.11290023526093684
-0.24439502339080107,0.0005306486276068223,0.014491170442444523
-0.17107940120756573,-0.3217529608335261,-0.04173508500360046
-0.24848391280968826,-0.22619854224900243,-0.045735104381205816
-0.2483008008565583,-0.23530539878541967,-0.04489574063040852
-0.2542655043889116,-0.08523599176591548,0.004776553568593522
-0.14148153931026766,-0.5117597611641811,0.11089867520511448
-0.2561839859570138,0.1871822565913489,-0.004619684409323144
-0.2561839859570138,0.1871822565913489,-0.004619684409323144
-0.30043727447389157,0.009128402402994618,0.03445294976198887
-0.275893140573835,0.25561524009598136,0.04159353204480415
-0.26328119568122116,-0.36262026260413316,-0.016463757677928237
-0.27294269549611255,-0.22449091515080857,-0.1387897361409935
-0.25729714022722283,-0.31015536989444503,-0.0389980928597054
-0.2698353476339367,0.10639091048523339,-0.05903190469868769
-0.30111090636688376,0.11335748405602489,-0.09329146241311492
-0.2057387902440055,-0.11783907142711933,-0.15884631411686562
-0.2550296381013777,-0.15764993152251022,-0.022920535172625933
-0.2525165576883571,-0.11030467052506697,-0.05983603028051876
-0.25714154900963354,-0.10467431398562832,-0.05865686310301471
-0.2588505478562936,-0.10600935885034152,-0.06405015200682246
-0.2865737264809006,0.21129709776773425,-0.21510275402986256
-0.3193328231026374,0.34942934024169253,0.029058142204779536
-0.24814658429126316,-0.19155787915512376,-0.022330055056496323
-0.24952625634986314,-0.1322559390074794,-0.017961005966386723
-0.23835003947844763,-0.21245198570606222,-0.10423074874309785
-0.2428174755414913,-0.19296170617276984,-0.11564705878889092
-0.2550296381013777,-0.15764993152251022,-0.022920535172625933
-0.2057387902440055,-0.11783907142711933,-0.15884631411686562
-0.21459931584391834,-0.1650542300097908,-0.1294140687959326
-0.2603670862025492,-0.08252151244133887,-0.0703306099066559
-0.24420731780730637,0.08482257224200299,-0.1957397252863154
-0.1873228284036699,-0.19215698444709756,-0.20488220584481162
-0.21459931584391834,-0.1650542300097908,-0.1294140687959326
-0.199931542488085,-0.08841494664404419,-0.11230235436393543
-0.23368506795427685,-0.08475830686901872,0.0604550819131055
-0.22827657620151937,-0.1551718427501755,0.1571058601899989
-0.23888285421917096,-0.13132989933098776,0.042937205706574055
-0.23888285421917096,-0.13132989933098776,0.042937205706574055
-0.2333593354102421,-0.16158130384527097,-0.00419691393592353
-0.26280664288246386,-0.15040251623079826,0.09665714443140544
-0.2561561121246728,-0.0928254764533932,0.06878868408001398
-0.23888285421917096,-0.13132989933098776,0.042937205706574055
-0.24207778375789174,-0.2974292507414388,-0.06936933264179351
-0.2553498604841399,-0.24852112132736548,-0.07961431223390303
-0.19364297230682348,-0.11103454209052398,-0.3745220794036438
-0.23759740878747404,-0.3622871687569883,0.09898788781584672
-0.23759740878747404,-0.3622871687569883,0.09898788781584672
-0.17607087893734785,-0.3509466914243198,-0.03594973169996918
-0.2333152479492312,-0.24665883696616783,-0.0929686718024948
-0.20761332944661412,-0.3019315918442017,-0.10105448371957743
-0.20088629979818293,-0.3539857302434294,0.025998165272424434
-0.24586608870079157,-0.05534817227431986,-0.24860321446713896
-0.20761332944661412,-0.3019315918442017,-0.10105448371957743
-0.28842087155275015,0.3219166900247666,-0.006441477854025435
-0.24819630417117963,-0.4334648428022774,-0.08455691094860807
-0.2608255778691996,-0.21171957919160175,-0.15506817793992428
-0.24586608870079157,-0.05534817227431986,-0.24860321446713896
-0.2333152479492312,-0.24665883696616783,-0.0929686718024948
-0.21486244884106762,-0.522988644335896,0.16307779122792948
-0.226333345167257,-0.1548890712397358,0.11626263906298989
-0.20088629979818293,-0.3539857302434294,0.025998165272424434
-0.2505654644619489,-0.24560156467410724,0.10198361089177949
-0.18854460777829754,-0.4314233177350638,-0.08561111132469501
-0.18854460777829754,-0.4314233177350638,-0.08561111132469501
-0.18854460777829754,-0.4314233177350638,-0.08561111132469501
-0.22392711115260538,-0.05109729792233242,-0.2506635491045117
-0.2505654644619489,-0.24560156467410724,0.10198361089177949
-0.18854460777829754,-0.4314233177350638,-0.08561111132469501
-0.285200063435485,0.1595729579684853,-0.20061316404183702
-0.25097431510012935,0.0037333508149696992,-0.06216441446450666
-0.29852499486700745,0.2595157327458008,-0.10690078284629712
-0.24853562427081394,-0.14735225824938475,-0.11450045122780833
-0.24222645683666588,-0.3308506451748078,-0.02644866600128043
-0.27120411307298403,0.30121259955696894,0.099665252224449
-0.21987741738743383,-0.2659665141145725,-0.10828598403647116
-0.24222645683666588,-0.3308506451748078,-0.02644866600128043
-0.27120411307298403,0.30121259955696894,0.099665252224449
-0.2554491498924406,-0.16836365387858743,-0.12368194123004422
-0.19165725242703086,-0.3494512625175171,-0.1212942400094118
-0.29327544229588565,-0.36324936044394496,0.06215023297857508
-0.2171729697002716,-0.13370738683652886,-0.21777139354290737
-0.2644394427981666,0.14591539991307445,-0.10146008039114818
-0.2669518189742252,0.053635550174082613,-0.19102350448781188
-0.20317866613645533,-0.29627237439173126,0.023874161740063293
-0.20317866613645533,-0.29627237439173126,0.023874161740063293
-0.30836817443226733,0.1792614702293034,0.12366419639860976
-0.2580405598789892,0.03953960904888945,-0.009127512557561668
-0.25727759132012,-0.22491826412294658,-0.09975488672585969
-0.24940273726206322,-0.006859751759868485,0.07117565016488253
-0.25727759132012,-0.22491826412294658,-0.09975488672585969
-0.26111238219822575,-0.0427330349704835,-0.16821032866216307
-0.21380676835361948,-0.31512456040002035,0.06267933229259948
-0.16535417892308552,-0.34660337837009214,-0.003156039007539413
-0.16535417892308552,-0.34660337837009214,-0.003156039007539413
-0.2300197168199723,-0.40129254556254346,0.05899225034761929
-0.2686143184974724,0.24985471140255183,0.035767498637823913
-0.22837771445033442,-0.16674147003911732,0.11778962471511983
-0.23587420244987614,-0.170925414169621,-0.01623280574114938
-0.231952377331845,-0.11016799281400874,-0.046861627470099976
-0.2413790717542622,-0.13615239434750456,-0.05899178259616533
-0.21380676835361948,-0.31512456040002035,0.06267933229259948
-0.28116652303221173,0.20875956129159073,-0.013586963866380197
-0.30622787443308724,0.29506194810671454,-0.003254604113237247
-0.16535417892308552,-0.34660337837009214,-0.003156039007539413
-0.2583335458356505,0.06502980802481298,0.004274054218317669
-0.2449800528295351,-0.009535087052734786,0.03050836270017815
-0.11409467631749773,-0.4006487669255649,-0.03812445732363717
-0.25232581003798715,-0.16005604002014384,0.013709309310747264
-0.25939079698927126,0.07432171098651144,-0.10624114379248345
-0.2817897869959004,0.19697664407968257,0.11437547092094053
-0.22538867347978894,0.04490401001570163,-0.07769205820458763
-0.28384054403815656,0.24528834486161444,-0.2657628617913778
-0.23397244266207495,0.028611882499354063,-0.09752966323001355
-0.29347432647653127,0.40935390315662507,0.024439566499917353
-0.21435014728816856,-0.1978571387585084,0.21821315873651886
-0.2817897869959004,0.19697664407968257,0.11437547092094053
-0.2488577005838739,-0.206199093055563,-0.09756042857778557
-0.2488577005838739,-0.206199093055563,-0.09756042857778557
-0.26456321571694685,-0.3059850872625297,0.19411398264129892
-0.26456321571694685,-0.3059850872625297,0.19411398264129892
-0.26456321571694685,-0.3059850872625297,0.19411398264129892
-0.26456321571694685,-0.3059850872625297,0.19411398264129892
-0.26456321571694685,-0.3059850872625297,0.19411398264129892
-0.21499245486088367,-0.24465807355009486,-0.14073159945959265
-0.19122303562381485,-0.4302163471569901,0.0794197779936699
-0.26456321571694685,-0.3059850872625297,0.19411398264129892
-0.25693363578378087,-0.2971703264713429,0.19426834348629668
-0.21499245486088367,-0.24465807355009486,-0.14073159945959265
-0.2471314969652959,-0.1199527040611369,0.010126386654220776
-0.19122303562381485,-0.4302163471569901,0.0794197779936699
-0.25555171607687727,0.06715223390916805,0.025824060665590287
-0.18774492704075632,-0.2519086331820476,0.027765416951345323
-0.28296658795940954,0.11103010305819869,0.013491992464755354
-0.2291306065396195,-0.19198657143140074,-0.10419259090898969
-0.24455237687874049,-0.19225499928591677,-0.1364665327081473
-0.2261673734034055,-0.07461001059711064,-0.055918582155077945
-0.22333578824556582,-0.13767718804044746,0.16366645903432203
-0.21719200700117264,-0.15746344860329525,0.023524451330496743
-0.2667224887575637,-0.1519084743013171,-0.10569086989941112
-0.21763370267502072,-0.15554828818040967,-0.033746042169379875
-0.24934444284802942,-0.23192725878786255,0.16072372787583028
-0.2833844944246507,0.3202801986927006,0.004966405576806665
-0.2113079782888923,-0.31917559667733486,0.09308284038448
-0.2244671022241319,-0.1912730979454006,0.06418651235260892
-0.24934444284802942,-0.23192725878786255,0.16072372787583028
-0.21763370267502072,-0.15554828818040967,-0.033746042169379875
-0.2667224887575637,-0.1519084743013171,-0.10569086989941112
-0.3012348378257595,0.2670564494551962,-0.0013397341715092326
-0.3201614109213025,0.2544224728300792,0.02289367522121638
-0.25092023569362887,-0.2417689435583012,-0.06879443790269385
-0.27713564751765896,-0.24371798661357405,0.031094042545053047
-0.2333170311271176,-0.28147862133540225,-0.11997281053546005
-0.2646977203749908,-0.022967731393103014,-0.04177769742112475
-0.25092023569362887,-0.2417689435583012,-0.06879443790269385
-0.2586207498790771,-0.14971902105117188,-0.040250551181043426
-0.25420635364936073,-0.16381543973740506,-0.06098737533038817
-0.20602723459125444,-0.23670954121918242,-0.04049099437200554
-0.25496074605965496,0.04872914386402866,0.20561374412820094
-0.30072598282911567,0.18915022851635083,0.08859158757539815
-0.28473076058012997,0.10605252451386493,-0.09653194196859133
-0.2835316552088291,0.237055917261988,0.020686035441434714
-0.278467049435016,-0.008994887921710118,0.10297558660521844
-0.22846463689768326,0.017781874778716428,-0.12870849100603
-0.2835316552088291,0.237055917261988,0.020686035441434714
-0.22845456920149596,0.027068155432265067,-0.07644786000847992
-0.28473076058012997,0.10605252451386493,-0.09653194196859133
-0.22218637644031178,-0.24157429180978177,0.14015356986416766
-0.20930314646759743,-0.09534581388315398,-0.08589531480124235
-0.27701401969788747,0.12412334846712564,0.05432204780463329
-0.23374084727685826,-0.04650267183735082,-0.03737531051768084
-0.3413400256895194,0.40225071843917865,0.02539786722496823
-0.30929100742074167,0.06842045564751806,0.0609783957577939
-0.22218637644031178,-0.24157429180978177,0.14015356986416766
-0.24885587915238655,0.04655454529040168,0.1879125195609656
-0.22469047220550398,-0.2141574063491428,-0.022384964770729543
-0.24885587915238655,0.04655454529040168,0.1879125195609656
-0.21255786338139981,-0.44669346529602016,-0.046008399366087416
-0.2261469277992491,-0.418748750138368,0.08377987341013032
-0.23052941444383415,-0.4181651428293658,0.09426476351057178
-0.2515125101754381,-0.1754060651667506,0.2655009423985785
-0.2795082836257923,0.05912566619626569,0.028376373764033902
-0.2515125101754381,-0.1754060651667506,0.2655009423985785
-0.2795082836257923,0.05912566619626569,0.028376373764033902
-0.2477852811749523,-0.1223640995508466,0.1487516980389339
-0.23301269951529774,-0.18386157432508443,-0.1606996342814236
-0.20900517836414292,-0.16191586797052437,-0.01946901095346487
-0.2050801916964681,-0.2231923609261687,-0.010242886911599969
-0.2504340456466726,-0.2616242760852049,-0.08068698018178655
-0.20525085890246028,-0.4333331875762702,-0.1656235383740824
-0.2604198503805497,0.012752165139503197,-0.15004683155120746
-0.2050801916964681,-0.2231923609261687,-0.010242886911599969
-0.237932077366693,-0.3122620293560536,-0.07603655858139202
-0.2504340456466726,-0.2616242760852049,-0.08068698018178655
-0.2474344656049713,-0.36979340860670606,0.00182787594223488
-0.20532067781216862,-0.18714035824468347,-0.12470091552856566
-0.23911238355400347,-0.4005793519104905,-0.0764059494751348
-0.27553918260664306,0.05188123054195276,0.1048599017320318
-0.20525085890246028,-0.4333331875762702,-0.1656235383740824
-0.2604198503805497,0.012752165139503197,-0.15004683155120746
-0.26584178542352666,0.07846817694300978,-0.022282267854147608
-0.2492708493294561,-0.3042165823734865,-0.1380727992508866
-0.19029660226153414,-0.5343220281369658,0.26974464915758173
-0.2361403528754008,0.10135166336800369,0.0026782350217083306
-0.24262122912502448,-0.24920024209087782,-0.07314716563149765
-0.2492708493294561,-0.3042165823734865,-0.1380727992508866
-0.3110474182758675,0.021432231049466316,-0.051331353769115406
-0.24393746108516018,-0.06228150981728929,-0.05830311039803643
-0.29329988138352275,-0.0287854284714211,0.020384530554385327
-0.23144054879532466,-0.19914047559614698,0.07348373910427936
-0.21241362810368233,-0.3413802699049079,-0.08515865042548099
-0.23144054879532466,-0.19914047559614698,0.07348373910427936
-0.21241362810368233,-0.3413802699049079,-0.08515865042548099
-0.24463710833058536,-0.1816449036396808,-0.028508203682832023
-0.26047182368681554,0.17805972226421896,0.10028409014781009
-0.21265936813575886,-0.37905075837247687,-0.03871103379509161
-0.21243606773388332,-0.12018615638467897,-0.020299599510104238
-0.21265936813575886,-0.37905075837247687,-0.03871103379509161
-0.23577317401701853,-0.1281651204581983,0.037268424921432286
-0.21243606773388332,-0.12018615638467897,-0.020299599510104238
-0.2362383549009316,-0.26678199867983143,-0.1068377923659164
-0.1996650212463402,-0.3994529471887624,0.2679552346441612
-0.2347786782610255,0.09934739516688651,-0.004112867341588389
-0.21907840788787566,-0.19138482571658447,-0.03551330151249521
-0.24245877440551136,-0.007977126595685197,-0.09219264042294106
-0.1987520382169034,-0.11204427309331821,-0.18687175417662683
-0.2347786782610255,0.09934739516688651,-0.004112867341588389
-0.21174820739761335,-0.4436137057424093,-0.06355353560093596
-0.270119259608079,-0.20455671896873145,-0.021027947214315723
-0.2531731958103849,0.09843641796766028,-0.10382667282793928
-0.270119259608079,-0.20455671896873145,-0.021027947214315723
-0.22789532233122667,-0.3016943349570187,-0.01592438225090581
-0.2300019470175373,0.06047811045064086,-0.1718450849581304
-0.22807766892236642,0.08580063743967695,-0.18340125045168526
-0.2163785861804395,-0.3926625838269266,0.03399351958183616
-0.2163785861804395,-0.3926625838269266,0.03399351958183616
-0.2163785861804395,-0.3926625838269266,0.03399351958183616
-0.2163785861804395,-0.3926625838269266,0.03399351958183616
-0.2231616210547258,-0.21146227034114107,-0.12490552818102296
-0.22039774437073978,-0.21237919702569136,-0.12671200884726602
-0.2163785861804395,-0.3926625838269266,0.03399351958183616
-0.2761070908105125,0.35799390960922706,0.09532629840131851
-0.23623191872845684,0.09847929665069285,0.001587321863130986
-0.27382468529642956,0.005097009181900508,0.11839350214888761
-0.3077784073726336,-0.05791322452217827,-0.05669172851154436
-0.2761070908105125,0.35799390960922706,0.09532629840131851
-0.2702634649830583,0.301487394034373,0.02862442493906059
-0.2374891482309689,-0.10055654201859043,-0.03362802291674166
-0.27180339520059515,0.030248860983600523,0.07492223897481426
-0.2595657488632957,-0.2321746296471048,0.023425959436855215
-0.30289908763759876,0.5015803971806323,0.039696889699334714
-0.2702634649830583,0.301487394034373,0.02862442493906059
-0.3015576207532261,0.3798669053943489,0.038013366593549425
-0.18730601688266377,-0.30070629237985513,-0.13995860129416382
-0.262670958145574,-0.2986392221454094,-0.14649938041492566
-0.183666592202009,-0.3133240933088963,-0.12254073868243376
-0.2581399883709937,-0.16314985176494812,0.016419500835708367
-0.2956728630848603,0.3027363629097047,0.020050687085320984
-0.25311225154659445,-0.09174738755540073,-0.16436195888700783
-0.24850994499953677,-0.3777980033851793,0.11085068358478761
-0.2178154958003967,-0.25858851230482527,0.03961969040977675
-0.26860141534125226,-0.028765999977901163,0.043680923912313874
-0.24850994499953677,-0.3777980033851793,0.11085068358478761
-0.31453524788737797,0.32434507064598833,0.013661029849951378
-0.2178154958003967,-0.25858851230482527,0.03961969040977675
-0.2786975238962945,0.4167408481149231,0.021385747927489762
-0.30198557388989455,0.24900452585774496,-0.030121801242019408
-0.20083898624898028,-0.044399414420747824,0.0006356208176985234
-0.3089152449374727,0.3050453477331415,0.08129222977940875
-0.22321224461919356,-0.3907816377681452,0.05221288935974422
-0.2116881498676755,-0.4540502214824688,-0.044741975829725666
-0.2601464999630979,0.4361267235102673,-0.09418712312724331
-0.2671696281017087,0.1143026917069575,0.11745892745451786
-0.22470758749661682,-0.045241363854161415,-0.48453072875249825
-0.25425201789164736,0.018770787784411963,-0.14737324119265766
-0.2642233998755866,0.07559524503959317,0.001886639731398243
-0.2479658913082044,-0.26439694827309246,-0.10817166500631137
-0.2636853175897774,-0.04654570703145956,-0.0420610728583809
-0.2236214088661413,-0.24638523777929228,0.005205745991003263
-0.2636853175897774,-0.04654570703145956,-0.0420610728583809
-0.2236214088661413,-0.24638523777929228,0.005205745991003263
-0.25552897807592073,-0.18003604754615923,-0.042038483903945156
-0.21440325112207415,-0.3231595118063457,0.04134665833215856
-0.3086680785529823,-0.02038360945019793,-0.01333125834424298
-0.21527642034062397,-0.27739028078244843,-0.08908853306212838
-0.2945439496376337,0.4958051539074368,0.04300571217089022
-0.2000744185312526,-0.19865458122940824,0.024069847666497612
-0.2667668228554603,-0.08777521502404283,-0.12443844877232424
-0.22585052350625334,-0.40841704998052797,-0.13510103486442676
-0.19064907868001618,-0.2598985969971534,-0.14486385446641828
-0.22610025670366737,-0.11746972323189336,0.00288136064134098
-0.21772970576772827,-0.07773317918957537,-0.052762790992743
-0.19064907868001618,-0.2598985969971534,-0.14486385446641828
-0.27150703578782853,0.3794177497909273,0.18057452802584856
-0.27713940156507927,0.0009175607757717363,-0.17983045775511552
-0.22610025670366737,-0.11746972323189336,0.00288136064134098
-0.26303687844810203,-0.20749211873445425,0.1090361627685762
-0.22523082662679378,-0.47390642666553134,-0.004686050671744935
-0.2840884398109043,0.1011183451744494,0.08271423472344441
-0.304466961796104,0.23686951166498582,0.14462981515276457
-0.1924514104744383,-0.3554422046709983,0.04479215292849087
-0.1890606450005145,-0.3214282757366267,-0.09940113177263898
-0.25226938862162934,-0.2538016625845705,0.12146249687450678
-0.2652625688006924,-0.16151957635282618,-0.06525058007764256
-0.2652746564356693,0.1611501885098755,0.014478393378969834
-0.25393923371403027,0.18170697257923663,-0.11290961789067772
-0.27830806581059403,0.3250664352567668,0.0653690996396662
-0.2503284957982721,0.0075185770325812695,-0.04125099148582223
-0.25624196609213357,0.09358540072631777,-0.004969014672885297
-0.2331533747675394,-0.3824106658642727,0.027711453125559615
-0.2378588378413919,-0.19735337876348588,-0.12223431600920925
-0.21361156859091998,-0.16518028923445832,0.1118192189068074
-0.20602592139737136,-0.17686668700453073,-0.018455122888876407
-0.2775262608750615,0.06392287640283706,-0.1259506608955378
-0.22098744297499717,-0.28460186052465064,-0.1389236891354142
-0.2353660991460147,-0.22859508082633243,-0.26623339421155934
-0.23681270961634254,-0.16063993942388152,-0.06100310584936791
-0.25422368533321904,-0.37261232349292017,0.0019336056147410408
-0.25044391250596026,-0.26747548534990107,0.04452672411527542
-0.23804032133669223,-0.1369273012629559,0.024666167520981774
-0.2517133728337457,0.03406558457630088,-0.17902167809901395
-0.2455494601487569,0.06899917788082088,-0.043208408754823846
-0.2527575919975832,-0.3030222454585675,-0.04706713800897655
-0.2609929031703577,0.11617087975617191,-0.3094853544746322
-0.2008934279696304,-0.11909594125618733,-0.22576906124701013
-0.33099841047001444,0.2204610170854155,-0.03866388467093412
-0.29139927935263943,0.24911845647416647,-0.08537859383241231
-0.33099841047001444,0.2204610170854155,-0.03866388467093412
-0.22292814784469894,-0.09968529583852484,-0.009334767253637632
-0.22824132073219802,-0.5381229279230472,0.1896717495427364
-0.22695794327718372,-0.2487889493477018,-0.31584718481380086
-0.2280667925884844,-0.26130119154417797,-0.3165994394016749
-0.23510766617255313,-0.05875397258209941,-0.05377412591039815
-0.28782533225381596,0.13560496425911173,0.17390809517562106
-0.24994532461847685,0.12256777247831496,-0.041762723038794636
-0.28782533225381596,0.13560496425911173,0.17390809517562106
-0.23289986020544273,-0.43818077392893695,0.12215819399467659
-0.26026405055463225,-0.18779263808632707,-0.2303141016445492
-0.25923876047990946,-0.18620307176856116,-0.2282418408450895
-0.2803596791197032,0.04260896073569448,-0.10873242711111497
-0.26504448280563897,0.39886752341194004,0.05458399454827012
-0.27870639744887604,0.20278924570729095,0.07391168568900314
-0.26784117042249894,-0.07839477848046755,0.03132919726178435
-0.2789730037674887,-0.029041358710457904,0.06830414875901836
-0.27064854341535866,-0.0868507260128839,-0.022502886550659018
-0.21328495022308883,-0.4398338083244973,-0.1258612402438038
-0.2299780780999601,-0.16021313700229897,-0.1799567682448791
-0.30179080952771115,0.22306410951101785,-0.01596278633375714
-0.27204841119371137,0.2363607022082171,0.04498466359969794
-0.2296506878221116,0.08150890999179664,-0.20225900324706703
-0.2057273659951049,-0.22624284956743412,0.007432452697192116
-0.21932570485585856,-0.20834479033781694,0.018250959933112765
-0.2667488196750898,-0.1631426465948978,0.09107191911999896
-0.2669200350711589,0.25926540844844725,0.19132987495595982
-0.21732595121618448,-0.25645947236347066,0.1578578585983174
-0.2651477901903197,-0.2427646256677552,-0.0953796501688059
-0.26506235681947815,0.3169941774971938,0.005188940905752781
-0.23322294962225912,0.06498878212116085,-0.027024452008934052
-0.19696936946176327,-0.369734536739475,-0.11401741167619522
-0.22247727898607983,-0.12611128977124364,-0.2163957802695839
-0.26945369090026283,-0.15036116972894958,-0.020153458855159845
-0.19280098040279967,-0.37879857060151917,-0.29472793598572933
-0.22247727898607983,-0.12611128977124364,-0.2163957802695839
-0.18034500808246953,-0.3745825481085894,-0.32188950844632697
-0.24560108287017846,-0.12833769393570374,0.04096257905264078
-0.26945369090026283,-0.15036116972894958,-0.020153458855159845
-0.1836735146725557,-0.3586384617066489,-0.16800810491291251
-0.24428240971520943,-0.09454148964786374,-0.18492835684911577
-0.29330793813535033,0.3891787865374606,0.18055416377008698
-0.24521587935167655,-0.29364057546613687,-0.052999371430036746
-0.18678528267137626,-0.32198467380086726,-0.2518436971765744
-0.23419763370134344,-0.027215849000868042,-0.03547377429573623
-0.18678528267137626,-0.32198467380086726,-0.2518436971765744
-0.23419763370134344,-0.027215849000868042,-0.03547377429573623
-0.30484362214805644,0.118666262491053,-0.030157996047760538
-0.2685626809242482,-0.19390574771168226,0.06956605745429417
-0.30484362214805644,0.118666262491053,-0.030157996047760538
-0.2685626809242482,-0.19390574771168226,0.06956605745429417
-0.2597304702014817,-0.2554675229180683,-0.13613460235523983
-0.2512904002781803,-0.27886493189906725,-0.161158511648482
-0.2619885522588993,-0.2584224994493496,-0.12997629700455582
-0.2341447510716351,-0.39252439190308824,0.0681973290723496
-0.23629101140595382,-0.4449610706541635,0.18575852880957128
-0.2457867235434944,-0.21129576409200534,-0.19201837281468903
-0.23725409365782008,-0.2686229767612932,-0.09829429680015594
-0.2586511283245947,-0.09195069794295974,0.06617868542397465
-0.23725409365782008,-0.2686229767612932,-0.09829429680015594
-0.18228924043457576,-0.17724041915778946,-0.0080613221013916
-0.23450354533232276,-0.15137485839069542,-0.10909965043461117
-0.2860648269513565,0.14093106438340114,0.05091163237751223
-0.24082495321264946,-0.39135278537202606,0.051686190640829965
-0.29639200552166944,-0.1323844805730743,-0.09489508330821683
-0.24082495321264946,-0.39135278537202606,0.051686190640829965
-0.29003400490021863,-0.12700051384258268,-0.09562727698800699
-0.2921284167354885,-0.1274585848368229,-0.09480882283601216
-0.21724152220611168,-0.12256271644616631,-0.07666631354501252
-0.2536359088391757,0.05845417256881974,-0.08007574816215712
-0.2640608718344122,0.0069366972588839615,-0.09811910303141591
-0.1966948987386808,-0.25354645311187973,-0.1883801844238536
-0.1966948987386808,-0.25354645311187973,-0.1883801844238536
-0.28456405132950585,0.16730622879019919,0.035361625542292774
-0.27228944612003325,0.10273925510901516,-0.15102670965395298
-0.19817537261086046,-0.42914753976318043,-0.05221772731351387
-0.24697773390536573,-0.24603275111111209,0.11702532210805833
-0.23593335431778983,-0.08604851516801035,0.08566927009897635
-0.23593335431778983,-0.08604851516801035,0.08566927009897635
-0.24697773390536573,-0.24603275111111209,0.11702532210805833
-0.2104947996119997,-0.3517487182801802,-0.032939128920527416
-0.2104947996119997,-0.3517487182801802,-0.032939128920527416
-0.2315573584173274,-0.17076988900946033,0.07158456925929424
-0.23237593720620894,-0.1727472257017006,0.07661626853653997
-0.22876213869303685,-0.10307538505691283,0.04708212699567438
-0.26409202838784,-0.20851414152290412,-0.13984934344626096
-0.23161276161660752,-0.4464528810120395,0.15458926381983346
-0.23199353993874697,-0.44596101320613224,0.15854663949278675
-0.2556783106927992,-0.025210211185402454,0.00925241874328625
-0.29054751235524484,0.0858059377115798,-0.09141138992731418
-0.24026489471250168,-0.1333874045390584,-0.17449212741809508
-0.26663080330125916,-0.21288064286129865,-0.020167820609336584
-0.3018174660265652,0.24003099714753634,-0.08409790033676112
-0.22400022053940608,-0.044896100633005295,0.11063174245853497
-0.24625432186988547,-0.1380857864785251,0.014305000597806039
-0.29259791410016167,0.26524057111212973,-0.01975699945298015
-0.1876263043830731,-0.1557340732927581,-0.16278084117105382
-0.2666076128553104,-0.17684507152404175,0.06091625809564577
-0.29259791410016167,0.26524057111212973,-0.01975699945298015
-0.28838260759456935,-0.19538952329585024,0.005141359715272631
-0.20975671022958148,-0.24958906572483266,-0.02059704724653566
-0.24370624536582736,-0.040112861914455344,-0.12727342436518768
-0.29691031935050116,-0.13723654260768461,0.01522707059562628
-0.28624276302055074,-0.18078458616282922,0.00048098659102946417
-0.28838260759456935,-0.19538952329585024,0.005141359715272631
-0.25308825380011835,-0.30229216729265806,-0.12437350791071489
-0.27050326721290635,-0.15017145532396825,0.10167096765790795
-0.22899319291513517,-0.3348206873296341,-0.005621795616050473
-0.30636787317512504,0.21825215259832909,0.0941598332535632
-0.30636787317512504,0.21825215259832909,0.0941598332535632
-0.18439114497624318,-0.13235597698759494,0.052530851601337136
-0.287637433901091,-0.21335896735829757,-0.13401995586524346
-0.1860698240335378,-0.36101581228074864,-0.10746740706138991
-0.1860698240335378,-0.36101581228074864,-0.10746740706138991
-0.29696736398173845,-0.04211802668297457,-0.13742470253932781
-0.21228058198088706,-0.11803250223553183,0.037710195349100306
-0.2840495052741562,0.08005943945936206,-0.03001200685651373
-0.27149293326369367,-0.20599857990773104,-0.061167414096514106
-0.19800167652034295,-0.29351890336550585,-0.09657481172739396
-0.19800167652034295,-0.29351890336550585,-0.09657481172739396
-0.24306458655882401,-0.19724553997131905,0.05116846090688071
-0.20776016395895167,-0.3222919406612732,0.08694642498444055
-0.2792210791616376,-0.16700269285568414,-0.009356356023142276
-0.2939866294818601,0.31825307679809944,0.024886012966009785
-0.24567775354063712,-0.1837071546560259,-0.03789054028754618
-0.2014917556161387,-0.35100205565961373,0.08068843930276537
-0.2760708196056284,-0.2246324692441903,-0.009556888951131493
-0.2683170410739471,-0.24833765837287583,0.04533330314125722
-0.2810951872835704,0.08602253391762368,-0.11119965125221537
-0.2804550230205636,-0.08725253007661601,-0.0728034552050873
-0.29808035822613926,0.31753341142172187,0.01242796217340153
-0.3083771499534841,0.3600061750285186,0.15670285643845966
-0.253151920202047,-0.07079963265533606,-0.012841807138701478
-0.24060569997776818,-0.25756879960106593,0.02839574279120788
-0.3083771499534841,0.3600061750285186,0.15670285643845966
-0.2761157692440619,-0.3014921889928702,-0.055402657811621125
-0.19294105598058361,-0.34111319302550647,-0.036250867995917646
-0.3111351926721586,0.26423520239839315,0.019100268846898083
-0.286407179063815,0.03455387387012612,0.22377842595224523
-0.2882440406502234,0.04472328970669262,-0.021808344508671085
-0.19294105598058361,-0.34111319302550647,-0.036250867995917646
-0.286407179063815,0.03455387387012612,0.22377842595224523
-0.3111351926721586,0.26423520239839315,0.019100268846898083
-0.26182437392435776,-8.938624574467147e-05,0.009365789409271852
-0.2619923855719599,-0.02484863058758091,-0.06618572415608315
-0.1997030345088564,-0.34196694289922347,-0.14439857382256935
-0.28281449474304043,0.06518550962318886,-0.16703312994860708
-0.2306134854477349,-0.290171933583584,-0.22950597393652683
-0.2306134854477349,-0.290171933583584,-0.22950597393652683
-0.2725985506229396,-0.06530795889653526,-0.09596335458443683
-0.2869837916710561,0.1549139799892219,0.08124684458707776
-0.2577476979077862,-0.07191807731135662,0.15086468740092823
-0.2137864466945265,-0.2708051603069074,0.04196800850953353
-0.2511722126818622,-0.13781337507414765,-0.09749051491512217
-0.2511722126818622,-0.13781337507414765,-0.09749051491512217
-0.2534679545203843,-0.01205719460006395,-0.2496950408488775
-0.22765628068088065,-0.20465740364611726,0.06442427672977574
-0.2577476979077862,-0.07191807731135662,0.15086468740092823
-0.22952268054785316,-0.1852476355757736,0.05937234802975161
-0.2137864466945265,-0.2708051603069074,0.04196800850953353
-0.26743804272679367,0.10074235564555806,-0.03312217443372095
-0.2980798801511429,0.12430920851590133,-0.027345226224557873
-0.20912953715580124,-0.25495632396573764,-0.13247192843033317
-0.23547136988677875,-0.18490667354853935,-0.16704005681260406
-0.2846083442301047,-0.19325950070891557,0.017280524995591184
-0.21933721711928308,-0.4184703506141542,0.09314190165390107
-0.23547136988677875,-0.18490667354853935,-0.16704005681260406
-0.2846083442301047,-0.19325950070891557,0.017280524995591184
-0.21910225194393845,-0.26684063570260974,0.003396144314064986
-0.3357435677661695,0.2238075117207236,0.12202586767920104
-0.3332186454641117,0.21987675161343273,0.12424058400249322
-0.3357435677661695,0.2238075117207236,0.12202586767920104
-0.23675373907194053,-0.4215967288166264,0.12940041988751677
-0.3332186454641117,0.21987675161343273,0.12424058400249322
-0.3357435677661695,0.2238075117207236,0.12202586767920104
-0.28239692152855195,-0.147011531055303,-0.0847307623639999
-0.29479912638865385,0.159226462766548,-0.00048279219035735066
-0.22351053409913912,-0.26284872409568766,-0.03382147731733498
-0.29479912638865385,0.159226462766548,-0.00048279219035735066
-0.28239692152855195,-0.147011531055303,-0.0847307623639999
-0.3075036271382348,0.05383277660962879,-0.0037737625102100547
-0.22881525274301262,-0.4559642925487236,-0.047197335458981304
-0.3159915116882302,0.39601356883952205,0.07268621905226424
-0.2834221968682111,0.11829625610941069,-0.17230558546149213
-0.27957744789408534,-0.19209884084998918,0.03493356864051217
-0.23608370931441686,-0.07264534541040243,-0.03602323750074021
-0.2834221968682111,0.11829625610941069,-0.17230558546149213
-0.313003063847468,0.32903019373471637,-0.029734358000275074
-0.2220428506085354,-0.04052367807624212,-0.18155963307544037
-0.27234246366768855,-0.19128771559790536,-0.09310943869784688
-0.27986829085165976,-0.02951522905807666,-0.11244663177502923
-0.2820237693933642,-0.28463564377162576,0.10506082092356894
-0.2795219658321539,-0.28498694907310584,-0.06282241753001083
-0.27388820802005365,-0.24441258356969314,-0.062199921582222484
-0.31741579988918783,0.4712776762624579,-0.07109726115990384
-0.26015131621542614,-0.12872499937689055,0.0496231370288574
-0.25774113679502364,-0.2768486745257373,0.2195067862212487
-0.25774113679502364,-0.2768486745257373,0.2195067862212487
-0.25774113679502364,-0.2768486745257373,0.2195067862212487
-0.25774113679502364,-0.2768486745257373,0.2195067862212487
-0.25774113679502364,-0.2768486745257373,0.2195067862212487
-0.25774113679502364,-0.2768486745257373,0.2195067862212487
-0.29358038192013725,-0.021524595094207497,-0.11202045388939408
-0.25774113679502364,-0.2768486745257373,0.2195067862212487
-0.19535755405455466,-0.243539226862847,-0.2648462303906465
-0.24138409876786535,-0.12035272196443858,-0.003667745148816459
-0.2276956863582395,0.04024557014906699,0.024694625517978464
-0.2618329472275612,-0.005802422185747086,-0.09120859081929561
-0.2702833883477169,-0.06336219550468689,-0.1010194985907093
-0.26171293350734337,0.515418204322408,-0.12381583090431414
-0.23918502328372,-0.06758041107828087,-0.09700244267950014
-0.2624425485686918,-0.18729124478277567,-0.061451744110169904
-0.31535353285511003,0.2772947149439478,-0.02641289701360866
-0.2624425485686918,-0.18729124478277567,-0.061451744110169904
-0.2004613727311237,-0.3521572401366935,-0.0016033203310909516
-0.323673266303055,0.24433875772272645,0.12689112716004985
-0.221547171600519,-0.33282190669599454,-0.09534565095789954
-0.31535353285511003,0.2772947149439478,-0.02641289701360866
-0.2779625081779397,0.24036994692082359,0.022373593766369382
-0.2779625081779397,0.24036994692082359,0.022373593766369382
-0.291498890797142,0.35850631791394266,-0.03299298784536975
-0.2661895078927477,0.02117837859417379,-0.0680921179568279
-0.26993817562742395,-0.08800542493833882,0.13479987284184164
-0.2877909325741714,-0.08331534569842994,0.08664564023981963
-0.291498890797142,0.35850631791394266,-0.03299298784536975
-0.23814723211439703,-0.29786343821561223,-0.030340149500953095
-0.2710673066864726,-0.2823416359419644,-0.07248548908567626
-0.2779625081779397,0.24036994692082359,0.022373593766369382
-0.23867702545203012,-0.2718758645473831,-0.0049251456208442845
-0.28126794424010865,0.24697850377223568,-0.18928907813987497
-0.23861144560450737,-0.05469695868302593,0.13861238806301862
-0.23861144560450737,-0.05469695868302593,0.13861238806301862
-0.23861144560450737,-0.05469695868302593,0.13861238806301862
-0.3164131059956016,0.24894329586107933,0.016054634502203236
-0.25221351943580594,-0.18141341222309326,0.030783318989425157
-0.23867702545203012,-0.2718758645473831,-0.0049251456208442845
-0.3164131059956016,0.24894329586107933,0.016054634502203236
-0.23861144560450737,-0.05469695868302593,0.13861238806301862
-0.28126794424010865,0.24697850377223568,-0.18928907813987497
-0.2872313371022122,-0.2650119674572716,-0.2841222956566667
-0.2582867944769946,0.08444837414281803,0.02866025755231505
-0.2801707777286067,0.12960197978198063,0.04390231113621451
-0.26082763928847064,-0.1348716664803089,-0.07568360728846357
-0.2560479933316606,0.06116594229680891,-0.4101038194843413
-0.27318879402343554,0.1120012386705222,-0.1534117682768564
-0.30626788634538366,0.31249937732674704,0.01903855191554038
-0.20139254974891155,-0.4504590310273588,-0.07403204186600343
-0.22839735871599526,-0.36201356300366705,-0.04916197182235893
-0.1885928215926314,-0.5309510486408953,0.24209542040122883
-0.2894518168682944,0.37173910874743116,0.04115783762594899
-0.22839735871599526,-0.36201356300366705,-0.04916197182235893
-0.1885928215926314,-0.5309510486408953,0.24209542040122883
-0.2953476300229491,0.23894638853535105,0.013956184136868777
-0.2782086298013406,0.18655797155801646,0.16146193591837027
-0.28467862051517345,0.22762048399972962,0.05670122921939974
-0.26595842689680205,-0.14193212075214048,-0.07362561949332114
-0.2064441380506999,-0.16321205684292905,-0.0008260575402769255
-0.22816973579371638,-0.14166468493898945,-0.06415639234691628
-0.2677574206939906,-0.13220914911339637,0.05464266338515805
-0.27818670984949717,0.051542758845828845,0.047485142043781015
-0.2479058153172431,0.2455954649174351,-0.1205942103616483
-0.2892480133028206,-0.09526309561230319,-0.17253555196411682
-0.22248248187464661,-0.15107150113290346,-0.0021719761533006143
-0.2677574206939906,-0.13220914911339637,0.05464266338515805
-0.24086565750320868,-0.24662448080612048,-0.03017332147824331
-0.224582277514112,-0.17039299105969105,-0.20373773587354527
-0.3343043225277429,0.4609074690562677,0.12746717447655892
-0.21950821815329333,-0.38279848554787643,-0.0635391684115536
-0.2552500588780591,-0.347965368622143,-0.16807517904791072
-0.28028210137604836,-0.13929434385736628,-0.0966443093506888
-0.2516401207452407,-0.22939906665393178,-0.15294869706211786
-0.3107159607324641,0.21649605418126716,0.07819647226859461
-0.2552801760415532,-0.07714661257735161,0.15798259153311683
-0.3073525121612327,0.341437176533743,-0.0189858495455133
-0.25314442968763934,-0.19593133844967844,0.03193050972570627
-0.3062334208217576,0.13259932872380203,-0.016792780624234782
-0.2934704098415303,0.11675793423631353,0.052723335680429806
-0.3275402458201569,0.2981597884051467,0.27187798478235375
-0.3025025174462413,0.37589306605146683,0.02871340280743856
-0.1625703897779679,-0.30822095048724596,-0.06425045836940368
-0.3398336785813979,0.4847690047350561,-0.07313032589091284
-0.32754011302968816,0.22407240495464187,0.062131869069531
-0.2117669415352387,0.2456061836981892,0.12312567067217278
-0.2538342817342069,-0.2713846569076446,-0.05860960207071603
-0.3398336785813979,0.4847690047350561,-0.07313032589091284
-0.34320631863390944,0.4860842645879812,-0.07246961206392843
-0.24602793124557615,-0.1474949697403299,0.13956371437234422
-0.2423471890794185,0.27956746022251305,-0.0003792138525852695
-0.27186350581960766,0.036384258018045124,0.17906784968551331
-0.27542350765953316,0.03574577526163569,0.18557175358077377
-0.29700872852966287,0.17202765512044643,0.09239988643928482
-0.34345582290209625,0.2700013004608059,-0.05684840237431721
-0.26711181331587214,-0.1288166781353492,-0.12105191694851719
-0.22553196000796644,-0.2141171609132991,0.05361664464533339
-0.3417495883990054,0.3724264507138037,0.07818895651718122
-0.23649195378785043,-0.2832924161227468,0.14227374302605472
-0.2751923518943771,0.14923550651044643,0.06010421652042042
-0.26711181331587214,-0.1288166781353492,-0.12105191694851719
-0.2896048428793437,0.16017204342642166,-0.08687104005482232
-0.31682916487665475,0.22288237735776406,0.12485350275112478
-0.3417495883990054,0.3724264507138037,0.07818895651718122
-0.26251533095060053,-0.279933280421247,-0.07507512949779876
-0.23649195378785043,-0.2832924161227468,0.14227374302605472
-0.22553196000796644,-0.2141171609132991,0.05361664464533339
-0.2478141889240803,-0.1297257021727948,-0.01721812171798448
-0.2686562887346252,0.03757220212358897,-0.03857347486111823
-0.3026970136342871,-0.0387062702996229,0.021567071991201836
-0.28028909759284526,0.031713912276076284,-0.06694491814577969
-0.2686562887346252,0.03757220212358897,-0.03857347486111823
-0.29736687247092636,0.14913082856343896,-0.08730207302342124
-0.24709360933072888,-0.39354886946592676,0.15587219615321163
-0.2755961314714288,0.04021696905632213,-0.06829619456526259
-0.3026970136342871,-0.0387062702996229,0.021567071991201836
-0.2478141889240803,-0.1297257021727948,-0.01721812171798448
-0.25265250634171144,0.27185108101291305,0.013782983914619407
-0.19909276688802705,-0.4050360178855593,-0.05855619801972445
-0.19909276688802705,-0.4050360178855593,-0.05855619801972445
-0.19909276688802705,-0.4050360178855593,-0.05855619801972445
-0.2692658675041031,-0.21828160428542506,0.01981286681927802
-0.267715390272356,-0.21961661177480787,0.02604493566996907
-0.24886632968123207,-0.2558376634137952,0.09943421503741451
-0.19909276688802705,-0.4050360178855593,-0.05855619801972445
-0.27018658296226217,-0.21699014193033392,0.032921800979398064
-0.18638131703698835,-0.452140378609002,0.025966359044718945
-0.18638131703698835,-0.452140378609002,0.025966359044718945
-0.2585643537542206,-0.02663733537963263,-0.3688077645745416
-0.2645667742304581,-0.2825775019180027,-0.07781365111023247
-0.27018658296226217,-0.21699014193033392,0.032921800979398064
-0.2687154468915632,-0.20642519418996902,0.030168900751506078
-0.25912633045268485,-0.12940657610183293,0.07829502266488853
-0.18638131703698835,-0.452140378609002,0.025966359044718945
-0.274076890144039,-0.02191627521641973,0.030404861343893252
-0.2704325191259815,0.07617041981599715,-0.11599046831183729
-0.31486319585461076,0.04260205230783168,0.08559039804519758
-0.30297255260013317,0.320776490000313,0.1044313362187062
-0.1968846347855314,-0.4039594625877971,0.1661676718390948
-0.2652110852629942,0.3223664148126972,0.08344782423371666
-0.24583279814018766,0.03702895080143315,-0.08729622496529232
-0.31486319585461076,0.04260205230783168,0.08559039804519758
-0.23609098289574082,-0.18342966942589736,-0.04320482337316883
-0.26462327124428897,0.020633157741249908,-0.1473681039342757
-0.3190356015074458,0.09649119672509479,0.012823961155637276
-0.26865583542227667,-0.18379877239767775,0.009406050872397043
-0.2796511837233316,0.2978667943495905,0.026274440356302664
-0.21864431271099485,-0.3795061319723773,-0.057525206328162104
-0.19150677876524033,-0.33574876738013293,0.018157593999875155
-0.2325434996868293,-0.11122693041599628,-0.0553497947032453
-0.2796511837233316,0.2978667943495905,0.026274440356302664
-0.25667258000029,-0.06909716746503516,0.03885097513278618
-0.26865583542227667,-0.18379877239767775,0.009406050872397043
-0.3190356015074458,0.09649119672509479,0.012823961155637276
-0.24307633232344333,-0.05123202122906484,0.14293773124009418
-0.18388901867395993,-0.3016385901312437,-0.09239779257954905
-0.3146526259112365,0.3754346328624438,0.0928149596160126
-0.2506586811170988,-0.21962008104880262,0.0008296626737532287
-0.18388901867395993,-0.3016385901312437,-0.09239779257954905
-0.2370814773022357,-0.16484602222950673,0.04086787681054427
-0.26942518878205934,0.11788854389862627,0.005005504937761418
-0.26942518878205934,0.11788854389862627,0.005005504937761418
-0.28932231666906866,0.4384945639757611,-0.003455085418382964
-0.30631625442011723,0.08790892155031393,0.03758968129805623
-0.2267437350077672,-0.16798068261340648,0.10238896560847238
-0.33418562636439003,0.3678921106759456,0.09143507586161331
-0.2267437350077672,-0.16798068261340648,0.10238896560847238
-0.33418562636439003,0.3678921106759456,0.09143507586161331
-0.3101923638562954,0.2899719567865201,0.0063246052390764085
-0.29359077847832205,0.2906540778761641,-0.022147585921987456
-0.3054227976149246,0.4450242587859475,0.021612379152394667
-0.29016390975232365,0.14724883738463163,-0.15501359647904944
-0.23694379913492328,-0.3315993599442162,-0.19234406894119185
-0.23311562938860592,-0.2960352781004002,0.13953838736297525
-0.2434357635342247,-0.17295018421854616,-0.1882556279887869
-0.25144517312747316,-0.11104379057434202,-0.0895326501121671
-0.244524552721687,-0.10710238121981341,0.06773430247010731
-0.24787163914852933,-0.10912552217262395,0.06969818983989923
-0.2688667987650977,-0.23131483023887658,-0.15955924298420035
-0.27933066243780375,-0.0071963973513264196,-0.10934159939676519
-0.2994147609750682,0.25775525706678853,0.011282599238644664
-0.25694677587176906,-0.20369409400241334,0.09746427858064904
-0.27988375158463064,0.08897783270050111,-0.015089419206997634
-0.33211528863945416,0.29035878602165394,0.09884372008750753
-0.25694677587176906,-0.20369409400241334,0.09746427858064904
-0.2994147609750682,0.25775525706678853,0.011282599238644664
-0.27933066243780375,-0.0071963973513264196,-0.10934159939676519
-0.22800853778304908,-0.35349569311715306,0.11421301206676254
-0.23121842208956328,0.09271810635596392,-0.23386896513116237
-0.34719690796467245,0.4863567223060508,-0.013873660210859451
-0.2778780465428661,0.340960871330821,0.14592056688906258
-0.297275733154525,0.23148942908227843,0.2184583350027935
-0.297275733154525,0.23148942908227843,0.2184583350027935
-0.29877217521213983,0.22024926164592518,0.21679132602389456
-0.26981608480714603,0.14168219170690688,0.010467828414216507
-0.2778780465428661,0.340960871330821,0.14592056688906258
-0.30978414203651294,0.1642030029972974,-0.07996686169494682
-0.29913726428216286,0.2626814178071047,-0.2070461542940975
-0.27024794141727426,-0.11339404366230496,0.013929746601989257
-0.27024794141727426,-0.11339404366230496,0.013929746601989257
-0.27024794141727426,-0.11339404366230496,0.013929746601989257
-0.2525360170591262,0.18632698835012668,0.11936134657669034
-0.2416490759388836,-0.2599804361330565,-0.04306661341596851
-0.24405580255012688,-0.2621874339090292,-0.037808817062487454
-0.27024794141727426,-0.11339404366230496,0.013929746601989257
-0.2593544467024684,-0.2938193284015157,-0.0461714773423309
-0.25587309238359207,-0.26513571502482947,-0.04720150001562301
-0.3236317470176073,0.5405546667023062,0.02509795121308428
-0.2423754530715731,-0.2803544654902469,0.00662591047358202
-0.286198745567431,0.20620289632279548,0.1991735299531519
-0.3236317470176073,0.5405546667023062,0.02509795121308428
-0.2423754530715731,-0.2803544654902469,0.00662591047358202
-0.3053127261995453,0.26299594819209393,0.05724282313710938
-0.3429060765846652,0.39224526682843947,0.08749428764296352
-0.2593544467024684,-0.2938193284015157,-0.0461714773423309
-0.25587309238359207,-0.26513571502482947,-0.04720150001562301
-0.2833951136754999,0.09963759161304764,-0.09092638185416263
-0.29703142440594266,0.22790308676764243,0.1462116610896826
-0.286198745567431,0.20620289632279548,0.1991735299531519
-0.2752911637009042,0.09581387938383881,-0.05399923766587822
-0.23706873105393683,-0.39986871415254244,0.13733714314712914
-0.23733759499898616,-0.4021932245468194,0.13803288422024257
-0.26562436042085674,-0.2047761837890288,0.05487478448257427
-0.3039532929841248,0.3532663138741253,-0.05299259391525385
-0.3130556839053251,0.31616631679012835,0.18127359660763126
-0.2550111956229308,0.011054126795171676,-0.059494195507132974
-0.260451473663194,0.0026552962686351433,-0.0389608118657524
-0.3039532929841248,0.3532663138741253,-0.05299259391525385
-0.32355669555182454,0.5077137255816342,0.03538027953800482
-0.2634997123355938,0.13981577768452075,-0.18508603934381823
-0.2829131929054658,0.02198973616931374,-0.05296543504942014
-0.32355669555182454,0.5077137255816342,0.03538027953800482
-0.2837102707508428,-0.33485953458675466,-0.04013966386329548
-0.30625428842389857,0.23556069137618502,-0.14333972938059544
-0.26770880879463166,-0.19878842961128393,0.05469535110354312
-0.23522615728707313,-0.2515149930857439,-0.15932876398738557
-0.26333682726892516,-0.10080416835413139,-0.10061811683282096
-0.2789022657133412,0.310895740646231,0.06996160041659155
-0.2567008989504552,-0.19233382865275134,0.058331039160487985
-0.3007993257507239,0.031924921775685094,-0.03894801986463442
-0.2741400342387317,-0.24232409411385472,0.025260859221087284
-0.32995451106705653,0.2767348789335513,-0.00903648894847825
-0.32995451106705653,0.2767348789335513,-0.00903648894847825
-0.256628530060914,-0.10322147877422004,-0.026740514789148573
-0.25810166771912213,-0.07891886042435423,-0.07294993764795982
-0.25054587518969573,-0.2592597832937136,-0.06813759086666288
-0.28612226799656765,0.18056780379692577,-0.012172602247691788
-0.27433746073046034,0.21192623901247054,0.042258427745647476
-0.31434375750255544,0.19185382268156143,-0.08140114634831103
-0.3007993257507239,0.031924921775685094,-0.03894801986463442
-0.2741400342387317,-0.24232409411385472,0.025260859221087284
-0.24845727728135023,-0.09229167174362549,0.040695763518941164
-0.299205087059305,0.23138388077322003,0.12498606643133942
-0.33502406858687933,0.2967959329960347,0.01507304532678988
-0.28029209886559986,0.1755647615675538,-0.04940617385255136
-0.2809970197847092,0.11756818662785026,-0.12540974622018336
-0.2828329883750087,0.027875827706214523,-0.03367726694799039
-0.2784837338806375,0.029643131388228022,-0.040153394699793066
-0.25719816189676936,0.010723032890805922,-0.01224189291172717
-0.2747475979756124,0.14526482128245533,0.10014184624165462
-0.299205087059305,0.23138388077322003,0.12498606643133942
-0.28887813806949836,0.25529989205534315,-0.2666636282768676
-0.28052282142119245,-0.04566109675191231,-0.18014444247347586
-0.21092078333464492,-0.3680516704957504,0.050780394434156884
-0.21483723856112438,-0.37909880926075135,0.015261495337689224
-0.22048252299377738,-0.16800075072110754,0.02476830804556951
-0.31736695584149455,0.14849215076391487,-0.004074406744103087
-0.27811126899832156,0.1497750820902845,-0.18454782596743088
-0.28442816076015787,0.10105690169084827,-0.007449667618592726
-0.2928280567300411,0.1769279792105764,0.03859953319672882
-0.3273326051231245,0.3755155227078361,-0.027116135177526257
-0.310548140310078,0.4676151273104237,0.13973564872552963
-0.2928280567300411,0.1769279792105764,0.03859953319672882
-0.2805959862811934,0.09086142232517538,-0.0226426434580716
-0.29489218794282546,0.005667072358966518,0.04067261563747143
-0.28442816076015787,0.10105690169084827,-0.007449667618592726
-0.3071638977919327,0.3679365690936532,-0.20284489897336822
-0.31954378823401686,0.35257649342246317,-0.02329476778373235
-0.27811126899832156,0.1497750820902845,-0.18454782596743088
-0.30440149220527957,0.1211227159723085,-0.10231877187165678
-0.3273326051231245,0.3755155227078361,-0.027116135177526257
-0.31904588642999315,0.4480977781044772,0.033018656100034516
-0.31183513651482714,0.021200441792484898,-0.11090019664168127
-0.33083530085158863,0.29881990465738334,-0.025580349311361605
-0.31904588642999315,0.4480977781044772,0.033018656100034516
-0.30869637794815363,0.21995581484237353,0.03760893891550249
-0.32656940974071763,0.3854319569899322,-0.15861273581664603
-0.3169980167321953,0.4835184314588678,0.13479661282953298
-0.3163467039021183,0.37717460480560533,0.03331384551238337
-0.30869637794815363,0.21995581484237353,0.03760893891550249
-0.24336218306033303,-0.1342449916917852,-0.06519015166229647
-0.2955343528502496,-0.25118454660884726,0.047092453283187063
-0.32703366341782775,0.3886644158914974,-0.1397350100190155
-0.3164967658964352,0.3220263161957851,-0.11475286766919873
-0.24232122524930688,-0.028395066091891227,0.06154207851867993
-0.3195192595770191,0.29134791744918115,0.15583012508446054
-0.2528236005496026,-0.1314586711165561,-0.08851608369613018
-0.28532148267785795,0.5079109794662247,0.0346526695852557
-0.30051653947288104,0.36366426081481534,0.1349657508928847
-0.26322424790970506,0.28684290719375394,0.009249828719960329
-0.2611985877376148,0.019117243628223396,-0.12791898953761927
-0.2672345897711544,0.15661296865487634,-0.15664064995972796
-0.23084852732805727,-0.016597577873446942,-0.08084600433453887
-0.2867787068239481,0.23495641008645646,0.1646635081511026
-0.36720686360524424,0.4606827360546902,0.07221861654721967
-0.29582558773816686,-0.019760049792372614,0.0050109234279760995
-0.22945608873052126,-0.420421955928176,-0.05241102626124683
-0.3163313852257165,0.3132086922824573,0.04374468965834616
-0.3169777503726877,0.3337443863774707,0.09276025903239543
-0.21577735290243807,-0.13961099858391257,-0.2697618405928092
-0.24628473825941527,-0.20321019943848326,-0.0986326705476876
-0.22945608873052126,-0.420421955928176,-0.05241102626124683
-0.2805095811240209,0.09577981125519161,0.022844449699391978
-0.22022770903318015,-0.33252438097327486,-0.12268777092340966
-0.2722457841046878,0.09846457880552764,-0.08853053908352698
-0.29904400988518076,0.3326491540468584,0.04359155746748122
-0.2248476037508579,-0.242721258392312,-0.17290654450234974
-0.2965917165123748,0.26243214809326154,-0.12416049148777358
-0.29389653508938646,0.2034875242054796,0.010100425820133707
-0.25816210254604816,-0.15412401219882846,-0.05345969538205614
-0.25954656798418063,-0.27781544835735805,-0.053744440371499835
-0.2965917165123748,0.26243214809326154,-0.12416049148777358
-0.29348061840437945,0.23981126091778115,-0.06401048823621175
-0.29641657041279756,0.24027989616006457,-0.05961479727314323
-0.24531834094367339,-0.22386329091740825,-0.15583494767649517
-0.2248476037508579,-0.242721258392312,-0.17290654450234974
-0.29904400988518076,0.3326491540468584,0.04359155746748122
-0.29632220245438023,-0.24254105279793683,-0.0017081220535716257
-0.30993281085930346,0.21518765904938408,0.06937554023782083
-0.30993281085930346,0.21518765904938408,0.06937554023782083
-0.31206442355203934,0.3659659118065492,-0.11067737510804926
-0.32684654391631424,0.5113048730282082,0.07915716961123287
-0.3003882127272506,0.22837063804288332,-0.03907199392067123
-0.26702418882737156,-0.05013495582729126,-0.07569663019933137
-0.21698272679491754,-0.1723260055271626,-0.03446289668212765
-0.25284952807453526,-0.04558654897450157,-0.10308490639371515
-0.3480863641677718,0.4891234449893544,0.1677456634769801
-0.28846708792888753,0.03990075174543786,0.050803123670889294
-0.21991703257903814,-0.297848269770868,0.09759287034771336
-0.2660587746574772,-0.2038192061344456,-0.0012540071591142232
-0.30916119022653776,0.4549485704104728,0.08879072237852625
-0.3239719478146359,0.23732784747714047,0.15757645009903926
-0.3239719478146359,0.23732784747714047,0.15757645009903926
-0.21991703257903814,-0.297848269770868,0.09759287034771336
-0.33338903844738366,0.35408328242066744,0.14698576465256669
-0.30916119022653776,0.4549485704104728,0.08879072237852625
-0.2817822814057024,-0.1280622400045583,0.03477035725335226
-0.28846708792888753,0.03990075174543786,0.050803123670889294
-0.2637598719373282,-0.010828703458379219,-0.21836560988099188
-0.3035761713771918,0.10901120100152875,-0.1406956658740936
-0.26842415008171727,-0.011590450553776804,-0.21879646113517182
-0.2660587746574772,-0.2038192061344456,-0.0012540071591142232
-0.26548827006319264,-0.0006096089124512372,0.22195885353326777
-0.26548827006319264,-0.0006096089124512372,0.22195885353326777
-0.26485678207051794,0.015541800459898614,0.008521693875719716
-0.22331330444170822,-0.11132475673247404,-0.015208723269535929
-0.25447937000110177,-0.2783618868795871,-0.033199044393644794
-0.26548827006319264,-0.0006096089124512372,0.22195885353326777
-0.26485678207051794,0.015541800459898614,0.008521693875719716
-0.385571171626065,0.7109756346522194,0.007786247852987149
-0.2775399070052011,0.11845858874596285,-0.14542634950996203
-0.2775399070052011,0.11845858874596285,-0.14542634950996203
-0.2670470512471782,-0.207588737301683,0.04490988710558258
-0.2707495828639056,-0.2025566891695693,0.03968357630913372
-0.2609016573395709,-0.16270260046690305,-0.12154465574981416
-0.22010706217618478,-0.10459376587102708,-0.14017744016232966
-0.2620523594965378,-0.16389765680566096,-0.1168345237877228
-0.2609016573395709,-0.16270260046690305,-0.12154465574981416
-0.2904422539078199,0.40453076513794733,0.018694285408921096
-0.25808608024303337,0.04613754722794505,-0.07943735789040207
-0.32351539078323355,0.24802310907277364,0.20885757581504955
-0.3304347028004794,0.263174171660519,0.04065499018824942
-0.22010706217618478,-0.10459376587102708,-0.14017744016232966
-0.3236003793435372,0.4617922379677099,0.1869693142439151
-0.2553768882845427,0.010689971597465264,0.253061072661436
-0.26609313903000864,0.06372651051827258,0.030779002265229338
-0.1833425213328427,-0.3323957041231802,0.019128487266473537
-0.3114975100455748,0.42329755472850544,0.11922544070823388
-0.23174488470241264,0.025285169630142212,-0.338723789222519
-0.3251982711769096,0.5737917146459564,-0.05402570862890982
-0.21653989257417114,-0.30964524706625485,0.10324792093212615
-0.21653989257417114,-0.30964524706625485,0.10324792093212615
-0.3183614553282345,0.11733929685942635,0.014267225402226469
-0.2941200528882343,0.16970010632429938,0.001579293767108969
-0.3183614553282345,0.11733929685942635,0.014267225402226469
-0.26010301627356835,-0.08251468420707785,-0.07879902251812426
-0.29000603341810427,0.022441373021556993,-0.017166474199128645
-0.21653989257417114,-0.30964524706625485,0.10324792093212615
-0.24681228794553248,-0.12338900512343018,0.12662247907241736
-0.32202071785513775,0.09656011721031238,0.0880665406992846
-0.2890606488513222,0.1926367173207058,0.014185374608821466
-0.2571459197668399,-0.17126536239026335,0.08536958305690451
-0.2571459197668399,-0.17126536239026335,0.08536958305690451
-0.32468349664361656,0.304182400406814,0.11184794514838431
-0.3312929339197847,0.3837201945520488,0.04840217793415014
-0.2508543383704305,0.006025795662882916,0.2277905440076166
-0.2745236037397395,-0.11932784652737002,0.02135153231672099
-0.3590023093524054,0.25408427821149576,-0.051483918954372876
-0.26739955955120415,0.3276685388700457,0.035408573890840345
-0.27902629307164206,0.07002288462110359,0.14296889962849485
-0.27902629307164206,0.07002288462110359,0.14296889962849485
-0.284099943133148,0.09206933795882341,0.13768897264198093
-0.28329490403079893,0.18178673914671395,0.13896572927979728
-0.3458399904330471,0.1287639698655632,-0.050560532353245036
-0.36527597245924115,0.4252220953579629,-0.11264346401538228
-0.2992691405136582,0.2290402956885198,0.002279224833333926
-0.2799535118179145,0.014579070969663266,0.13148991267907212
-0.284099943133148,0.09206933795882341,0.13768897264198093
-0.284099943133148,0.09206933795882341,0.13768897264198093
-0.346871780364463,0.36334842402903816,0.007222565489403643
-0.3337169812767289,0.428867179629344,0.1595983255587729
-0.32621625758322587,0.15299965366022134,0.04981209437718048
-0.3508069625383584,0.5411713837399896,0.061080802590159966
-0.284099943133148,0.09206933795882341,0.13768897264198093
-0.27902629307164206,0.07002288462110359,0.14296889962849485
-0.2799535118179145,0.014579070969663266,0.13148991267907212
-0.2992691405136582,0.2290402956885198,0.002279224833333926
-0.28329490403079893,0.18178673914671395,0.13896572927979728
-0.3125110574359049,0.1671143733769913,-0.015560543523714165
-0.34412797800308076,0.27595917331000397,0.007094036623550737
-0.3458399904330471,0.1287639698655632,-0.050560532353245036
-0.36527597245924115,0.4252220953579629,-0.11264346401538228
-0.37848145546781675,0.4884517895314007,-0.08940608714991255
-0.29308500262135295,-0.20586431943060607,-0.08808534676089885
-0.292045194856036,0.2051342491298927,0.0012084844565752317
-0.3080952788613769,0.30267041393910704,0.00796312376370184
-0.2555981531951907,-0.05080674193832839,0.13305561453669307
-0.27134515802756165,0.09081848629046763,0.08698145045363681
-0.2555981531951907,-0.05080674193832839,0.13305561453669307
-0.3337086334000988,0.2708341841800156,-0.049031598167373514
-0.3325724689460884,0.3137806216599871,0.2388684883055459
-0.27134515802756165,0.09081848629046763,0.08698145045363681
-0.23017796925870726,0.1246949325917916,0.14252094589516212
-0.21255082701577796,-0.09370179902810394,-0.22752584708289691
-0.2011710879214617,-0.16885492216376402,-0.10664463032423277
-0.2555981531951907,-0.05080674193832839,0.13305561453669307
-0.2828315249382614,0.23055940764760896,-0.18142057615881094
-0.2660794748078461,-0.04719798432226344,0.14331418258748746
-0.24107936227293028,-0.15358700538104927,-0.03678021128994119
-0.251866067046387,-0.06635604272263398,0.07980827855296097
-0.26483794078263667,0.20305316361514059,0.22231801491121933
-0.26483794078263667,0.20305316361514059,0.22231801491121933
-0.24745164700067324,-0.2029923641274796,-0.030435094721622702
-0.26285128448442985,0.057375765567045434,-0.11648799310646718
-0.2714000073446583,-0.19976543539872532,0.052285019828549106
-0.252659520103633,-0.20673669760030128,0.07958989881609752
-0.316924847185452,0.2890359081850933,0.053720845117445515
-0.2494957350245411,-0.11406358171810319,-0.15167457173115037
-0.21638224022595756,-0.2941538081698202,0.03318923601088597
-0.3175713015168998,0.19057393470839928,0.05709028923034998
-0.25583284495865755,-0.33953674164536385,0.026430119346734504
-0.2645362069025045,-0.07145837158607074,-0.07088657931559522
-0.2194015344015683,-0.29486794872603106,0.030700150250359215
-0.21638224022595756,-0.2941538081698202,0.03318923601088597
-0.28493058201129196,-0.1507681608701326,0.2401709760906025
-0.2510481356524873,-0.12413405563615784,0.03680769157726066
-0.2857524365020294,-0.019954375924112325,0.0009114657133063031
-0.31414229119644704,0.2983688239486139,-0.002085940771854533
-0.32912791456333407,0.1462345274962774,0.009866676411054709
-0.3231613801082152,0.2159491218516576,0.06057591814361746
-0.2365257413147151,-0.3482932848512048,0.060596233388136356
-0.2823135803334998,-0.26118080283129524,-0.3422804892354363
-0.2365257413147151,-0.3482932848512048,0.060596233388136356
-0.33155038590950003,-0.0197251911722508,0.21936629083755171
-0.24740561202079947,-0.17230817733783593,-0.0021524648800411716
-0.2996528993964938,0.2572702421046469,-0.03618302974450388
-0.3374007285914784,0.36021075140032993,-0.023751094049915267
-0.3052018295959523,0.4390352704391503,-0.09245137600158987
-0.27119116867861814,0.2330476538591642,-0.01771072717847111
-0.2772234567205399,-0.29989067685707516,-0.0788135873424598
-0.27303039342295565,0.06358420507075652,0.1962198012715382
-0.2724280152856865,-0.11692516356407687,-0.03587412371069221
-0.2724280152856865,-0.11692516356407687,-0.03587412371069221
-0.31480525157054534,0.3856497673290445,0.2511576361985039
-0.2724280152856865,-0.11692516356407687,-0.03587412371069221
-0.2588978623827319,-0.4096488130039748,0.175488568352329
-0.23443169004695974,-0.19472369283997995,0.08773582918814299
-0.2588978623827319,-0.4096488130039748,0.175488568352329
-0.27756906276424076,-0.04690511845216777,-0.1576290053534121
-0.3356436701534348,0.3447458856472643,-0.017046971624706864
-0.28064816493956957,0.41696987760068,0.20576723133895342
-0.31480525157054534,0.3856497673290445,0.2511576361985039
-0.2797539603686854,0.270857198244401,0.11851097733962573
-0.31992779585429254,0.09651450190978783,0.155341405112216
-0.3045858533995152,0.2133578898602308,-0.11846957011974835
-0.2375657553996754,-0.1186980504811698,-0.09318805986738443
-0.3358838448643571,0.38277728515160386,0.11036894864084501
-0.2541673661450583,-0.25735201805789854,-0.08246793647564715
-0.2772234567205399,-0.29989067685707516,-0.0788135873424598
-0.31111646506865803,0.2224119881334669,-0.024353081492842987
-0.24836601474383713,0.15323725195602073,-0.13029730100217868
-0.27303039342295565,0.06358420507075652,0.1962198012715382
-0.2724280152856865,-0.11692516356407687,-0.03587412371069221
-0.2905893925578492,0.30077905342059047,-0.1332990025157451
-0.33065422766619834,0.5712372806088477,0.00576727208542116
-0.2749893310461722,0.19346444296478316,-0.00018090713502261213
-0.23929844619029345,-0.05229925864304366,0.16932808467198962
-0.33065422766619834,0.5712372806088477,0.00576727208542116
-0.27909223384684045,-0.2873731565019586,-0.251757682368708
-0.3275346232865702,0.36142533727774,0.019257314534310732
-0.32784493040749507,0.365287424164771,0.0694627701493693
-0.2749893310461722,0.19346444296478316,-0.00018090713502261213
-0.27359092631864823,-0.20493196001518066,0.06045880324956643
-0.31549589663615574,0.13757592151152626,0.11948604489189024
-0.31783740805893845,0.3034073601845468,0.11868034719177861
-0.21602020474187833,-0.04310944438408092,0.2759597442373854
-0.21602020474187833,-0.04310944438408092,0.2759597442373854
-0.30514072839496964,0.2442958558429144,0.09883662235742335
-0.24432190934671572,0.15654888813627638,-0.18471657967547442
-0.30052403777720693,0.19487279285924997,-0.07490146874293502
-0.33829832017176337,0.37223170337845174,0.13624099812013618
-0.3338111170307629,0.1226467103521261,0.23473045445433977
-0.25609570579878377,0.037234792821906865,0.05154816957935676
-0.266437438376417,-0.012310031780208175,-0.028443975084371242
-0.31783740805893845,0.3034073601845468,0.11868034719177861
-0.28907468604125414,0.057894046470553184,-0.0162134692482932
-0.3204603151822689,0.11273066765517464,0.12518854004085694
-0.31549589663615574,0.13757592151152626,0.11948604489189024
-0.3000421690286454,0.011972935176736726,0.1105277327994314
-0.2258592264836058,-0.22559781820471467,0.0669371095340488
-0.2448245985224089,-0.18999829386730976,-0.22594277946665697
-0.31083363351490095,0.25445307549940294,0.04820860160365237
-0.32316969834365994,0.3450414211282974,0.0667918041954565
-0.2570816827747338,-0.05160629721651924,-0.019273956447324325
-0.21577152803906,-0.30830318861265626,0.09752117425631274
-0.30297290089168505,0.16411353199129214,-0.03765205228483992
-0.30297290089168505,0.16411353199129214,-0.03765205228483992
-0.2924589818314106,0.2211268697973986,0.06149586631416082
-0.32316969834365994,0.3450414211282974,0.0667918041954565
-0.3664774979183752,0.47025874563161,0.07928876294064391
-0.2927150744029903,0.1692184458920411,-0.12370072757984524
-0.28390713941466844,-0.24908584690708177,0.02729816849939043
-0.2570816827747338,-0.05160629721651924,-0.019273956447324325
-0.33837265526860955,0.44701967366585477,-0.14102055482941397
-0.2775335656071325,0.2505126988845707,-0.25455669550309357
-0.21577152803906,-0.30830318861265626,0.09752117425631274
-0.2587177573677931,-0.15824365909804913,0.021491084569578378
-0.29897716634633453,0.11279447802180492,0.175560727182904
-0.23976412605913117,0.0297906790662468,-0.03660477141932539
-0.2694606955745541,0.2966190920962654,-0.28422894734713644
-0.3338260806444384,0.29906010389917786,-0.04432900762935227
-0.33445065538865754,0.350563701386765,-0.029706078349692133
-0.30297290089168505,0.16411353199129214,-0.03765205228483992
-0.32651316736257846,0.36249867074075975,-0.02124403119321644
-0.30169490975062535,0.1420114798184271,-0.0020736756893361963
-0.23113957991136053,-0.36194623344992327,0.013093270930693013
-0.2927766481054754,0.1889749492398019,-0.29154964883770207
-0.3183673482169467,0.1736251851140616,-0.05719201959492143
-0.2870475067973387,0.051970747338669215,0.08532769541704832
-0.2463584021116565,-0.20653223032883475,0.011824858956366702
-0.23113957991136053,-0.36194623344992327,0.013093270930693013
-0.2814648574675129,0.4279855640595159,0.0245095842703294
-0.3281057914444997,0.24534225284950462,0.0745012400208867
-0.29375696720347383,0.18973467005233324,-0.29526301079942063
-0.207738177150265,-0.3544912908051655,0.03676373054707921
-0.207738177150265,-0.3544912908051655,0.03676373054707921
-0.207738177150265,-0.3544912908051655,0.03676373054707921
-0.25011332113176554,-0.0901920745078548,0.04863482841364314
-0.207738177150265,-0.3544912908051655,0.03676373054707921
-0.25011332113176554,-0.0901920745078548,0.04863482841364314
-0.2918235681633391,0.49680147890641385,-0.09042583296150031
-0.207738177150265,-0.3544912908051655,0.03676373054707921
-0.42265258415931556,0.24916078410982534,0.2737849486780242
-0.30925808115824294,0.3478182566429026,-0.0916542659821315
-0.2834072958183509,0.32795618773018914,-0.03638402341811803
-0.2969069040216028,0.2630097985095126,0.07580502276609907
-0.2609120026448062,-0.2824326088686916,0.07348166587954541
-0.2969069040216028,0.2630097985095126,0.07580502276609907
-0.31674360102134835,0.390551282178284,0.12308244612157843
-0.25727470556881193,-0.006325459597103483,-0.05228991881248096
-0.31500759383977045,0.4378957037592473,-0.011474895955776776
-0.2609120026448062,-0.2824326088686916,0.07348166587954541
-0.2969069040216028,0.2630097985095126,0.07580502276609907
-0.31674360102134835,0.390551282178284,0.12308244612157843
-0.31277480221865434,0.1400673437067958,0.0988335406967778
-0.27806593878492547,0.2798536029415579,-0.09757188695829311
-0.3231186166682157,0.3188626084387474,-0.09992171388505428
-0.31985387463576787,0.31307413089139835,0.04292450486276045
-0.3368363165868883,0.35997838504898666,0.01914354045655081
-0.28433799144182836,-0.04329072826726958,0.011457951600123029
-0.3261787246635151,0.07457469109969583,0.1055221290991471
-0.3204672301329843,0.25792717304689233,0.10704786610493094
-0.33492764263516883,0.3579425029522127,0.2385015017679309
-0.3379344288702627,0.3765495449396437,0.22967998686310992
-0.3284456053154013,0.36209142891533147,0.23599263387397956
-0.26571303711076466,-0.11998072840446813,0.13525666285528765
-0.3204672301329843,0.25792717304689233,0.10704786610493094
-0.2682094440282601,-0.022803128291983582,-0.2324313791805631
-0.2564619753654619,-0.1110310265648149,0.08392370041731867
-0.2721245906753327,-0.06955093345205543,-0.049252355854310814
-0.3211142660942248,0.3625950931279736,-0.05620613269583924
-0.29629263307520154,0.14151037414329976,0.18644369436670677
-0.3068178738307075,-0.03486171442026484,-0.17328487355113945
-0.3211142660942248,0.3625950931279736,-0.05620613269583924
-0.3256622788166419,0.30863856912794885,0.09975466347936635
-0.2884234966636255,0.09891399272668175,0.00020284143816962086
-0.21446801302042828,-0.08468155320765451,0.0035697927921883865
-0.3502587683803556,0.44529444664881873,0.05863013246585075
-0.30385550546956464,0.17895107721031,0.2473782722499575
-0.3064444419662128,-0.033001025501568,-0.10241214854262393
-0.32206359169492327,0.43386474111282064,-0.024605631137921635
-0.3234582092732145,0.1732923044155148,0.0821865267876371
-0.29629263307520154,0.14151037414329976,0.18644369436670677
-0.3068178738307075,-0.03486171442026484,-0.17328487355113945
-0.29163967191834395,0.12341467305913656,-0.1676748333372185
-0.28185218559803216,0.05635013637497785,0.060667600388260634
-0.3180568473150788,0.1083718301147027,0.17121866515996825
-0.31194723580034833,0.25675628318159766,0.1280778303034174
-0.3180568473150788,0.1083718301147027,0.17121866515996825
-0.3058868191107406,0.2662085775567258,0.12475961857510492
-0.36377213602387054,0.38647543622581254,0.012033807552821185
-0.31194723580034833,0.25675628318159766,0.1280778303034174
-0.32631370392374814,0.47554333484455974,-0.0235301545710927
-0.3180568473150788,0.1083718301147027,0.17121866515996825
-0.23184975977545824,-0.3130955512151038,-0.11454248250915622
-0.32103477997865204,0.32071925204345025,0.08360062170952742
-0.29127006422916296,0.3956438925904779,0.12969373990948357
-0.2796313964507714,0.08204723905038436,0.0807607883434634
-0.24560543059344003,-0.017460855685312943,-0.2151212725947425
-0.2538476707519367,-0.15992811081063082,-0.020275768264868044
-0.23454676942185035,-0.21416237457800427,-0.13756152578753433
-0.28182202325001005,0.08321113644096573,0.1540853328081913
-0.3145380202620147,0.2002128661183339,-0.15953803070542044
-0.31604808683940216,0.008843262404675145,0.11922650719722289
-0.2908195349153391,0.36892390106810985,-0.17827933179835384
-0.2707895807537398,0.24352191139385965,0.018102339211821028
-0.31213104071546416,0.07311841040467129,0.03354379177647676
-0.23454676942185035,-0.21416237457800427,-0.13756152578753433
-0.25447569204978937,-0.14636330592444335,-0.15954765805609283
-0.3099457832517733,0.4704682853798476,-0.002071027104596612
-0.2670587824792314,0.28723249433117926,0.10529667232072443
-0.263499830371062,0.2573973277581744,0.08657324550948592
-0.32887292761466735,0.2774238787130329,0.06211497569653823
-0.28182202325001005,0.08321113644096573,0.1540853328081913
-0.3394987271270213,0.1576834635126888,-0.07649612175102133
-0.32981143158552934,0.5090732707771171,0.09074901621516457
-0.2801547322152693,0.00346613763435788,-0.1075184329866617
-0.2708562583737757,-0.21044817593381107,0.0627089351319911
-0.27923288651213485,-0.2147188836156295,0.062372870542908354
-0.28429054813517524,0.2234251184847208,-0.05496930221248669
-0.29047394146754557,-0.2047414780063569,0.16986842167694644
-0.2870672612199685,0.15263959381019437,0.11177801663735093
-0.2509580601443291,0.15290623650538027,-0.05553356503783402
-0.2815760881638738,0.16911654448040486,-0.0017856808704859728
-0.2758616439814568,0.006662043383318911,-0.029835442269948664
-0.3394987271270213,0.1576834635126888,-0.07649612175102133
-0.3312228104332278,0.2716967220023202,0.04143799807457199
-0.3186503656294547,0.15700753060834727,0.07470150009175008
-0.2567299212730909,-0.11513259297687486,-0.04956935363993065
-0.3142817898405398,0.3687331633853689,0.06106127037264336
-0.3130714357409363,0.16310481869647148,-0.0013695987706922041
-0.35243194105129666,0.446875358710723,0.06201894757287091
-0.27495031588097285,0.2204582357051389,-0.044501054690284536
-0.3142817898405398,0.3687331633853689,0.06106127037264336
-0.32137845270509857,0.4489848643056236,0.09888792196938945
-0.2567299212730909,-0.11513259297687486,-0.04956935363993065
-0.29152589011047797,0.1509792790601167,0.028046796389737116
-0.3173895659648027,0.17065609703777335,0.10088473410021126
-0.3181203545397427,0.16827352040337595,0.07627678344334488
-0.3186503656294547,0.15700753060834727,0.07470150009175008
-0.32095422732193074,0.14022507301913906,0.0830258704568323
-0.2663919211597691,-0.17788040553472353,0.08741049984829025
-0.33508973857432256,0.42393274693103716,0.23373231619811358
-0.3228324807806177,0.4006827381109221,0.011612464655263055
-0.31522256649828784,0.04670926778613588,-0.0334330888380166
-0.24370415190484532,-0.33780671708070986,0.12232556566472602
-0.24370415190484532,-0.33780671708070986,0.12232556566472602
-0.24370415190484532,-0.33780671708070986,0.12232556566472602
-0.24370415190484532,-0.33780671708070986,0.12232556566472602
-0.24370415190484532,-0.33780671708070986,0.12232556566472602
-0.24370415190484532,-0.33780671708070986,0.12232556566472602
-0.3123197418730599,0.37017883172327243,-0.15699868972343411
-0.31394835519598846,0.47156291077348106,0.1484643875264015
-0.318532785178885,-0.11286277837450304,-0.14346760697989858
-0.22328599284122147,-0.4929051964977289,-0.45410992716354126
-0.2607393371467238,0.11696609156621263,0.10417531246498318
-0.30871364236887944,0.02555693054210248,-0.0922958285269817
-0.2839485253646134,0.32277603098881774,-0.027444821278785225
-0.22613978535106477,-0.3293561239548981,-0.10440113150773611
-0.30172980021925294,-0.008043345614176162,-0.09585599969285225
-0.2739841045670319,0.3043667401687921,0.04577794511804756
-0.29377616070399387,0.22235459148684716,0.15301717263668063
-0.30882576158871566,0.3142609803237648,0.0144808435028691
-0.2706412135889845,0.07917067991118135,-0.21890572257867358
-0.22827677785921713,-0.1060153465248506,-0.3024967326389678
-0.3314345509531115,0.3573289019082057,0.155081173113299
-0.3210107293211368,0.2278029024961311,0.03241027756747
-0.22613978535106477,-0.3293561239548981,-0.10440113150773611
-0.3168789526599127,0.15155305474009584,0.06946651287351419
-0.30172980021925294,-0.008043345614176162,-0.09585599969285225
-0.32267218459463237,0.3700326101098244,-0.023566678834479382
-0.30556287475989335,0.06349051102739434,0.15331048906894523
-0.2865514935142695,-0.16192061853520945,0.05558206303849772
-0.3020150324298888,0.23024048060582641,0.1003064472157546
-0.3074427595193468,0.17854647813083618,0.1269673453984546
-0.30727538410253125,0.1783278837019575,0.12625777243112696
-0.3074427595193468,0.17854647813083618,0.1269673453984546
-0.2865514935142695,-0.16192061853520945,0.05558206303849772
-0.26937271741403546,-0.26760271053039075,-0.04508031112313876
-0.27522134914614704,0.12643561244171653,-0.024367048865463037
-0.3624808056787172,0.555668048646262,0.12909915206554684
-0.26848284762583957,-0.265054383213414,-0.04775138690770925
-0.3359332980428991,0.34897663371864157,0.18782650753863422
-0.24210566123569136,0.0004726875817302467,-0.0604276819655401
-0.26848284762583957,-0.265054383213414,-0.04775138690770925
-0.26937271741403546,-0.26760271053039075,-0.04508031112313876
-0.26684132506665825,-0.28381765489556066,-0.040385542932823926
-0.30183010717646774,0.26933552309918246,-0.09051008211203465
-0.31655310293795713,0.31298898691416205,0.13914015978923205
-0.27522134914614704,0.12643561244171653,-0.024367048865463037
-0.3624808056787172,0.555668048646262,0.12909915206554684
-0.3003000094520219,0.26872775535817717,-0.0004443138996523266
-0.3284003039531277,0.511831395108187,0.03918097552382399
-0.34471999582110097,0.4572191864235497,-0.025110717853831566
-0.34813271168342086,0.4611526157276677,0.10417365053079408
-0.34471999582110097,0.4572191864235497,-0.025110717853831566
-0.28067945487310497,-0.21151178611595156,-0.06405247912356621
-0.24490763151103181,-0.03535368411157307,-0.015819684517127452
-0.28282485521108275,0.3495244769075042,0.047237785407393984
-0.3404556335664983,0.44224678875575435,0.02378783084247088
-0.29946742841318114,0.2215826039129592,-0.07581338253790293
-0.33912803461980184,0.48232617860409105,0.06988324761068815
-0.314526136582142,0.3356268067764703,0.12815179445489894
-0.23945183844552323,-0.34996887985567904,0.016442994115764498
-0.3483486064166028,0.48414570423369113,0.07545841911335388
-0.33194092825248167,0.32229406884627193,-0.03897393631671503
-0.2763122332691489,0.13630177686366274,-0.07500453499992576
-0.3219385068483859,0.4048315455151707,0.09396767829911667
-0.2903050566108764,0.04081178874089714,-0.29579848480104404
-0.21984623718787777,-0.18520293941430707,0.03817821278849204
-0.30761428690872084,0.41358061867160295,-0.0921220619669818
-0.3080559464615415,0.43779361812322787,-0.08276661817070763
-0.304951555681482,0.25420669911860344,0.029042931554966733
-0.30218508930565513,0.19234010421072417,0.014866460275297644
-0.33409469145070003,0.3775446199600407,0.08963267376412348
-0.31629919856120897,-0.0501878538832749,-0.10533129345092002
-0.26416114994866163,0.17109948713018808,-0.021284348031318345
-0.29872013084319327,0.17199210677280724,-0.18071113926977625
-0.3119315853094694,0.14395413138568675,0.04449777294564944
-0.2845545261381149,-0.10089000733916664,0.048475850454078984
-0.2822893126330375,-0.048764216450189996,0.06377916212204782
-0.32292724411261486,0.2810897276657829,0.05660172757780535
-0.2987359533112446,-0.03709673331052331,-0.06992936732389987
-0.2840978263985187,0.20644614643136977,-0.02705728271473523
-0.23751914170041466,-0.285067220644043,0.1047389837538551
-0.23751914170041466,-0.285067220644043,0.1047389837538551
-0.23751914170041466,-0.285067220644043,0.1047389837538551
-0.19928705685808695,-0.015711781342302514,0.058862759778073426
-0.2526067820138104,-0.11024474450680716,0.07235462979093088
-0.30851375953660054,0.35909887046131245,-0.09658554636164735
-0.2526067820138104,-0.11024474450680716,0.07235462979093088
-0.2705282138094991,0.060159612015576375,-0.10573314956248187
-0.2482124751223273,-0.2269147473370391,0.19642099436392163
-0.23751914170041466,-0.285067220644043,0.1047389837538551
-0.28772081669196,-0.07136360320644052,0.04649599222894796
-0.2887634465794157,-0.06956123984273786,0.04575472847135348
-0.2917795949396135,0.016058026219595928,0.012354211171449136
-0.19928705685808695,-0.015711781342302514,0.058862759778073426
-0.2296675969343124,-0.09907548551928344,-0.03713240722953992
-0.2767943288542778,0.07649070178164752,0.07264878691887555
-0.3342381835509727,0.41881380283933584,-0.0895827106145014
-0.2932420119079733,0.284238495172796,0.050944933943469384
-0.27892797319144874,0.2544815268466935,0.01745638578408515
-0.28219211593908344,0.18967176216458276,0.0484499008238129
-0.3026122216368171,0.2627575709013544,-0.08117177476643028
-0.26371861099803906,-0.04223522449307958,0.027786632745916418
-0.2872298297509075,0.16749532367931214,0.08634606831836378
-0.2932420119079733,0.284238495172796,0.050944933943469384
-0.27892797319144874,0.2544815268466935,0.01745638578408515
-0.3068468038976711,0.2545985445908182,0.17971317219246113
-0.2296675969343124,-0.09907548551928344,-0.03713240722953992
-0.2767943288542778,0.07649070178164752,0.07264878691887555
-0.3342381835509727,0.41881380283933584,-0.0895827106145014
-0.3153347053951532,0.28390898639115375,-0.0623241805956713
-0.30830848775475733,0.34647787065422375,0.18231985193294648
-0.3417997661193018,0.33659087468582566,-0.016705864098078727
-0.3546786699804594,0.47714097075928624,-0.054394038036147285
-0.3157864080032869,0.013013553182913778,-0.006299869279625003
-0.2874657903165595,0.1599204813813941,0.16765422601392427
-0.3546786699804594,0.47714097075928624,-0.054394038036147285
-0.3417997661193018,0.33659087468582566,-0.016705864098078727
-0.28156928540260406,0.09752881417104858,-0.13677611548770513
-0.3554085394323698,0.4844064629318157,0.11916658756494342
-0.2685537004400132,-0.12133447559369054,-0.20137907534131883
-0.21902638009488457,-0.1401444717777537,0.05841464539752933
-0.3157864080032869,0.013013553182913778,-0.006299869279625003
-0.31303934002498884,0.11311894439945491,0.03176643425703157
-0.34833228452164944,0.42943193008542274,0.13238823587872278
-0.24319169525891013,-0.41858210278870767,0.07656259541055355
-0.30678553246020057,0.32399598479521685,0.03561358006973203
-0.2967794780099744,0.08793606558803624,0.1447423313630583
-0.30678553246020057,0.32399598479521685,0.03561358006973203
-0.28258078519433266,0.0995587443415896,-0.06940725571997408
-0.2770810785692791,-0.03546569319923985,0.0007123418960837125
-0.3241163916129289,0.2546171711340844,-0.012012760563728908
-0.34833228452164944,0.42943193008542274,0.13238823587872278
-0.24319169525891013,-0.41858210278870767,0.07656259541055355
-0.2721074014293495,0.31692117761003297,0.1363145883989983
-0.2715948419448331,0.31074782634227477,0.14518524650332248
-0.3119842084925781,0.2532271919180098,0.05388998311574961
-0.3313303878194659,0.3677818088828598,0.24087510497837544
-0.2897729951352709,0.25790365716373026,0.038839843596364
-0.30012868882345034,0.22008177962285463,0.13245206648195823
-0.26042833454591513,-0.292672131941089,-0.05845795058332781
-0.25686046752235187,-0.2939892985224002,-0.05304304268829263
-0.2565762230459251,-0.04852111481507941,0.06631750527308705
-0.315038289449559,-0.017726548989300345,-0.02304425990029374
-0.22450610724173156,-0.2542393004931962,-0.16131328807559164
-0.2702723244244949,0.1321526760946644,-0.07651826504021159
-0.2438660856355051,0.009809124634573424,0.009139447738797324
-0.2813663333644369,0.030030046706646746,0.07761301342283056
-0.2438660856355051,0.009809124634573424,0.009139447738797324
-0.2667275752892828,0.05323666806210303,0.08469022728967623
-0.3032321161206687,0.20034786183921172,-0.06423954787150826
-0.3103744420459888,0.06990684345429307,-0.05143961009787551
-0.2702723244244949,0.1321526760946644,-0.07651826504021159
-0.22450610724173156,-0.2542393004931962,-0.16131328807559164
-0.2609545582235574,-0.15888871989078696,0.06170771584575302
-0.2606113184589693,-0.01540065885464531,-0.37243899918359086
-0.26332662780576843,0.10103507735700964,0.2112995540181904
-0.28792948118838335,-0.06464450416728432,0.009455448408529521
-0.26173133253122693,-0.12944588008868108,0.05745711559927219
-0.2388640901943123,-0.42017795244661854,0.20769334408286028
-0.26332662780576843,0.10103507735700964,0.2112995540181904
-0.34347706566084313,0.43204459072585394,-0.05093520550789521
-0.26722896048442507,-0.2105204049551083,0.08012540300995646
-0.2482261397866066,0.31004668620209436,-0.26206336114546963
-0.26722896048442507,-0.2105204049551083,0.08012540300995646
-0.34347706566084313,0.43204459072585394,-0.05093520550789521
-0.30498495284064087,0.48508506326481854,0.12238183258112517
-0.3522797076611814,0.539138892322786,0.20653328891147443
-0.18226798637778138,-0.3925617248180911,-0.02516456248200194
-0.274203035069668,0.3002988970336952,-0.08464731352687543
-0.19344474522154456,-0.3356091343488715,0.07283365578455187
-0.19344474522154456,-0.3356091343488715,0.07283365578455187
-0.2879623818448864,0.07833688861268837,-0.08434967935850696
-0.274203035069668,0.3002988970336952,-0.08464731352687543
-0.18226798637778138,-0.3925617248180911,-0.02516456248200194
-0.19344474522154456,-0.3356091343488715,0.07283365578455187
-0.19345898914476564,-0.33672961057460915,0.06852460116595543
-0.27411444823453,0.12543591754016659,-0.10524310075429794
-0.3404183002460173,0.5006365775843102,0.07692751932277164
-0.28325449014326376,0.266609775529077,0.11537746593567016
-0.3156944247837707,0.368845216324815,-0.08302111786692529
-0.26047656262852037,0.14854897303637793,0.04160089606305489
-0.20774386706323014,-0.2176296308297206,-0.13342334601608963
-0.20774386706323014,-0.2176296308297206,-0.13342334601608963
-0.2992967008486869,0.22510822730670516,-0.0790987105413789
-0.2734091219560024,0.08293049002944539,-0.09611764279830115
-0.3261863331152433,0.31539077911057595,0.04611393663297725
-0.32034464438027044,0.23020268967942054,-0.09301972567263339
-0.3173284564098487,0.3426290845095684,0.20584383298119507
-0.2600170539347529,-0.10190826774463788,0.04245568473962397
-0.2580610267838054,-0.16376067618382797,0.00784906568920768
-0.30107994330153215,0.42603024548018026,-0.00015532643908489074
-0.3173284564098487,0.3426290845095684,0.20584383298119507
-0.3298982471019483,0.241855174231501,0.15909962093512203
-0.3298982471019483,0.241855174231501,0.15909962093512203
-0.21293937254042616,-0.1987467297602833,0.022789731787169087
-0.2649234542381126,0.13675681198729778,-0.086565764980786
-0.2869236944640579,0.3270940807210558,-0.3133177628038697
-0.33082898012276807,0.3214975501056108,0.0712219612383142
-0.30597331913918774,0.024225350398654227,-0.16447872679244926
-0.32831188969528885,0.22625012765445657,-0.02217344566408047
-0.3168477877113696,0.5798692977932753,-0.04063275798422272
-0.23515078019000546,-0.3138693905172044,0.14374735963192237
-0.25808792583806484,-0.05969516368597963,0.13979466880377905
-0.34068037336870766,0.2230616586832359,0.22771653271976294
-0.3231848143782912,0.38346409509446383,-0.017969407384633096
-0.3325830496690426,0.48023097164004697,-0.0008100117258790784
-0.2573615780778348,-0.23021331504628584,-0.02910255228607117
-0.31902272884755967,0.38589915341765796,-0.02495503434401425
-0.3231848143782912,0.38346409509446383,-0.017969407384633096
-0.2658265134583556,-0.4056825752831943,-0.0183000835254693
-0.35724646146938543,0.5771697460457568,0.14674753704066174
-0.23515078019000546,-0.3138693905172044,0.14374735963192237
-0.34068037336870766,0.2230616586832359,0.22771653271976294
-0.25808792583806484,-0.05969516368597963,0.13979466880377905
-0.2791125262178694,0.04401633013914341,-0.02123700331413164
-0.3125655737174598,0.46750474826828664,0.13962301174200703
-0.310877711036171,-0.10848169559587506,0.0005414506477997016
-0.2367733508648781,-0.1999640952992874,-0.006799444517002151
-0.3455151197197218,0.5717605264531245,0.147031130777787
-0.31810770630795443,0.24649587162321612,0.13124422634038307
-0.2367733508648781,-0.1999640952992874,-0.006799444517002151
-0.31610290681956654,0.4885312638790566,0.014034017698937695
-0.3125655737174598,0.46750474826828664,0.13962301174200703
-0.2900381660961909,0.010390427420581688,-0.1753342155334697
-0.3386316471096363,0.5815005296437965,0.045600659150477174
-0.3253458404445886,0.44242306189375585,0.06020415532320178
-0.3455151197197218,0.5717605264531245,0.147031130777787
-0.2672552687805832,0.01958551535823369,0.16105133418231016
-0.3085229620732785,0.24168410461259554,0.014867503336056187
-0.310877711036171,-0.10848169559587506,0.0005414506477997016
-0.2929989383759367,0.22704470160522822,0.059005923474901745
-0.29215263448693607,0.26062533097569485,0.2275994528951532
-0.31810770630795443,0.24649587162321612,0.13124422634038307
-0.2989654457389036,0.13326473074644046,0.09194112001661675
-0.29655618284072083,0.3012849025752628,0.08717621357423438
-0.29655618284072083,0.3012849025752628,0.08717621357423438
-0.2493466240096625,0.025876374399341234,-0.021125378659285154
-0.33010628077412657,0.3137296490899281,0.04781140396808742
-0.3083374580007312,0.23425090846380336,0.0007155881394215746
-0.26960829405562875,0.051178107126297,-0.09022221646949191
-0.3343585770296597,0.49339899850147123,-0.02596267269761421
-0.29655618284072083,0.3012849025752628,0.08717621357423438
-0.2493466240096625,0.025876374399341234,-0.021125378659285154
-0.2201399828000365,-0.3978463981181584,0.009344224369991272
-0.31457398373831275,0.5074176710453573,0.06907666672269003
-0.31192794891451053,0.2659830387705462,0.03734873823164919
-0.295329517387682,0.244081033597762,-0.008495459704472186
-0.25040434929182864,0.03790509047427629,-0.041033373946419094
-0.3236029042369182,0.5146843639329481,0.05644362841774497
-0.2201399828000365,-0.3978463981181584,0.009344224369991272
-0.2627455976169066,-0.1579592519059628,0.010733115527213621
-0.28248699847685127,-0.07990759632305264,0.10277071001335802
-0.31182920635693734,0.318251007159626,0.061015158241876644
-0.2695785056179435,0.1665311307625208,-0.1318594985570264
-0.25457348570775434,0.2784252240204406,0.11937007845341313
-0.2922997119460223,0.37249478123054386,0.1026136853211877
-0.32029096956296765,0.3852102298122925,0.12724459661640913
-0.34044093703779343,0.46461986797654625,0.05994228945613267
-0.3528131907553473,0.575012293145686,0.07741949540649984
-0.2897675909486812,0.07972249591771921,-0.054620607311832714
-0.3177491053016758,0.41894761537668473,0.1410179210590617
-0.2920569674376068,-0.3020849464406431,-0.09823438750087604
-0.3197264262552919,0.23016897502838773,-0.017405840310873277
-0.2560429042314286,-0.24429888301804503,-0.08067182628243058
-0.2920569674376068,-0.3020849464406431,-0.09823438750087604
-0.293282918078693,0.2062668049897936,-0.16315088307116293
-0.293282918078693,0.2062668049897936,-0.16315088307116293
-0.31999307709971814,0.29659075766949544,0.1003802602137831
-0.2519604020649908,-0.17612354825787538,0.08011468578915387
-0.18843735802853373,0.006196038323568964,-0.27259583871826215
-0.3256263230514207,0.46044412560828735,0.02544737502815947
-0.2508757323066094,-0.22702993526896115,-0.03748425398127614
-0.26570965440361116,-0.265301369599797,-0.059112794278194714
-0.2600681959419932,0.16377132166554442,0.10917971655755171
-0.2508652496867585,-0.1067086502234105,0.05979575607692161
-0.2508757323066094,-0.22702993526896115,-0.03748425398127614
-0.26570965440361116,-0.265301369599797,-0.059112794278194714
-0.2896438145659512,0.1341458816963415,0.013817810149725773
-0.2564819348737698,-0.03404990798660602,-0.113562577514974
-0.323384488522602,0.33657046169497695,0.05009239280333688
-0.32632140801869286,0.39596763808200147,0.02671997001152565
-0.3229772368993699,0.3859748601964114,0.06846200422868393
-0.2851561153790462,0.121732673576959,0.029775441642379274
-0.25815427627209353,-0.18511945227898813,0.022821507465296154
-0.28708401938154116,0.13244976845931944,-0.1622502909728186
-0.28708401938154116,0.13244976845931944,-0.1622502909728186
-0.25815427627209353,-0.18511945227898813,0.022821507465296154
-0.28522861416981665,0.24690992691753372,-0.09505912529605975
-0.28708401938154116,0.13244976845931944,-0.1622502909728186
-0.2897323806828638,0.0011861121119835505,0.0767062329192158
-0.20909845028696863,-0.284173130556198,-0.021474890465955077
-0.20909845028696863,-0.284173130556198,-0.021474890465955077
-0.20909845028696863,-0.284173130556198,-0.021474890465955077
-0.3072921854061198,0.1608084695527865,0.11032564264779393
-0.2865425046578788,-0.04630990117060106,-0.0042458057828480555
-0.27554727696771525,0.31729792571802595,-0.15424079463429388
-0.3072921854061198,0.1608084695527865,0.11032564264779393
-0.20909845028696863,-0.284173130556198,-0.021474890465955077
-0.24914103491886763,0.14370695184942545,-0.14365917715396564
-0.2561654578832413,0.3797969148580806,-0.05193684261066944
-0.22945000794634318,-0.214139558039338,-0.059877031637938394
-0.33408284864439497,0.27044427576444124,0.05400733494626858
-0.22945000794634318,-0.214139558039338,-0.059877031637938394
-0.2561654578832413,0.3797969148580806,-0.05193684261066944
-0.2581659321870218,0.059064869824654226,0.12115612018035943
-0.3035774873911669,0.30678423976674746,0.05524904201603659
-0.29234559971758856,0.22161615946260327,-0.009402701328329766
-0.29562992608080996,0.23703875435728305,0.18512163249655683
-0.2581659321870218,0.059064869824654226,0.12115612018035943
-0.29234559971758856,0.22161615946260327,-0.009402701328329766
-0.1602144858274498,-0.025636128503086955,-0.3937268041406518
-0.3035774873911669,0.30678423976674746,0.05524904201603659
-0.2776916042299366,0.24255417730969536,0.046664481549557546
-0.2540631260770987,-0.0443062457752853,0.047209002349831886
-0.3177557332921865,0.21675988548496034,0.07837085143926692
-0.23329058082298576,-0.17628599972552686,0.009790043936199588
-0.3066106998279614,0.21120356410735053,0.14719951166279915
-0.2992072511644784,0.05252532710484786,-0.19958397014431323
-0.29356375748125835,0.20782604649757497,0.19094642367570153
-0.2977035964499119,0.018004137835558015,-0.009547153798907027
-0.31139909438870583,0.3523941961590381,0.11379991080646029
-0.28934905900392127,0.3548267042657794,-0.09617569727139591
-0.25151796511432645,0.03773789701735561,0.0005434023277674505
-0.29356375748125835,0.20782604649757497,0.19094642367570153
-0.3248558942809775,0.3212189282342786,0.07792400015775325
-0.30868885230342874,0.14921097557299473,-0.03828505292147122
-0.24990661907093778,-0.2716632218876369,0.27448284932296524
-0.24990661907093778,-0.2716632218876369,0.27448284932296524
-0.24990661907093778,-0.2716632218876369,0.27448284932296524
-0.31747347278442156,0.34843381038489946,0.08926630019062143
-0.30048774131476114,0.015005627401965177,-0.16175018877443356
-0.31032948049302456,0.15044205137627165,-0.04764924818908761
-0.31064949049942564,0.15073041719805735,-0.04571177684490846
-0.28701737067694233,0.09974959973041425,0.12760496049775277
-0.34540726116416876,0.35817115392009174,0.10295990415218298
-0.34614390403740264,0.3466689542458292,0.12361882386669792
-0.27612720081258646,-0.009615460799381942,0.017697274843462896
-0.32574027438215963,0.38033406989607815,-0.11751051094422083
-0.237521422083879,-0.2886058580323946,-0.0030025916055383406
-0.23637530827646228,-0.1297522463337988,0.04411367119004406
-0.2692758094547941,0.08911781963434948,0.0012709385271064133
-0.239893599189751,-0.04093721615888832,-0.05355949207594052
-0.2975020678609303,0.34196161667019476,0.10192695874668495
-0.31088468704271205,0.3652218483943515,0.041831987649830926
-0.24788719820295382,-0.2884776034431804,0.007040191796231388
-0.22666768637217344,-0.27426857495331214,-0.08609052596750177
-0.2792943159999012,0.17754114167880403,-0.05276500051369443
-0.25153279604458245,-0.30681058330481226,0.15943463141112518
-0.25153279604458245,-0.30681058330481226,0.15943463141112518
-0.24788719820295382,-0.2884776034431804,0.007040191796231388
-0.2792943159999012,0.17754114167880403,-0.05276500051369443
-0.2786206511279999,0.10432292075904936,-0.05221339159145427
-0.25153279604458245,-0.30681058330481226,0.15943463141112518
-0.22666768637217344,-0.27426857495331214,-0.08609052596750177
-0.3351729350697763,0.3543397771630597,0.05788347726570037
-0.23548433232312113,-0.3802831484112901,0.11834470727928331
-0.2886848312111391,0.15463395369285887,-0.12245695208346202
-0.23165125975234957,-0.1176172888496885,0.1917918613802158
-0.3117070044365349,0.08953297171971669,0.12296734747972032
-0.23165125975234957,-0.1176172888496885,0.1917918613802158
-0.3351729350697763,0.3543397771630597,0.05788347726570037
-0.31132709588982954,0.4202661434358312,0.035055921471968454
-0.23548433232312113,-0.3802831484112901,0.11834470727928331
-0.2886848312111391,0.15463395369285887,-0.12245695208346202
-0.25070795508074095,-0.2048191548797343,-0.16638429099833935
-0.2572942236679246,-0.14669436941892816,-0.0771408032470029
-0.25516628431305566,-0.14242306111744046,-0.07359334087173597
-0.28062961628567884,0.03227735930938022,0.01967358233450095
-0.28062961628567884,0.03227735930938022,0.01967358233450095
-0.28062961628567884,0.03227735930938022,0.01967358233450095
-0.28561113581031333,0.05983318330359805,0.15626676827001523
-0.28415915165627076,0.3938578705371482,-0.23875489870307168
-0.27422198377831297,0.2795791631133712,0.0631651323317054
-0.2539189789663513,0.0772834924810123,0.21321941591888777
-0.30191046811393785,0.41617451772775943,0.041637188029115035
-0.2804205068407398,-0.02393750536633031,0.03469762358719786
-0.29013687268712646,0.07743393622447195,0.04289639913792198
-0.2682182894108301,-0.015077016211234945,0.03271831524965568
-0.2682182894108301,-0.015077016211234945,0.03271831524965568
-0.29013687268712646,0.07743393622447195,0.04289639913792198
-0.3221119287517478,0.2486449599976024,0.06388754551527182
-0.3218024337915124,0.15559722332975606,-0.03516076038539212
-0.29504890253928506,0.34153967523838147,0.14149138330722083
-0.3313664624148259,0.4148097287245636,0.1434707601034137
-0.29688492861636634,0.018517786597315816,-0.0009510672198791981
-0.30445712296541005,0.2961545988601519,-0.030033618900871917
-0.28738372966802356,-0.10869392153348205,-0.012085636662877153
-0.2720063215343811,-0.050785140270783985,-0.01722489827394391
-0.24029909868499166,-0.017496700260338477,-0.053768495099209834
-0.3199419147544996,0.4300389189698844,0.03656261458139376
-0.31684149948363377,0.20623335247634023,0.12109264013110793
-0.3212289819511839,0.07987582726108414,0.25889050778305284
-0.3019886380009624,0.1405815075769778,-0.016867183170229172
-0.33604116363611886,0.5806048601739118,0.01608714740151662
-0.34140112597618927,0.5269860363695036,0.11918509308668684
-0.26528438983218616,-0.02093185270499369,-0.10417811090981643
-0.18926862150170307,-0.024607769258035997,-0.40437633344324236
-0.3363274632579319,0.33236466145916127,-0.03049539061515527
-0.3757999500397402,0.4932582495854441,0.09915405341501071
-0.33604116363611886,0.5806048601739118,0.01608714740151662
-0.2837026288940346,-0.015330160881555144,0.17950534693808035
-0.34140112597618927,0.5269860363695036,0.11918509308668684
-0.25627888279629335,0.024474595861155274,-0.06145159837861658
-0.3075748775025408,0.4785428071714581,-0.07009557713438708
-0.2535719858781699,-0.21059530760777193,0.006010959850364539
-0.3243644728757722,0.4072790075477312,0.1207702924752731
-0.32994428560867584,0.5369971052057669,0.21576338325671834
-0.3537464736820882,0.6269750104654861,-0.06601627374855829
-0.22719609719128092,-0.15284040287228637,-0.20120364471592
-0.31220751054428136,0.05307416091108175,-0.11861718329043919
-0.35472679278008673,0.6277347312780175,-0.0697296357102769
-0.2742509672474788,0.1846652530410589,-0.015522521295735003
-0.2779896691850957,0.03515523571695034,0.1646739182012658
-0.2461212717158875,-0.17796151137540894,0.08982757906693567
-0.3282907314364755,0.35892727445378836,0.23258267639820657
-0.32157723680764944,0.24494327795453702,0.13514477485618753
-0.2461212717158875,-0.17796151137540894,0.08982757906693567
-0.3010129288022578,0.34106586408492223,0.11185857945335825
-0.2461212717158875,-0.17796151137540894,0.08982757906693567
-0.26122858722483633,-0.19002457393958386,-0.013001204118052168
-0.27377321505245544,-0.01222565412794882,-0.09628416263947681
-0.3226386864313471,0.26592711007174946,-0.022146451558027636
-0.3282907314364755,0.35892727445378836,0.23258267639820657
-0.3407346231641509,0.26625363529186447,-0.03623765362985404
-0.28995020228839846,0.10292677488394153,0.09674862109798338
-0.2779896691850957,0.03515523571695034,0.1646739182012658
-0.3010129288022578,0.34106586408492223,0.11185857945335825
-0.31571573845959006,0.13356849202166649,0.014140741525343115
-0.32157723680764944,0.24494327795453702,0.13514477485618753
-0.24567247289628946,-0.1774429960347509,0.0898366591166414
-0.3116823296661717,0.264890690287035,0.016709043902697285
-0.26122858722483633,-0.19002457393958386,-0.013001204118052168
-0.26210642310026167,-0.10172450374879871,-0.06919473519042102
-0.22973250862890907,-0.35505388108624436,0.1406397738188992
-0.22973250862890907,-0.35505388108624436,0.1406397738188992
-0.22973250862890907,-0.35505388108624436,0.1406397738188992
-0.22973250862890907,-0.35505388108624436,0.1406397738188992
-0.3292385251546633,0.2755852041995666,0.06197449715638309
-0.30725002365247317,0.34406260584439735,-0.028831201214758073
-0.2340532261173322,-0.41726726594733565,0.12507154085466704
-0.28041121992099166,-0.03911346141426715,-0.1546491018847432
-0.2688397854494803,0.5740456824507263,-0.3828157843183595
-0.22973250862890907,-0.35505388108624436,0.1406397738188992
-0.24694366939747897,-0.29867054532525483,-0.060784828563641535
-0.23766837069130042,-0.3862715643443555,-0.05776760775529932
-0.2691161177786818,-0.15091426134297764,-1.2313588565460165e-05
-0.23084888543116225,-0.2589162759483469,-0.08399071208652165
-0.33775881594126816,0.0696242804609859,-0.07466198914777716
-0.2720217271914307,-0.12035057120903861,-0.0034194365184535003
-0.26834529653304207,-0.2558736092765528,-0.05589668484468541
-0.30646428889159394,0.305562408653483,-0.021670729496983787
-0.24067438894466112,-0.14293131810797402,-0.04847513400822823
-0.23770123942872967,-0.14096915749378694,-0.05004693098506158
-0.29748295298661226,0.13144890395456393,-0.02796447499751248
-0.2982724726632541,0.2258029496849549,-0.13625848502151355
-0.2982505825327445,0.2091879771420148,-0.0088040018002557
-0.3366632661506934,0.3064991484234249,-0.09228805317856253
-0.29748295298661226,0.13144890395456393,-0.02796447499751248
-0.31500500303369516,0.5310740011252206,0.006068703178982338
-0.25523578426169047,-0.04336037497582508,-0.09355441934855285
-0.2930415437269539,0.08031287046926458,0.034296305597873944
-0.25523578426169047,-0.04336037497582508,-0.09355441934855285
-0.3209103616462447,0.35847642184113965,-0.019761619818018494
-0.18736128899465396,-0.4070060442283189,-0.13593479650554624
-0.32698190846430913,0.49280526246352035,-0.0260916526293255
-0.2545077670245598,0.20971932193115267,-0.159319877403169
-0.2657589613295992,-0.20545691634715355,0.08409927113269572
-0.29977461248698795,0.0662932903380972,-0.16000565667261565
-0.2609623647389735,-0.26380084611903143,0.2320821070510744
-0.2609623647389735,-0.26380084611903143,0.2320821070510744
-0.2609623647389735,-0.26380084611903143,0.2320821070510744
-0.2609623647389735,-0.26380084611903143,0.2320821070510744
-0.2609623647389735,-0.26380084611903143,0.2320821070510744
-0.2609623647389735,-0.26380084611903143,0.2320821070510744
-0.2609623647389735,-0.26380084611903143,0.2320821070510744
-0.30891148486642833,0.184440175210684,-0.04455578978167585
-0.2839001950650673,-0.30389925294615505,0.13507003227557696
-0.20878553338271297,-0.32037443779454966,-0.124749477026936
-0.2572690469945187,0.07237719624966213,-0.09986311522320968
-0.2609623647389735,-0.26380084611903143,0.2320821070510744
-0.2766963607387788,-0.024692430329709428,-0.19731550394271002
-0.3015599290260595,0.0037349221484978823,-0.15214477894808812
-0.2987409964393199,0.003947683118204454,-0.15232606294259743
-0.3105707237613622,0.5853198556757826,-0.014737735677766428
-0.29899498856147083,0.06544510951489477,0.1142405349475914
-0.2766963607387788,-0.024692430329709428,-0.19731550394271002
-0.3015599290260595,0.0037349221484978823,-0.15214477894808812
-0.2987409964393199,0.003947683118204454,-0.15232606294259743
-0.29899498856147083,0.06544510951489477,0.1142405349475914
-0.29764615584588455,0.10904892190543203,0.09968168252812931
-0.32503660538927287,0.2456892105913892,0.04455269426581021
-0.26544804692651686,0.03690977881510732,0.09069095671703159
-0.280523174177141,0.16135128052644676,-0.10451512585061756
-0.3105707237613622,0.5853198556757826,-0.014737735677766428
-0.2275082624953663,-0.3279948298987604,-0.05824492638504758
-0.2275082624953663,-0.3279948298987604,-0.05824492638504758
-0.2275082624953663,-0.3279948298987604,-0.05824492638504758
-0.2642438582999169,-0.052079647510074475,0.01267264215732894
-0.2275082624953663,-0.3279948298987604,-0.05824492638504758
-0.29536699179214,0.1112344152327708,-0.11001241734351208
-0.25979005679848766,-0.07626520457061459,0.0016584105566512797
-0.2642438582999169,-0.052079647510074475,0.01267264215732894
-0.3137089594978686,0.5050999794910451,-0.33852704460823085
-0.23592320704907066,-0.32896703827576,-0.09165033149953311
-0.29611585701555837,0.281905741557707,-0.06903469565654075
-0.2814980864477785,0.16489189920219477,-0.0582849656058409
-0.29611585701555837,0.281905741557707,-0.06903469565654075
-0.29794135469512806,0.28785858212584703,-0.01751411575117784
-0.29101871744549346,0.379032501206193,0.10709958286828186
-0.23592320704907066,-0.32896703827576,-0.09165033149953311
-0.27821695329187246,0.04670080455740286,0.030949884851549425
-0.26674513353148765,0.05442259931982216,0.06468595939567295
-0.2714764448475117,-0.24985693095277028,-0.0593607822659053
-0.22700258623978464,-0.17717806525143576,0.03367440442289199
-0.33027912051784225,0.5195993190223704,-0.06796497409044638
-0.241215931323231,-0.4232723278419335,0.05938602915289426
-0.2667137948079801,-0.25199008311730947,-0.07320487734090786
-0.2745732648537684,-0.25542985374735216,-0.03717113712510817
-0.2815610395343523,-0.1923223799690289,0.06139552126489084
-0.2714764448475117,-0.24985693095277028,-0.0593607822659053
-0.27500288248046273,-0.24795440104180594,-0.045641917780835206
-0.2603238955040064,-0.07359608374161344,0.08744150091916841
-0.2547706868075241,-0.15738716051134563,0.011283478141180636
-0.28253247310367285,-0.03393945909482855,-0.1420487660113567
-0.22700258623978464,-0.17717806525143576,0.03367440442289199
-0.23155746766554466,-0.20072981287444008,0.04676898777116373
-0.1931637058738243,-0.2676504103000672,-0.038761940896682556
-0.2904934079182435,0.025552391974200866,0.0100185815835373
-0.29751337155119484,0.0834749151734574,-0.11073005925590917
-0.2332066215313835,-0.01195095520791005,0.03583365087991808
-0.27321162422168976,0.1568932503198351,0.10319868297202744
-0.2904934079182435,0.025552391974200866,0.0100185815835373
-0.2970450885912408,0.054014536353595516,0.09861299974419041
-0.2332066215313835,-0.01195095520791005,0.03583365087991808
-0.27321162422168976,0.1568932503198351,0.10319868297202744
-0.1931637058738243,-0.2676504103000672,-0.038761940896682556
-0.2755832155466833,-0.0988098593804127,0.07352368749568217
-0.2812466442185939,-0.04047825617004219,0.1681777936190248
-0.2970450885912408,0.054014536353595516,0.09861299974419041
-0.21480726570828057,-0.29629442704849196,-0.2323343513347811
-0.3000716232840206,0.06859183234144242,-0.06513533145012596
-0.2904934079182435,0.025552391974200866,0.0100185815835373
-0.29751337155119484,0.0834749151734574,-0.11073005925590917
-0.2165496773023887,-0.18915568784205514,-0.05591567112591922
-0.29036069377019913,0.3907718886588018,0.009812068506576954
-0.2236813565211871,-0.17322336647362577,-0.0684294395258
-0.2825402320636438,0.1578816301282931,-0.09205413991852696
-0.2886223091146515,0.204166125095828,-0.17558434868027484
-0.2886223091146515,0.204166125095828,-0.17558434868027484
-0.30330879152923607,0.029691803174407505,-0.10141252681148577
-0.25975595439027876,-0.0761811277284131,0.08026734173831612
-0.31911321326036907,0.22975406910600343,0.006257428299467682
-0.26910558404938,-0.25590579868834906,-0.040344295087303084
-0.3021353562166762,0.22841609821783387,0.14297624779611456
-0.273692740602506,0.40657505275695854,-0.09619390507782077
-0.2886223091146515,0.204166125095828,-0.17558434868027484
-0.3166681076134075,0.22435665985845354,-0.23754632341003545
-0.2825402320636438,0.1578816301282931,-0.09205413991852696
-0.28811011438082923,0.44752509578233207,0.06917634014709023
-0.29614132027639295,0.24664739620754594,-0.11227658894409365
-0.27819184900330945,-0.15004456368323377,-0.012520700448528432
-0.27819184900330945,-0.15004456368323377,-0.012520700448528432
-0.22733772940543512,-0.21105021434644708,0.07970763876574205
-0.2303026947684923,-0.21767846261078264,-0.12199495943634092
-0.23606395357588575,-0.2671728042196915,-0.14532173727247777
-0.30940620645010014,0.3056089460317755,0.09137305478502583
-0.30940620645010014,0.3056089460317755,0.09137305478502583
-0.2303026947684923,-0.21767846261078264,-0.12199495943634092
-0.23606395357588575,-0.2671728042196915,-0.14532173727247777
-0.2853585723809998,0.24285494197961738,-0.045853855059403315
-0.33185878509001765,0.024454129478616443,0.1296190909250841
-0.31547642218212885,0.24196282456332763,0.0786374443067685
-0.3082800741672468,0.48411394433086935,0.07343754521274926
-0.2853585723809998,0.24285494197961738,-0.045853855059403315
-0.20720314092750802,-0.3721997257445492,-0.10258509616360684
-0.28502295476803574,0.2761077355994581,-0.047986153792133834
-0.20720314092750802,-0.3721997257445492,-0.10258509616360684
-0.2480938163980701,0.04731035329489605,0.08586550212776572
-0.18618388935716665,-0.11965896141832348,0.014368203150340209
-0.28502295476803574,0.2761077355994581,-0.047986153792133834
-0.3542055385922528,0.5678881051329907,-0.0441756953763186
-0.301544573645075,0.31846791700586813,-0.13172862574814115
-0.27208655606926796,0.34812058726606104,0.003109373630853063
-0.2746770671934312,0.26627536276635627,-0.13890708479937602
-0.3221700442663268,0.16346663819096063,-0.0563030718410667
-0.301544573645075,0.31846791700586813,-0.13172862574814115
-0.2730061681542012,0.08594880857994325,-0.16375081260943455
-0.33273896544804826,0.3362231595575877,-0.07212337626898563
-0.2699436698241447,-0.30445345224973297,-0.04740971318164283
-0.2699436698241447,-0.30445345224973297,-0.04740971318164283
-0.25029027627877554,-0.23290535167277285,0.05468393089955581
-0.29676443191738644,-0.05289381553294542,-0.04117279717076738
-0.29676443191738644,-0.05289381553294542,-0.04117279717076738
-0.29590828913343487,0.4570859762758322,0.008115596099941447
-0.3114740979162233,0.42427872091586266,-0.057106842404880676
-0.2756894511926043,0.10864201497356685,0.0855675128131278
-0.2699436698241447,-0.30445345224973297,-0.04740971318164283
-0.281607410555744,-0.21421458898079485,0.01876405797305275
-0.25029027627877554,-0.23290535167277285,0.05468393089955581
-0.26585837674876733,-0.08062974128066985,-0.0019453418103663744
-0.29676443191738644,-0.05289381553294542,-0.04117279717076738
-0.21297447199626723,-0.5238393664372901,-0.03361736789761388
-0.2280611649871736,-0.40944180201934244,0.11159277218681535
-0.2721076284724163,-0.24700410857631871,-0.012542478557413694
-0.25983199782527316,0.04882485737163375,0.055566368737758165
-0.243969691305496,-0.15098050370332752,-0.08218495489471367
-0.2802638166108946,0.15049350805053296,-0.09551996858996775
-0.22853488304018785,-0.2935677437258989,-0.07894954834228651
-0.19286725552436526,-0.005900327726270679,-0.26485665205716036
-0.28297013389745856,0.01974503697356786,-0.054072226072285956
-0.29796437289661326,0.20363673770078244,0.04505453709417623
-0.27987158179287974,0.3302460330949682,0.047115877828355635
-0.29796437289661326,0.20363673770078244,0.04505453709417623
-0.27987158179287974,0.3302460330949682,0.047115877828355635
-0.2655402359141213,-0.009360398204571546,-0.0044223802584416605
-0.28736898304968017,0.14288768634030868,0.013392968081747725
-0.28297013389745856,0.01974503697356786,-0.054072226072285956
-0.2795629115231134,-0.03390745006648442,-0.1137065708306021
-0.2261774746783113,-0.15743537031403074,-0.09603835477060069
-0.29047456775659974,0.2631067781388949,-0.1220697025849829
-0.29209153240878927,0.3374136305267616,-0.03875125406623725
-0.2735496552612318,-0.06203090414780196,-0.002853013444669872
-0.27929385943005924,-0.10382842388004629,0.1124627624491093
-0.2860520073990124,0.16503713071719128,0.19498268710680972
-0.2795629115231134,-0.03390745006648442,-0.1137065708306021
-0.2261774746783113,-0.15743537031403074,-0.09603835477060069
-0.20259060629685896,0.3263823126649506,-0.3930164858846356
-0.2869201872939786,0.20013759318156643,0.07144083541811747
-0.3048096004698732,0.2632756405322112,-0.05930153881346051
-0.3304413342379872,0.6561245453344171,-0.06336733183360066
-0.29196540837599894,0.4083911357130903,0.03251817698340631
-0.29196540837599894,0.4083911357130903,0.03251817698340631
-0.3335321280622318,0.4790169119592244,0.06770231375826274
-0.29815919776776967,0.20538938219116804,-0.003220722543529231
-0.29815919776776967,0.20538938219116804,-0.003220722543529231
-0.32581116710540253,0.4222790289542164,-0.021053075182709324
-0.2798486356256904,-0.1419509317103034,0.20335745045622128
-0.29196540837599894,0.4083911357130903,0.03251817698340631
-0.28298015160731366,0.14571379722115652,0.005621766418469842
-0.29815919776776967,0.20538938219116804,-0.003220722543529231
-0.3333822915319826,0.6584037077720111,-0.07450741771875652
-0.32581116710540253,0.4222790289542164,-0.021053075182709324
-0.2738145738127606,-0.26915738149163904,-0.05268577267182406
-0.3582781069833333,0.6376580355795991,0.042773031992955846
-0.34627123816950145,0.4530875942214981,0.005303698600559126
-0.3032747849776851,0.13255911273834503,0.07410249011561104
-0.219283559878325,-0.24604534028121056,-0.00585826247458876
-0.3335321280622318,0.4790169119592244,0.06770231375826274
-0.2605628147229424,-0.07470236425902854,0.028832971908282434
-0.2605628147229424,-0.07470236425902854,0.028832971908282434
-0.280439045883101,-0.05502564462920741,0.09096841770567865
-0.25097732485694557,-0.08434717967373304,0.024782546260433302
-0.3038158919544937,0.15095708653715872,-0.11420990428565114
-0.21067211576609968,-0.40168333184183447,-0.010952168291821773
-0.21067211576609968,-0.40168333184183447,-0.010952168291821773
-0.33714933868742986,0.3354593888976614,-0.029900537985675657
-0.3424256868689576,0.4833270371846476,-0.05971879248352818
-0.28439526693793316,0.24312399317906247,0.19073636045588221
-0.21967407147148765,-0.044730838091956035,-0.05034132222888921
-0.2519690309397697,0.10504940499837201,-0.03225703198465135
-0.19899566861538848,-0.3795188602261888,-0.032536034130011215
-0.23524987214880982,-0.009468732473868618,-0.1185921384784932
-0.22885735976079377,-0.2501833272634676,-0.09065674926608469
-0.30620521020366176,0.23855235328557328,0.18122326053255172
-0.2921289734704084,0.07575872100375589,-0.02621337094564502
-0.22294816293571115,-0.26559324871386614,-0.06600446210534955
-0.2985875908829673,-0.0025477000557455054,-0.22837327071540076
-0.2856462707954106,0.13989293177387657,0.021569372694206057
-0.27003914916092864,-0.06857090279527765,0.03986031359148956
-0.293434574525265,0.07674787402524255,-0.033813585502514454
-0.2921289734704084,0.07575872100375589,-0.02621337094564502
-0.3218559177742331,0.3613975440723198,-0.11344542586342043
-0.3379843040129639,0.4332774783502608,-0.015284446323289125
-0.24861286596451387,-0.17087477706234735,-0.16440080743688104
-0.22294816293571115,-0.26559324871386614,-0.06600446210534955
-0.2985875908829673,-0.0025477000557455054,-0.22837327071540076
-0.32123916272042913,0.17691826366549296,0.10183833908843193
-0.2874558152233426,0.14565920985333575,0.15879886872336574
-0.32123916272042913,0.17691826366549296,0.10183833908843193
-0.2948153237675715,-0.00449574669987042,-0.21204200769591278
-0.26800561612905793,0.1792034660770444,-0.03445068425259035
-0.2635080291786862,-0.08775342284935173,-0.09044918145144337
-0.2635080291786862,-0.08775342284935173,-0.09044918145144337
-0.23440341428844746,-0.16677900487515382,-0.0004821664323885755
-0.22138294071097042,-0.4002733433633736,0.09668112932906281
-0.2781983093791922,0.4091982282614222,0.04953094910877265
-0.29545730573604373,0.3120014996644334,-0.044857838790573645
-0.22413896424286026,-0.42539709045219803,0.08271587471435504
-0.23345366606051343,-0.013027475091270765,-0.16048099457983706
-0.26546866737468316,-0.0862339812242891,-0.09787590537488056
-0.2651185541164122,-0.3208932864778516,-0.13145231002724217
-0.27644723735444643,-0.19566621617084734,0.05665269539892043
-0.3157756145391729,0.06286044530373164,0.026859276134140575
-0.275622531563738,-0.09173311501831627,0.16266519054751655
-0.3157756145391729,0.06286044530373164,0.026859276134140575
-0.2542430879419168,0.010339150251775314,0.09990185625059211
-0.2651185541164122,-0.3208932864778516,-0.13145231002724217
-0.27644723735444643,-0.19566621617084734,0.05665269539892043
-0.3173031387121341,0.32444155543181,0.048593942284721414
-0.29789263278699146,0.36137854606476044,0.11148537963191946
-0.31493911865023994,0.338861360565434,0.018812030293616278
-0.31654885803256827,0.07447956458245986,0.08170751606891447
-0.30925677431103904,0.015753743604809883,-0.007416725062472818
-0.2656625982304968,-0.06358476090634783,-0.11575193316951043
-0.30593406841351434,0.0927442910625052,0.13016576791068096
-0.3173031387121341,0.32444155543181,0.048593942284721414
-0.26643365757138704,0.0008137599854160793,-0.047316790133966835
-0.29789263278699146,0.36137854606476044,0.11148537963191946
-0.2656074359289722,-0.06747140647554771,0.011467130224353583
-0.2656074359289722,-0.06747140647554771,0.011467130224353583
-0.24167796643021366,-0.33126766038396094,0.12716446577445956
-0.3085381687397089,0.20700908635606297,-0.11539403170395629
-0.2656074359289722,-0.06747140647554771,0.011467130224353583
-0.24167796643021366,-0.33126766038396094,0.12716446577445956
-0.27245388866532644,-0.17228935058038616,-0.00884557910123257
-0.2999449804624535,0.13265277087174876,0.18825061285696482
-0.2547961829971259,0.097046163812186,0.09262023587022694
-0.2547961829971259,0.097046163812186,0.09262023587022694
-0.27322761384771876,0.13598144147594193,0.054851206191430024
-0.2547961829971259,0.097046163812186,0.09262023587022694
-0.35367486903867545,0.4382983797937418,0.01167863746085579
-0.25555706104485604,-0.02552612338847357,0.13428828752327399
-0.25555706104485604,-0.02552612338847357,0.13428828752327399
-0.25555706104485604,-0.02552612338847357,0.13428828752327399
-0.2923390642205134,-0.12527525704411152,-0.011103556426605543
-0.2215970585997926,-0.25860989160078485,0.09954317659064366
-0.30489991135081534,0.1488004512731857,0.06061505941145645
-0.3100760761064401,0.34548076777685,0.08139016158023249
-0.30489991135081534,0.1488004512731857,0.06061505941145645
-0.3310282959608734,0.4206886508199314,-0.009749076756839059
-0.2923390642205134,-0.12527525704411152,-0.011103556426605543
-0.2215970585997926,-0.25860989160078485,0.09954317659064366
-0.2781124510373508,0.019801770701228155,0.017808772104432935
-0.3031644978074814,0.1470327199542441,0.07680186983202902
-0.35367486903867545,0.4382983797937418,0.01167863746085579
-0.25555706104485604,-0.02552612338847357,0.13428828752327399
-0.24318299775043198,-0.16702639894712704,0.009850210298032291
-0.22949349110820524,-0.16515305603964855,-0.15822689967539422
-0.2112632850735483,-0.28066072376769347,-0.09458909159873818
-0.30847524348855765,0.21478262506433793,-0.07778233710443472
-0.22949349110820524,-0.16515305603964855,-0.15822689967539422
-0.20254459418537857,-0.3576952816367309,-0.21099536214299064
-0.2624388137477112,-0.16724325387940456,-0.02565064062163719
-0.2112632850735483,-0.28066072376769347,-0.09458909159873818
-0.22642989707735228,-0.14553411010949938,0.12746477498012793
-0.30505772295176103,0.20367797112934705,-0.08519540611903459
-0.29836046074144573,0.3468599074029373,-0.04277182958590031
-0.22642989707735228,-0.14553411010949938,0.12746477498012793
-0.28856323992212013,-0.17655642171592037,-0.09977002601332152
-0.3171797599386192,0.3638632845750866,-0.0853234249236226
-0.2893720347067843,0.08472266743476917,-0.04652302950135628
-0.31099257761033744,0.15269851067546047,-0.06943750877350235
-0.2825773809450502,-0.1192754881565431,-0.03919637929415409
-0.2682586053917461,0.067322664734802,0.076547352999837
-0.2886425055042817,0.032767071558787525,-0.02477862130526759
-0.27771109374502967,-0.11235847481800453,-0.10361258447281296
-0.27698034199806915,-0.11184615300165772,-0.10648821558847293
-0.2825773809450502,-0.1192754881565431,-0.03919637929415409
-0.19233424154561735,0.22078270547200113,-0.4563760314130564
-0.2867203622554351,-0.17300264846320723,-0.13433661784109396
-0.2444436687825857,-0.23028092820105725,-0.1312724400166126
-0.2448161937905149,-0.3107667267149762,0.27079054283641096
-0.2448161937905149,-0.3107667267149762,0.27079054283641096
-0.2448161937905149,-0.3107667267149762,0.27079054283641096
-0.2448161937905149,-0.3107667267149762,0.27079054283641096
-0.2592791165275422,-0.048204985964893685,0.13328453868296491
-0.2592791165275422,-0.048204985964893685,0.13328453868296491
-0.3132592340658434,0.19250627222127276,0.0645317521214025
-0.2448161937905149,-0.3107667267149762,0.27079054283641096
-0.2846624006317417,0.14095587473210852,0.07392983967873912
-0.2444436687825857,-0.23028092820105725,-0.1312724400166126
-0.2448161937905149,-0.3107667267149762,0.27079054283641096
-0.2846624006317417,0.14095587473210852,0.07392983967873912
-0.22022724624899914,-0.08939788494119831,-0.1396118955697432
-0.3200252864468786,0.20079658554445684,0.04289594391022811
-0.2592791165275422,-0.048204985964893685,0.13328453868296491
-0.3132592340658434,0.19250627222127276,0.0645317521214025
-0.21663033385019667,-0.0559280786092088,-0.20508029808687384
-0.21663033385019667,-0.0559280786092088,-0.20508029808687384
-0.2743230306415923,0.13188023592900144,0.00960870135359615
-0.290574928413467,-0.09800196894023884,-0.10730028904729971
-0.2862976836518782,0.3219970321199446,-0.27406929163051164
-0.2541299098727694,0.4018879436974007,0.13611252772497645
-0.28599715587478164,0.1509897472915629,-0.020009625975569323
-0.23629071902670082,-0.11164591445913556,-0.06496965307099956
-0.28599715587478164,0.1509897472915629,-0.020009625975569323
-0.26784895218547755,-0.023855856734519773,-0.006154635736530467
-0.2587756252507359,-0.16393330094947664,-0.12272154056878809
-0.2993475706883655,0.2704034646896623,0.09028086231306942
-0.24638412337838145,-0.09081524814208541,0.23210814701432952
-0.22982988978085314,-0.24137287227271137,-0.17727760138949958
-0.20101669776265063,-0.22094576691955675,-0.18803185478067325
-0.24328198103041931,-0.2098457220363851,0.022156900147916547
-0.22187496696990866,-0.1555830897365814,-0.04185191012753414
-0.2842104827632048,0.16646998192427892,-0.11939908981977976
-0.287710698080071,0.1660393650309241,-0.11419336421718368
-0.2614888928097654,0.004539047403800983,-0.05550170436194374
-0.2507010962919409,-0.1325515182445766,0.01119439344911044
-0.23699879755604736,-0.20258650726717248,0.022284020843797048
-0.27462169446495943,-0.0012553176095586593,-0.035037676431701636
-0.29198228103406954,-0.07245716264083868,-0.17221321922870558
-0.2786947885273276,0.19721709762070405,0.20929911997002065
-0.27664950143393957,0.18298533056009153,0.047555395278629675
-0.27232120216677513,-0.10781577603123685,0.06878787189852537
-0.28224783054403246,-0.03335781851864665,0.018670574693675945
-0.27683480189466503,0.16451389020031332,0.039841447713942546
-0.25265371383164453,-0.10303733189089187,-0.003873152911815003
-0.2742028562130431,-0.3120547832195173,0.14216354239385537
-0.2553453381310614,-0.029209662501709574,-0.03122765801998595
-0.2400424407070312,-0.09095554371684247,-0.1025233050973624
-0.20521410915689203,-0.24705256819246849,0.023281482670320264
-0.3216564961992846,0.4213769578292145,0.0973346119429514
-0.20521410915689203,-0.24705256819246849,0.023281482670320264
-0.2520427372779305,-0.1735381461382417,-0.0027003580556001494
-0.2553453381310614,-0.029209662501709574,-0.03122765801998595
-0.2867090591792017,0.0195615926244376,-0.10243342570750014
-0.2400424407070312,-0.09095554371684247,-0.1025233050973624
-0.2521631332137918,-0.02716054698443425,0.01966739869181683
-0.23725219591843322,-0.18459354263181837,-0.11779063692877478
-0.23725219591843322,-0.18459354263181837,-0.11779063692877478
-0.3018941133169644,0.33091911910630556,-0.041776568001541114
-0.29031422721587347,0.3871639887299256,0.05758476707690252
-0.3189933759459205,0.21708985720855156,0.127956226752241
-0.3080654162370722,-0.0483015955337702,-0.11246217100987138
-0.31365654706156926,0.30308768611647713,-0.010651343894945209
-0.26273088835335145,0.18655339948008015,-0.28412076607762415
-0.2961858330957949,0.091423270614501,-0.12332014830634819
-0.2943106502013073,0.26170198077333545,-0.13229337403795782
-0.2930872164430547,0.199185492962429,-0.0897168775782114
-0.3001353092526898,0.2222750967691452,-0.07262831805947412
-0.29279968018692987,0.17264273390180856,0.020369546909387803
-0.3098798089175538,0.2920573172439874,0.029706430156585084
-0.3331461693258847,0.3782959073237891,0.12120409758493572
-0.33088264937056555,0.3183982530892011,0.033708939591530984
-0.21972433483831563,-0.34782516235916383,0.06765694752663393
-0.22335606077389336,-0.2913669991087281,0.0548270925198347
-0.2284596692712198,-0.33098653694146374,0.009650774460161438
-0.27867881264774796,0.3923601359005196,-0.016795264674664134
-0.32805756212154075,0.3234719783910174,0.08755009524982088
-0.2816525171178557,-0.11814693030855193,-0.07083877968303476
-0.2796936758993863,-0.11718953755467863,-0.07828855026621917
-0.26068084528370794,-0.1624171268278621,-0.12074313850486024
-0.2494029898623944,-0.23207837481100127,-0.0732207821682544
-0.3149314612387281,0.5226237086182479,0.02132822457493061
-0.30446876468146233,0.15730850877456343,0.02923102057013266
-0.24669493337294823,-0.3201256253811262,-0.10007388018552926
-0.24669493337294823,-0.3201256253811262,-0.10007388018552926
-0.2726569806857132,0.04803686304697466,-0.09877385694444013
-0.2885222272730274,0.3051399280733869,-0.037952601449336654
-0.24563288378702952,0.1228342443120698,-0.2953890908023319
-0.26786711368092275,0.38933629690943644,-0.2338968195238747
-0.24669493337294823,-0.3201256253811262,-0.10007388018552926
-0.30968974690276807,0.40150734851108577,-0.04539077944674158
-0.3071620948810018,0.123279530271525,0.14673437413956641
-0.26156722901388324,-0.09029544850337526,0.08708317757586054
-0.26156722901388324,-0.09029544850337526,0.08708317757586054
-0.26847653495460866,0.020929451641200747,-0.052821786226983414
-0.27943704360460014,0.04125774793068851,-0.038137444841090995
-0.26156722901388324,-0.09029544850337526,0.08708317757586054
-0.267733704416169,-0.0957278716105939,0.08683093464120811
-0.2408855737760936,-0.1421649714733164,0.1702728890496033
-0.3071620948810018,0.123279530271525,0.14673437413956641
-0.2239430418400323,-0.20996337271786583,0.024362745189129342
-0.37203192837271937,0.6533054902389546,0.02600987815376643
-0.21625142152593624,-0.32992808109420857,-0.009147385102254768
-0.3265754328441073,0.23956137318466458,0.06331149645688111
-0.2239430418400323,-0.20996337271786583,0.024362745189129342
-0.29943763201129037,-0.14591858340807923,-0.11659267810779111
-0.27396676245589063,-0.2097511876371977,-0.07824598605348304
-0.29943763201129037,-0.14591858340807923,-0.11659267810779111
-0.2724629629942745,-0.21237934779746415,-0.07021278272751891
-0.2607410815064394,-0.3241476262204019,0.2757247011931175
-0.2607410815064394,-0.3241476262204019,0.2757247011931175
-0.2607410815064394,-0.3241476262204019,0.2757247011931175
-0.2607410815064394,-0.3241476262204019,0.2757247011931175
-0.2607410815064394,-0.3241476262204019,0.2757247011931175
-0.2607410815064394,-0.3241476262204019,0.2757247011931175
-0.2730765546549459,-0.0029680466829241636,-0.082557179245132
-0.26609399424831665,0.03585303395069045,-0.1142900801504475
-0.31138762300060313,0.35364312688859534,0.07855458200213411
-0.35866740872093755,0.34124428652042116,0.021822449393101573
-0.359267873309476,0.5638820585385438,0.09805385167437614
-0.3183573745884854,0.35437104775649514,-0.10766335236574526
-0.34299979146203785,0.4232758373887375,0.04557610985107763
-0.2607410815064394,-0.3241476262204019,0.2757247011931175
-0.2972930651925344,0.23251240812841167,-0.0824637775442087
-0.28472210731599096,0.14128232516942651,-0.046427892811004845
-0.25304943005818936,-0.18217355365574908,0.10802553738590864
-0.2618125635414542,-0.2440891744711917,0.04618713208321218
-0.30653146031210127,0.18648957439901714,0.07297868971263832
-0.2846244718995018,-0.033419163795103124,0.044856348456771944
-0.2796449286923646,0.10218339153710487,-0.03937881269451565
-0.3361474767194466,0.23507337088119307,0.051809704726068107
-0.22271478749741083,-0.36778545336417545,0.0014431114177604343
-0.2317184620882664,-0.24353818213256942,0.11907168867489565
-0.2852537549867681,0.14849080276647825,0.0650803574006747
-0.23845374150920165,-0.17542686646450875,0.12087003486016862
-0.28404978274087217,0.33707022221687605,-0.0011374554167818407
-0.2880486798081807,0.4231544694411384,0.023141516875526846
-0.22271478749741083,-0.36778545336417545,0.0014431114177604343
-0.24005010296195706,0.006605921041156787,-0.017082623412492615
-0.32704312017090825,0.3463498294969439,-0.05684022469030425
-0.2953709426352157,0.22548822594465318,-0.14315222169757896
-0.25343087411709925,-0.14440119005625374,-0.08128222936470042
-0.2992682434236469,0.32041603943117086,-0.03364878630655471
-0.2924598137392776,0.07322011954780466,-0.03309537447956551
-0.2752945653481261,-0.005172631597927857,0.0027013221508903618
-0.30244435952629467,0.2828755051867173,0.11093973709758437
-0.2752945653481261,-0.005172631597927857,0.0027013221508903618
-0.3364374222777929,0.5795237808231966,0.20176231379329984
-0.32612959593224583,0.43196572060655497,-0.10337962678442852
-0.256105323278377,-0.1693298088502658,-0.06501941827482022
-0.21250503850744365,-0.3795228638168474,0.11637958480218985
-0.30244435952629467,0.2828755051867173,0.11093973709758437
-0.3082154909916704,0.30841489450239506,0.08979249645853604
-0.28899947147899746,0.23421102148055345,-0.016129602344446436
-0.3111670668623292,0.3837529143886757,-0.05579489257574438
-0.2900007581521302,-0.0697894039003123,-0.1801776543635847
-0.264783657492634,-0.08497637161415686,0.08865576058044805
-0.28899947147899746,0.23421102148055345,-0.016129602344446436
-0.24177892653985927,-0.11020341840220213,-0.0487264109067978
-0.2935568501028706,0.21737985284892597,-0.019665278979954903
-0.29947462448109197,0.21699596752618394,-0.09697904556631515
-0.29010877578361804,0.25918893927730097,-0.052489720637463155
-0.2847434515864927,-0.07405667455323242,0.0031580584852777815
-0.2639419827921705,-0.18413171324094452,0.10263501680858306
-0.23149741007330385,-0.37136685227263566,-0.19626893683140897
-0.2204798366754286,-0.09720214695787241,-0.15877527035821432
-0.23798077865235379,-0.3259972470821785,-0.03721679629729785
-0.23798077865235379,-0.3259972470821785,-0.03721679629729785
-0.23798077865235379,-0.3259972470821785,-0.03721679629729785
-0.2449781740538277,-0.22205414411611502,-0.2471201731791621
-0.30807311321266945,0.1775538514500174,0.14891961344443755
-0.23798077865235379,-0.3259972470821785,-0.03721679629729785
-0.3040235734648676,0.22963267519829383,-0.06604240527290639
-0.2998385694272529,0.21471444936548484,-0.04722114021702534
-0.2449781740538277,-0.22205414411611502,-0.2471201731791621
-0.22534872493386082,0.15050136548882065,-0.4590857118044266
-0.31565423626573597,0.3975983947157606,0.0032606183250091236
-0.25680366805208465,-0.09602040734812482,-0.15618409698937244
-0.2914903890109641,0.004397392293180813,0.10338230731043713
-0.2757249429441428,0.12498603269645808,-0.08007954241673187
-0.2736654836275857,-0.17503866666642073,0.01768509246745148
-0.3004709627585412,0.09663516980621903,0.046782997277710237
-0.29529584449372015,-0.016450185013315063,0.04106441876178063
-0.29625944572588403,0.36930479542691247,0.013736986714393051
-0.28209794898900253,0.23063172016161132,0.0013692859238066402
-0.2685432372153008,0.004098135778996731,-0.023156185745922986
-0.28833125953204813,0.0659637940656066,-0.05646412508991594
-0.2085033744474973,-0.2965626794233791,-0.08267554844011116
-0.2085033744474973,-0.2965626794233791,-0.08267554844011116
-0.25545177036786454,0.019391858656590488,-0.021699739049955757
-0.2085033744474973,-0.2965626794233791,-0.08267554844011116
-0.2874830975807358,0.3638983064983394,0.026158325127328463
-0.25541800195855147,-0.11956688426541684,0.03888924666642174
-0.2960673565219141,0.10155011293350999,0.009612625832157995
-0.307680353516803,0.14178251889659893,0.08073625146250535
-0.2909519965558334,0.278000917115985,-0.02857386755453989
-0.1943860963858505,-0.35327969222702993,0.06401762185121357
-0.19412406551352382,-0.35348991186617607,0.06492829150145635
-0.33760348166926574,0.3537867076717019,-0.0277463854094126
-0.2616697714291112,-0.019953652360186758,0.039481763549699234
-0.3135427616604281,0.20995061787392127,-0.08599465566089953
-0.31673692724641234,0.048288446004202595,-0.09553410775939886
-0.23732795445031593,-0.14917924077997233,0.03517231998808884
-0.25552840661278026,0.017668223681463063,-0.07149252757994651
-0.23732795445031593,-0.14917924077997233,0.03517231998808884
-0.22877451152672923,0.1335021530762372,-0.45215981560956964
-0.22534246568302302,-0.08113690052178947,-0.035502221688551217
-0.24913057323710613,-0.18742163386995161,-0.14115429933180243
-0.24913057323710613,-0.18742163386995161,-0.14115429933180243
-0.345216213529693,0.2626549887853622,-0.12743486750548383
-0.35670155138619775,0.3291965871743869,-0.03235784727542407
-0.2684374937481748,0.32670168254355575,-0.38442788014614276
-0.29650902682693914,0.1407827722197923,-0.09021378555452503
-0.3278008598614152,0.44781619879121554,-0.03691440655401673
-0.2800964994514652,0.18667943646927193,-0.006157363031665697
-0.26362878456109107,0.2029949361000542,-0.11486052711083533
-0.33117710602737405,0.3629030455571555,-0.12233116043631659
-0.29650902682693914,0.1407827722197923,-0.09021378555452503
-0.3278008598614152,0.44781619879121554,-0.03691440655401673
-0.3292679597192161,0.4490009235639499,-0.03008939790872467
-0.3485617443733916,0.28991016095002226,-0.06853327795061248
-0.21152442655199197,-0.35218577986840327,-0.0479378066957874
-0.2875676406509363,-0.11089520765206012,0.05895842523502215
-0.21873159879146284,-0.369997837521705,-0.038292276606254616
-0.21110533686648666,-0.2992809006911612,-0.01997481558665304
-0.21110533686648666,-0.2992809006911612,-0.01997481558665304
-0.21110533686648666,-0.2992809006911612,-0.01997481558665304
-0.21110533686648666,-0.2992809006911612,-0.01997481558665304
-0.3249332907677285,0.5335924348643883,-0.1748561732778313
-0.27893825355485785,-0.1503731040892515,-0.004709444855955147
-0.2701622117336171,-0.022109550105417236,-0.21256050014051325
-0.2437036267599753,-0.09573915626427762,-0.0011557031826247566
-0.21110533686648666,-0.2992809006911612,-0.01997481558665304
-0.28395193554568054,0.10807162038962453,-0.023401396238863115
-0.28395193554568054,0.10807162038962453,-0.023401396238863115
-0.28395193554568054,0.10807162038962453,-0.023401396238863115
-0.28395193554568054,0.10807162038962453,-0.023401396238863115
-0.25859015573000854,-0.07847905131125542,-0.07364227566129034
-0.28850190876688175,0.06198736263573054,0.11846846509066095
-0.25338056299925693,-0.17305793540682102,0.1286820848048345
-0.20239401732182305,-0.3769582613739013,0.0031055651516637695
-0.278173491783033,0.10297268970959692,0.024696016675527732
-0.20239401732182305,-0.3769582613739013,0.0031055651516637695
-0.247940836200718,-0.06348972321789956,-0.010895240756447433
-0.20239401732182305,-0.3769582613739013,0.0031055651516637695
-0.278173491783033,0.10297268970959692,0.024696016675527732
-0.26778934072602717,0.05462059410361528,0.06002345927734293
-0.2668944515224436,0.26348400768943153,-0.18736382980792884
-0.25724292267728194,-0.17254332643989595,0.012662686359553865
-0.24743186522483,-0.23156043777629087,-0.0761191633489865
-0.21789548699007114,-0.2974182307129367,0.0026980678557945725
-0.26664730910602397,-0.18451172686279305,0.09101576073753431
-0.3208005363208517,0.3281374487574002,-0.021053752616217725
-0.2711737314111272,0.13351035406061046,-0.11936220769484568
-0.24226239987555426,0.008902668002730346,-0.09681169922941418
-0.2718335948914328,0.004947988325185199,-0.028146627934093338
-0.2851049751548191,0.20687193194353165,-0.006874534363139562
-0.2792250933796226,0.27453267801482856,-0.09300555571317876
-0.2651197133913136,0.29624141523283815,-0.07795279558217999
-0.27207301402105366,-0.08181487724036518,-0.029098989821563614
-0.31067851200281876,0.2302910934791902,-0.09665718790425348
-0.3208005363208517,0.3281374487574002,-0.021053752616217725
-0.2717386829938968,0.23969279716336078,-0.08163814067189168
-0.2935519935153077,0.2870391544421301,0.011380945048818092
-0.31492200265106646,0.427140171200088,0.05309156427267525
-0.16745343096441803,-0.2591509074880889,-0.10272158504712536
-0.3447022381863637,0.3627979004063306,0.09461945652969034
-0.2935519935153077,0.2870391544421301,0.011380945048818092
-0.31492200265106646,0.427140171200088,0.05309156427267525
-0.27041734671553697,-0.23851254681445244,-0.07397348571126355
-0.293160081687314,-0.032012396393714046,0.03354604063311578
-0.29871484498945594,0.10823120400515768,0.17903167319189234
-0.3190368712207482,0.15996741570784956,0.13023558489902248
-0.30193413168982086,0.2528977954696854,-0.1467109022722724
-0.26835405574721816,-0.23830305755521003,-0.07389202453026561
-0.22754079431509386,-0.30242897522735535,-0.028581467023989393
-0.26835405574721816,-0.23830305755521003,-0.07389202453026561
-0.24255327986865682,-0.023922244473181614,-0.1531420129119302
-0.26873591811385106,-0.24834083274696578,-0.07390013814786156
-0.26835405574721816,-0.23830305755521003,-0.07389202453026561
-0.22754079431509386,-0.30242897522735535,-0.028581467023989393
-0.261781892614088,-0.23908302508084753,0.33359930047827085
-0.261781892614088,-0.23908302508084753,0.33359930047827085
-0.261781892614088,-0.23908302508084753,0.33359930047827085
-0.261781892614088,-0.23908302508084753,0.33359930047827085
-0.261781892614088,-0.23908302508084753,0.33359930047827085
-0.261781892614088,-0.23908302508084753,0.33359930047827085
-0.261781892614088,-0.23908302508084753,0.33359930047827085
-0.27710460642291734,0.17953592807745644,0.15633954750810214
-0.261781892614088,-0.23908302508084753,0.33359930047827085
-0.22467801465067336,-0.21549384937364444,0.18642311078249835
-0.28859054302824566,0.19870608695212372,-0.14067876987379613
-0.27240787989737963,0.08131642605050862,-0.1243114732212085
-0.27260222977294,-0.1267719658826633,0.13789358261498758
-0.2895980156633698,0.1269089522786076,0.0477947836037394
-0.27260222977294,-0.1267719658826633,0.13789358261498758
-0.3259527180606208,0.20222833722025718,0.14553442674343903
-0.22501219352125862,-0.33624780859909187,0.19483300691440347
-0.23129892655625378,-0.3462273649671752,0.0367154507338483
-0.31204797879520957,0.4104184967499869,0.10164464204699425
-0.33250530052291677,0.371594042945725,-0.07641116152575106
-0.2852761883063554,0.017723212717473874,-0.08656432171695072
-0.3272981447962332,0.14584154170517283,0.04391350065266203
-0.288688479611943,0.0712224018130179,-0.06053540630356519
-0.33250530052291677,0.371594042945725,-0.07641116152575106
-0.2855264495323699,-0.043412805740262364,-0.1493408624956233
-0.32922406191748915,0.18407604963040253,-0.09240196738659423
-0.2671123997336331,-0.21475037196517777,-0.10975170510498122
-0.27533240283589766,-0.13661809181305276,-0.01200941456776855
-0.2852761883063554,0.017723212717473874,-0.08656432171695072
-0.3081003734151903,0.2938559092272304,-0.027715321088735256
-0.3418534358105734,0.3769563654835078,-0.034535191588904834
-0.22372391053059035,-0.2606937399652164,-0.05698117192259927
-0.29059037412255534,0.053456951056372354,0.026819308240327133
-0.2708201073282819,-0.2866126406771975,0.03605143244475956
-0.3243081124975798,0.37561848017284877,-0.10362976678318431
-0.22372391053059035,-0.2606937399652164,-0.05698117192259927
-0.2787887287882185,0.022333968398057652,0.05717992746363881
-0.29059037412255534,0.053456951056372354,0.026819308240327133
-0.2621906113460936,-0.14740373615184643,-0.06915192687591093
-0.2338361235198088,-0.15336270781992142,-0.08998440615212394
-0.3039142233597207,0.16103038985926516,0.02696933992020284
-0.3273162910646154,0.3765997925555898,-0.05211261228710329
-0.2722900896785676,-0.15198410768355008,-0.14900367345302284
-0.3091837137925455,0.08080216933293202,-0.05641380034346222
-0.261922981930667,-0.17013753417009014,-0.09827211545293091
-0.2765955938157274,0.2019331474225084,-0.008904017819973353
-0.24742882854213144,-0.2774708575617564,-0.04362890723586821
-0.261922981930667,-0.17013753417009014,-0.09827211545293091
-0.2777738334178017,0.08673928735159209,-0.09293338280094415
-0.3015764932485403,0.22688772834389764,-0.040460753808621186
-0.2846707733629811,0.14491173106748217,-0.025023175289648647
-0.2765955938157274,0.2019331474225084,-0.008904017819973353
-0.25867088818718587,-0.22773155160137937,-0.12987606250550243
-0.25867088818718587,-0.22773155160137937,-0.12987606250550243
-0.30326274552818366,0.09307143906840695,-0.07301082783482571
-0.28215300941887533,0.17138077480255404,0.04416330029393184
-0.24686001522314538,-0.16270792972247475,0.03470920986440601
-0.26855116079969077,-0.06513746955944692,-0.18014448773784203
-0.23319667528421525,-0.3545227378874377,-0.016169147107064297
-0.21123321241190895,-0.3807179182697615,0.004600620631763586
-0.23319667528421525,-0.3545227378874377,-0.016169147107064297
-0.24856695471158408,-0.11291662772446606,0.013940521414549878
-0.27162278562648273,-0.014648338186117743,-0.025521500379614037
-0.22677399717515137,-0.27853183739075194,-0.0389125236899277
-0.23085674203458603,-0.26789894126654357,-0.0048315776104762564
-0.23085674203458603,-0.26789894126654357,-0.0048315776104762564
-0.23085674203458603,-0.26789894126654357,-0.0048315776104762564
-0.22677399717515137,-0.27853183739075194,-0.0389125236899277
-0.23085674203458603,-0.26789894126654357,-0.0048315776104762564
-0.24262802223519558,0.11178729881814614,0.11537808318304771
-0.3134862466205861,0.2456535322335171,-0.04649604341668517
-0.3072607379876675,-0.14903019241088664,-0.12395861793899776
-0.27692709778112273,-0.23134542793696772,-0.17007480382440768
-0.27692709778112273,-0.23134542793696772,-0.17007480382440768
-0.35044896538337067,0.4316319322970609,0.03546196502032806
-0.3174326540547538,0.1767427837574192,0.057995686842966354
-0.27888773597711963,-0.22982598631190504,-0.1775015277478449
-0.35044896538337067,0.4316319322970609,0.03546196502032806
-0.29810282900522694,-0.16813593990741846,-0.06997666832403188
-0.316656923079411,0.4916604832300479,0.03229467949237719
-0.2837751648502872,0.16664566927814634,0.1601177887893232
-0.316656923079411,0.4916604832300479,0.03229467949237719
-0.2837751648502872,0.16664566927814634,0.1601177887893232
-0.21147311923424966,-0.35774851840641275,-0.045987071151899095
-0.29818940198540234,-0.16649307490852372,-0.06975256648527633
-0.29942853066856295,0.0826956787504246,-0.049242077464800305
-0.20900714688840857,-0.3478730482526916,0.07717893921642444
-0.20900714688840857,-0.3478730482526916,0.07717893921642444
-0.20900714688840857,-0.3478730482526916,0.07717893921642444
-0.20900714688840857,-0.3478730482526916,0.07717893921642444
-0.29942853066856295,0.0826956787504246,-0.049242077464800305
-0.29942853066856295,0.0826956787504246,-0.049242077464800305
-0.20900714688840857,-0.3478730482526916,0.07717893921642444
-0.27043932854985175,-0.06330794958474954,0.01178872222981131
-0.27084194750301693,-0.06640754349852644,0.022012825689853854
-0.26291028439019615,-0.23520981630843554,-0.0669539047153554
-0.3037649626324406,0.24037267907147314,-0.053099869797786914
-0.3040657100020263,0.0958328091264731,-0.07997083881488376
-0.19855247572626333,-0.4507414395306244,0.13405334526110874
-0.2923863463160359,0.4620863997877575,-0.06698986536349055
-0.3121677383603969,0.35254468105553843,-0.017830487599894307
-0.21318233308720747,-0.3032786521524534,-0.12455476121762321
-0.2963986918996421,0.12286598347002953,-0.03050864154006261
-0.2848517781623613,0.08596728390207009,-0.023644486028449097
-0.25675743148444624,0.23016495350396365,-0.0706116679102955
-0.28493835114253685,0.08761014890096777,-0.023420384189693222
-0.2939979148466014,0.02317975606046857,-0.17630966645133436
-0.22520931696346969,-0.14684955179529122,-0.10468980302222491
-0.20731911608194176,-0.37052655182200167,-0.006303242630091799
-0.32930978309474573,0.35966991940961385,-0.05523831227190107
-0.20731911608194176,-0.37052655182200167,-0.006303242630091799
-0.22520931696346969,-0.14684955179529122,-0.10468980302222491
-0.2803613077318493,0.17047783530953675,-0.18038973404722147
-0.2803613077318493,0.17047783530953675,-0.18038973404722147
-0.3230132267827932,0.515112905000473,-0.3275065076986416
-0.3226423215628951,0.36269606857934483,-0.018637591970512013
-0.24810037500843002,-0.05630536187869552,-0.09137915957225295
-0.26169025836926646,-0.03281890215820969,-0.028083381079752334
-0.24771962794602292,-0.08179525668901169,0.07427608053603846
-0.2597448966617436,-0.2186231850220816,-0.14487305499918815
-0.2708308922888935,-0.11005816306253843,-0.18829938515230607
-0.3226423215628951,0.36269606857934483,-0.018637591970512013
-0.24474579951416053,-0.290668178219052,0.11680354961662304
-0.3246366927116986,0.4609516000288271,0.014682958926966916
-0.25405984215734895,-0.09874662828401924,-0.17639110650100967
-0.24474579951416053,-0.290668178219052,0.11680354961662304
-0.26675281951937135,0.023851817308483875,-0.015635090778147342
-0.29575781744888785,0.4457278652557746,-0.07152914337945604
-0.3272105296827894,0.3516937617499701,-0.02547700690718946
-0.22242893186469256,-0.34251066725304635,0.03556680219772973
-0.22242893186469256,-0.34251066725304635,0.03556680219772973
-0.26288365678692893,0.031241517202696745,-0.19987755441377497
-0.2750649998654284,-0.08397703545115562,-0.11998210728836406
-0.2959518710528114,0.2285380047904953,-0.07730610688794431
-0.29857003883024713,0.14563357316677822,0.017802915127695385
-0.28108264941575434,0.27437840598981683,-0.3039152156227707
-0.2976511634221501,0.3427380323702219,-0.11373519066716958
-0.25279409018007615,0.09892791703838444,-0.09745890653250389
-0.22016509053220604,-0.1480997489882838,-0.08311164627760648
-0.2533681675468949,-0.08967579578571766,-0.03910096928558854
-0.32397277492094306,0.36484639702584026,-0.08356738825626758
-0.34539993288243154,0.4075733070142316,-0.013354365329143192
-0.2611724264808284,-0.2170748367654189,-0.09670430582935352
-0.2611724264808284,-0.2170748367654189,-0.09670430582935352
-0.21732319453532364,-0.19796236558783634,-0.20798964603754141
-0.2611724264808284,-0.2170748367654189,-0.09670430582935352
-0.34204008175560885,0.31497450231237084,-0.05535729302592923
-0.24237846430240892,-0.14876450358717094,-0.28155761767685583
-0.21928383273132057,-0.1964429239627737,-0.21541636996097863
-0.2705593519636746,0.34770449773789786,-0.049600670217335
-0.25585409960650424,-0.028637926825391943,-0.005669961010477398
-0.27140783993238793,0.19378346667566754,-0.11828216444124967
-0.3190311363949736,0.39927101290004835,-0.01153787316162097
-0.3190311363949736,0.39927101290004835,-0.01153787316162097
-0.3126487373277335,0.24745489084120148,-0.07263357063328696
-0.3271579237733891,0.4312725880611418,0.01771161447506725
-0.2633898194031834,0.2075051628672568,0.06179963640148456
-0.22536969457935288,-0.11139140344308937,-0.028351833845058683
-0.3019570248970016,0.2245806248061007,0.04030006746124887
-0.23702991930086523,-0.23764094833060964,0.10618367818856683
-0.3019570248970016,0.2245806248061007,0.04030006746124887
-0.233610719726673,-0.27306568411676757,-0.06642622221741484
-0.26213019631214707,-0.010900563819698422,-0.04985844007004836
-0.27647826589283114,0.24801652276745217,-0.11369893144764975
-0.2955302896038325,0.08180935382462182,0.024405777353483482
-0.19320957798466218,-0.18312249362509583,-0.0609303247180632
-0.3107224769911494,0.15243810048784,0.014130355234625191
-0.2654656281348036,0.5459536139535122,-0.07151327303025579
-0.26712478223315006,-0.0681188278667648,-0.060198761986719695
-0.2706208374913035,-0.10730208863820684,-0.10725501175195545
-0.29238403743807906,0.20960369336162216,-0.036800977466457496
-0.2789756334781415,0.32465135571989706,-0.30351667026682505
-0.3109740893595728,0.12032180596383898,-0.2660390052496138
-0.25967170348887314,-0.1008228533575059,-0.09936346847838756
-0.33315236168622425,0.46305174003267263,-0.05977525697356462
-0.313638738004337,0.36865336062606463,-0.12093738565056295
-0.313638738004337,0.36865336062606463,-0.12093738565056295
-0.287332762179005,0.19890881096482732,-0.040679371649319285
-0.26776688843774005,-0.37131424611087893,-0.15054181448749931
-0.2976493633368358,0.1685208772126045,0.021565705518326428
-0.29870547818578175,0.38641864825083266,-0.041557056034992546
-0.2762921076529758,-0.028562486252886293,0.03184484542664984
-0.21205161334928654,-0.06408558260648892,0.11066006019754399
-0.29305909814418496,0.05139916732966951,-0.04244585911041493
-0.29368261484684793,-0.20766446785765205,-0.12856464410350538
-0.2839462032831797,-0.13985719638070615,-0.16290671305608506
-0.21205161334928654,-0.06408558260648892,0.11066006019754399
-0.24166148712237956,-0.2764021752346074,-0.029807662802746715
-0.2737371904229162,-0.09269213445268615,0.014753340573611162
-0.29305909814418496,0.05139916732966951,-0.04244585911041493
-0.30461818667015034,0.13276590629654983,-0.0743104843437018
-0.2762921076529758,-0.028562486252886293,0.03184484542664984
-0.2550972733908462,-0.12806169188697122,-0.027215131572419893
-0.2357814094678669,-0.3362237479267811,0.16325991693448266
-0.23273866740752566,-0.3357220404063862,0.1622499022066955
-0.23273866740752566,-0.3357220404063862,0.1622499022066955
-0.3222566188241153,0.22009181962627428,-0.12061122458315676
-0.24431083846265933,-0.13482948671214054,-0.09371062572194905
-0.3374378528583282,0.36151950616743583,-0.046666254154043185
-0.23196661950128392,-0.3318163675311877,0.1633370973569816
-0.22802627980174667,-0.3302776293294768,0.1623452427286058
-0.23605804235032266,-0.08717777660150144,-0.00589850757586885
-0.31574741045603394,0.04739863578555828,0.10262171594275743
-0.2233727373977996,-0.04415892607860414,0.046321239308830864
-0.3146633341040583,0.39668196605929157,-0.08930850241229316
-0.3254065791472165,0.3953686223541774,-0.11586400566252164
-0.2332989804278119,-0.017673340909119456,0.0042343413877767855
-0.2332989804278119,-0.017673340909119456,0.0042343413877767855
-0.3146633341040583,0.39668196605929157,-0.08930850241229316
-0.33973908223505717,0.41661615518595746,-0.006952464937835967
-0.3284987566698215,0.30103248974921765,0.0530637415134691
-0.283435480889619,0.3008003721569272,-0.1428065583339187
-0.1950523535720627,-0.21370302909774194,-0.1587752302564917
-0.2332989804278119,-0.017673340909119456,0.0042343413877767855
-0.29556203389389957,0.14952870289233955,0.01890398167759294
-0.29637442925964913,0.13950162467578936,0.02237617728939162
-0.24500202268811594,0.3287702026463684,-0.0518488531690256
-0.3156436532020568,0.39744168687182296,-0.09302186437401178
-0.3254065791472165,0.3953686223541774,-0.11586400566252164
-0.1879911250915063,-0.2516525673592986,-0.050530426570093434
-0.296354798507161,0.1527920345517228,-0.11460535966596647
-0.25931131986884637,-0.2302394221730004,0.040204666233034037
-0.2591741182490271,0.04854481092980248,-0.09013622183644626
-0.2377607936918067,0.03304605163003038,0.08557278824008485
-0.33016626294999063,0.5369636447247081,-0.1451380427522807
-0.312165934661168,0.3451975371368919,-0.047293429888726146
-0.2658559949554704,0.0709818489664758,-0.028608118947339167
-0.2684657082285612,0.0836032620101288,-0.030785798337631454
-0.3047287656720436,0.18219789038466389,0.09303241515059019
-0.22475915595534243,-0.09367851182956885,-0.1802214073528713
-0.25776058369076177,0.010781190148949571,0.045574425239135186
-0.22475915595534243,-0.09367851182956885,-0.1802214073528713
-0.2908309100678796,0.21826669744542876,-0.039720909529861126
-0.2722129508951291,-0.09474141564148425,-0.016528622095563272
-0.29768543211518333,0.27668826358018844,-0.16493078305424724
-0.3325629481361919,0.4455343042181387,-0.04767893459818606
-0.35578086851253826,0.5312188324956839,0.007508235824072951
-0.3149382898772904,0.3455784335710215,-0.030376851682859807
-0.32635484101590895,0.41107738043749603,0.10558938982337757
-0.3026529003917986,0.3379370548129631,-0.03731618516862545
-0.27851907024616707,0.18702233553769743,-0.17558816359380022
-0.22414215732714463,-0.15487515301263927,0.04968571296394403
-0.3237529399629072,0.3786351613503098,-0.07225057316029904
-0.22635002664362447,-0.2721244949810029,0.11012511097584682
-0.22251851592641456,-0.32390789825750266,0.09244628493274493
-0.29386393197323174,0.17759012417383918,-0.17142504047971552
-0.2465600192056634,-0.03376498710411055,0.08287693533368456
-0.289105167497452,-0.194053302935535,0.12926133598545791
-0.3102452245877951,0.21348137790991367,-0.02686451617401031
-0.28122550770561705,0.17328403489129302,-0.1565831835560233
-0.34640128959648114,0.3731411377871566,-0.12357373948576528
-0.24932947046417953,0.07835049771241184,0.08950734132324994
-0.2642198724875561,0.03478455996496013,-0.12746893799980352
-0.34640128959648114,0.3731411377871566,-0.12357373948576528
-0.2881439301871223,0.06424045840825335,-0.03535163010660747
-0.32883272236639655,-0.06335944379923439,0.18662100491773198
-0.3087303320253058,0.2350763598103004,-0.02373970124716618
-0.23196671342195496,0.005432666759293242,0.007334094898471644
-0.3186820657094311,0.42489149334193793,-0.14819090451446898
-0.2591536685000523,0.019568424410218527,0.04188976599090943
-0.2781893861073481,0.42384444004257465,-0.0661823060154389
-0.1807595319687853,-0.00229051505269523,-0.09075987381181466
-0.23196671342195496,0.005432666759293242,0.007334094898471644
-0.3031345570854554,0.29288804180044853,0.026386925683548557
-0.27661513221230427,-0.012386524107500463,0.1225102759975501
-0.30808023780675053,0.06872713376069292,0.1563731167959655
-0.24980701176417672,-0.2794350290810993,0.08939210643180823
-0.31128892280914416,0.16343349580614258,-0.1364171320648957
-0.2854414125787019,0.10386338680843882,0.007571761418874057
-0.2923794618785887,0.27940340905481287,-0.018469608745593613
-0.26604772853759273,0.03617212709860787,-0.026837640184813327
-0.29250460380229015,0.008108033055764213,0.03367571985962298
-0.3156645989789154,0.42719915762092847,0.1329320821816667
-0.22916480011497883,0.10702932417582772,-0.3540795007469096
-0.2544588345703972,0.13152446702372517,-0.08162869128166245
-0.24973820777687325,0.09051273556259656,-0.1813687848061956
-0.257844096278701,-0.14579795873164,-0.14902886321507075
-0.2658381647012586,-0.14602697891511293,-0.13647165968406588
-0.26115339403741455,-0.2348411766400057,-0.006422939544601103
-0.2903404337681996,0.22265326294813453,-0.01639687690631042
-0.2677319093940293,0.03159687657867169,-0.0057001167822191
-0.3012733677044233,0.5269394120064959,-0.1020748613005047
-0.29051357972855024,0.2259389929459203,-0.015948673228799837
-0.21956948713199784,-0.2987460393868737,-0.21085013434031308
-0.29298692678618526,0.1512843984002713,-0.040033316651445994
-0.27648642708815635,0.24714969912896734,0.10129308029702755
-0.29827829679834106,0.4409766151324002,-0.016283102436479735
-0.2598990453845056,0.2904697097714554,-0.07484769112624057
-0.2900626806856067,0.42583412427221906,-0.09268334337550449
-0.2499144134736906,-0.009949017302038038,-0.03150047742699469
-0.3044331118019721,0.08365352244398203,0.05255055428769556
-0.29735275757717644,0.13854351418185545,-0.020183541470608635
-0.29735275757717644,0.13854351418185545,-0.020183541470608635
-0.3278645948182145,0.32916006896183,0.07152985813822349
-0.26647758068360305,0.012814559812711124,0.06429866587948546
-0.28636838126857167,0.1700499691598678,0.0899560340790187
-0.3044331118019721,0.08365352244398203,0.05255055428769556
-0.29813810527012596,0.028156194059479306,-0.011187272602291742
-0.28507478570697703,0.07117580793695658,0.01998702688877574
-0.24286618645176195,-0.06293080699284558,-0.09541852480743002
-0.2638515562132565,-0.003444697634735372,-0.20459438455975856
-0.32465024733616155,0.24485843203284646,0.02877306660948914
-0.2640247021736071,-0.0001589676369497528,-0.20414618088224806
-0.23361919301176906,-0.10036080619538965,-0.04206768830979085
-0.3247368203163371,0.24650129703174417,0.02899716844824507
-0.31171807622488723,0.1758494079072644,0.05368120867933884
-0.32255779110446947,0.4313692263224311,-0.04938012535767716
-0.30001306089655144,-0.0708271533838884,-0.012736811054955555
-0.31681793051081053,0.30051369762478214,-0.011772125622024177
-0.39074797280349033,0.5350804144123451,-0.07335820026075035
-0.2977234080384036,0.21208200422566437,-0.004604013043916777
-0.30382372998047935,0.30261931017603894,-0.04658156841319572
-0.25745588955564525,-0.2414485611297604,-0.15014432651009957
-0.17634243687462475,-0.04086284244614424,-0.3465512475518396
-0.1773227559726232,-0.040103121633612904,-0.3502646095135582
-0.31570586905685405,0.4845570481605624,-0.025861859964514178
-0.291286459162725,-0.15706320074527214,-0.1385731994342277
-0.3212056761064308,0.4889253689172008,0.043281368574219825
-0.29672874398752047,0.09195347696231343,0.12996975580611397
-0.29672874398752047,0.09195347696231343,0.12996975580611397
-0.29672874398752047,0.09195347696231343,0.12996975580611397
-0.29690188994787103,0.09523920696009902,0.1304179594836245
-0.30688329216918375,0.4281454570738769,-0.05405969342026673
-0.3197282577139668,0.2050715258815547,0.056507536177191786
-0.2759701356482195,0.332474306746202,-0.03459598404038955
-0.296421881297603,0.05460278773138638,-0.0006319456063373363
-0.2962753612031225,0.2275393488301593,0.0715786328815809
-0.2734809508050009,0.05726558840099108,0.03346602425114459
-0.2750161581746632,0.05380527120525627,0.041341949817224166
-0.2962753612031225,0.2275393488301593,0.0715786328815809
-0.26980687960221933,-0.33828760502055866,-0.039311589938874236
-0.27510273115483874,0.05544813620415395,0.041566051655980096
-0.27356752378517646,0.05890845339988876,0.03369012608990052
-0.259568255044919,0.16494202554635984,-0.2707831073961643
-0.23310396115596457,-0.2946533653540647,0.10406063125723347
-0.28523736413356937,0.025585271858670988,-0.33841483530056415
-0.28523736413356937,0.025585271858670988,-0.33841483530056415
-0.30060033073799336,0.2853338117332166,0.061085239696612115
-0.3060225215214322,0.273341985229844,-0.03835524310175242
-0.2827831459719772,0.03942425692399518,-0.050916833436638886
-0.2374914043681908,-0.1734465118911379,0.026558971985246427
-0.30060033073799336,0.2853338117332166,0.061085239696612115
-0.23310396115596457,-0.2946533653540647,0.10406063125723347
-0.28737114828991694,0.03039044348151923,-0.34539335554649087
-0.22244571318951806,-0.10181321799896169,-0.315590911451069
-0.3195416994658925,0.5024883715384889,-0.11770829720434728
-0.2995529892396017,0.2906360605079834,-0.021083682968021322
-0.32481230107659015,0.29408835531358585,-0.006426044631891004
-0.32538587976569316,0.1938529699278137,-0.14072378096093355
-0.21296087142649314,-0.1452447008388186,-0.04413022929916993
-0.22244571318951806,-0.10181321799896169,-0.315590911451069
-0.2809312943156931,-0.28598264149727937,0.1465258541979249
-0.2809312943156931,-0.28598264149727937,0.1465258541979249
-0.2809312943156931,-0.28598264149727937,0.1465258541979249
-0.2809312943156931,-0.28598264149727937,0.1465258541979249
-0.24709418209152972,-0.23471822057258637,-0.21690118851619342
-0.2809312943156931,-0.28598264149727937,0.1465258541979249
-0.2915653310057698,0.3667575814538747,0.11484188860388028
-0.30882186468071493,0.43415375596616196,0.012446521068207317
-0.2915653310057698,0.3667575814538747,0.11484188860388028
-0.26573157528635855,-0.1465542773551097,0.13831265726682124
-0.24122115281595255,-0.24911057334764689,-0.021511597335809485
-0.24122115281595255,-0.24911057334764689,-0.021511597335809485
-0.2153987703155396,-0.06448206159872294,-0.15380720397731482
-0.2153987703155396,-0.06448206159872294,-0.15380720397731482
-0.30920880294604774,0.24966293257613847,-0.016928309350280002
-0.2724621202604902,-0.18533218488695208,0.019694720668670784
-0.2486147509077761,-0.0033595378987987534,-0.12951699356486607
-0.35547004862817144,0.32828789938098374,0.10104758670989833
-0.24745753520707642,0.007685480708808229,-0.11870261562205875
-0.25283260489264264,0.0758569250447379,-0.046150701662186655
-0.3324981887354765,0.3718057558927342,-0.1080068773588112
-0.3173870244073349,0.38003540488911675,-0.04081361056882904
-0.24941817340307337,0.009204922333870852,-0.12612933954549593
-0.2486147509077761,-0.0033595378987987534,-0.12951699356486607
-0.27340043138796566,0.143796939892387,-0.059740567127562705
-0.35547004862817144,0.32828789938098374,0.10104758670989833
-0.24516879721277174,-0.057582574974688036,-0.015530035262569797
-0.2835312003840593,0.16546146144978818,-0.04341398727551943
-0.3121788410635452,0.0887504440544657,-0.1366597877457762
-0.2785825091234792,-0.03705023043995935,-0.11502678468694472
-0.24516879721277174,-0.057582574974688036,-0.015530035262569797
-0.29208044906217806,0.2463279451930867,-0.0841596788175813
-0.22658028694091625,-0.04087265215597019,-0.06565093039774972
-0.2668355085719433,-0.15123365893156082,0.019274893125119374
-0.26517531691338825,-0.14641256688230453,0.002804941056140986
-0.22658028694091625,-0.04087265215597019,-0.06565093039774972
-0.24052637631582308,-0.0705505563622095,0.09061315223801342
-0.24312262128377668,0.3035382976419279,-0.12467660739803899
-0.2668355085719433,-0.15123365893156082,0.019274893125119374
-0.26588169632883385,-0.027049809479005912,0.06261114228255621
-0.22611185333800285,0.012585624342881574,-0.10308974825453254
-0.24833610048143556,0.09373299304419799,0.0034971364322873844
-0.28883556291683987,0.15914046446156754,-0.09538494367325578
-0.28883556291683987,0.15914046446156754,-0.09538494367325578
-0.28224365102973553,0.07613556769231242,-0.22846103776782056
-0.30861262488178265,0.3081813114065239,-0.1252957634693736
-0.2788154880771416,0.15631980690170305,-0.03754272489551641
-0.2799923459370097,0.15668605317613826,-0.03604215702602176
-0.3219973194330666,0.29563889269649135,0.04073108103525608
-0.3067651072190066,0.37514916361248146,-0.14920024828031744
-0.3086991978619582,0.30982417640542165,-0.12507166163061767
-0.2897563814093904,-0.1445708927675709,-0.1352030949836034
-0.2961393483725929,0.10413221619899543,-0.06251968486242815
-0.29591804466016247,0.09682179523195608,-0.06202125156548283
-0.30960511918933165,0.08894660837346038,-0.1544738090579431
-0.21803165048818188,-0.04779156750426196,-0.3491263214243081
-0.3694268704191613,-0.2772644213392002,-0.4042201055582605
-0.28004255450240745,-0.22583152120602548,0.157135837500552
-0.2608422344595649,0.012475940452790851,-0.007455508259865129
-0.30960511918933165,0.08894660837346038,-0.1544738090579431
-0.2721373706107712,-0.06571438602134048,0.11379756235228217
-0.3229137260804663,0.4221321518205951,-0.007339825326129756
-0.2890960458099058,0.30572725218206204,-0.13503343401571344
-0.2391870718130494,-0.15256732571713388,0.0464194395439938
-0.3175704921010628,0.3233722468291676,0.07971765545632503
-0.33689929900587434,0.5569253026598198,0.00565672304510878
-0.33689929900587434,0.5569253026598198,0.00565672304510878
-0.33289838328147675,0.20294413149652685,0.06936879952569952
-0.2813705426206077,-0.04995933310058408,-0.0011366384834185506
-0.2813705426206077,-0.04995933310058408,-0.0011366384834185506
-0.2580826505966229,-0.20573369155270463,0.023004525935342357
-0.2665047641338264,0.36822611690223167,-0.11282133404742756
-0.3042910988166702,0.3138479511729351,-0.06420265096404915
-0.2924394106987598,0.1631589639523756,-0.06749241245828008
-0.31915830872996426,0.5769817694102009,-0.041312754206276614
-0.31072318947770755,0.38237790844922254,0.11442652587931151
-0.30014061013686205,-0.05372920573677856,0.02141089953608971
-0.24089480435946492,-0.21766060235541776,0.04593259816333173
-0.24089480435946492,-0.21766060235541776,0.04593259816333173
-0.24089480435946492,-0.21766060235541776,0.04593259816333173
-0.24089480435946492,-0.21766060235541776,0.04593259816333173
-0.26804658406516096,-0.3416367273560318,-0.042245416015121884
-0.3237357909489264,0.4060720251842867,-0.02255741426089053
-0.28610643088233995,0.03495586484979288,-0.17365543081232418
-0.28972868182910017,0.045972055236314896,-0.12402792258174605
-0.3016933406301427,0.04550793436903783,-0.02482113915663603
-0.3196445642095989,0.34632283620006804,-0.05083643325847226
-0.25327934955584286,0.07237929324386025,-0.34596802842366753
-0.2630568462932275,-0.12833981144157236,-0.17526353865481886
-0.2681141010072701,-0.1203608802140834,-0.17543276903085636
-0.22748441914986445,-0.29795921556867955,0.12338699715378537
-0.22748441914986445,-0.29795921556867955,0.12338699715378537
-0.25856193333807254,-0.17101073264268835,-0.021352170609456267
-0.3099800197012126,0.2894015947786863,0.12949227768663368
-0.35675785507601476,0.5499784688453153,-0.042027332403424045
-0.36089505395930743,0.5698411783728714,-0.0842644435162398
-0.25856193333807254,-0.17101073264268835,-0.021352170609456267
-0.33044962904060254,0.5285965503370462,-0.13852166080600214
-0.3281464740426349,0.2348810492265871,-0.023691544462554337
-0.22748441914986445,-0.29795921556867955,0.12338699715378537
-0.24505671774843865,0.5205121843447176,-0.3421302859688698
-0.2475063509892685,-0.17646967925949592,-0.021749235330310035
-0.238876632843812,-0.2334887028109513,-0.11569303746198834
-0.32774704235365476,0.15863828577179406,0.08018078006428991
-0.32774704235365476,0.15863828577179406,0.08018078006428991
-0.3009635485378812,0.3589856551746308,-0.12464737844072638
-0.22336069038561723,-0.16476352033489652,-0.10821953697073122
-0.26403639630688525,-0.020695047456111476,-0.008762727484559196
-0.3258521018989816,0.2998935323812712,-0.00036247496461083717
-0.32774704235365476,0.15863828577179406,0.08018078006428991
-0.3438592746063573,0.5037516458808802,0.05303937397805403
-0.29833308067433245,0.26934453482624393,0.11073385356258858
-0.28556359073424575,0.2393651265435543,-0.2587932488299951
-0.2594714686612063,-0.11793780161535725,-0.08020256699280431
-0.24837002321472143,-0.17761113872640127,0.06300852152743552
-0.30595506702016245,0.09009982882304418,0.08427149120976468
-0.21650649783046252,-0.08905230167682655,0.032051074484057696
-0.28938284603307185,0.039428760372892335,-0.06211256067580051
-0.23361516733855092,-0.20959196449249765,-0.22621739557344864
-0.2678673293736288,0.22140817015870146,-0.016435719744080868
-0.33260373368966556,0.33463561808950804,-0.07776765979497924
-0.2974630327256278,-0.11567737034073707,-0.10025646917531245
-0.29677402802512975,0.3191252256124654,-0.058627533812496746
-0.25097332417822105,0.517028775951283,-0.059716035168437875
-0.26826399594001443,-0.05504962520740901,0.0500707863157302
-0.28480032262296057,0.17356864693485025,-0.08935838331627594
-0.2966583874120906,0.459770298655711,-0.03101771032750167
-0.29677402802512975,0.3191252256124654,-0.058627533812496746
-0.2974630327256278,-0.11567737034073707,-0.10025646917531245
-0.29926388066193166,0.11439944606476204,0.024577211133739396
-0.32232679354015503,0.13212516028206062,0.02618194730117268
-0.3061668714703492,0.2724361566450842,0.07501398491027239
-0.23168522706779499,-0.2833531879473181,-0.0805420877716862
-0.2366557229107556,0.024222653374215475,-0.13223978352529575
-0.2366557229107556,0.024222653374215475,-0.13223978352529575
-0.2875810507931992,0.2178576576076245,0.026952701176639338
-0.23168522706779499,-0.2833531879473181,-0.0805420877716862
-0.29277791071568876,0.2773119907822552,0.09335899277596699
-0.3104262013932734,0.14962789606228621,-0.09638592718271105
-0.2723501145273691,-0.029926424739756027,-0.1233932673936673
-0.29169554995574914,0.04241013088096229,-0.19477149392366208
-0.26342574754876136,0.18491289706701625,-0.19632929184681464
-0.29511499641377337,0.38466652128931117,-0.05443519839250832
-0.2662612165952905,0.1415050144735011,-0.18863820091090364
-0.1849497774847639,-0.22842843406761565,-0.06195331201453852
-0.3632587612653859,0.2777214963829922,0.061439392633679424
-0.2691635306863078,0.11400855079630223,-0.1422285122216859
-0.22571631388204216,0.17606395731227703,-0.44571129403671816
-0.2851698950303707,0.23165676371356203,0.06057685664139267
-0.3118481155431757,0.1676928518789877,-0.16126986728861314
-0.3149246578964343,0.24412011374153625,-0.005318122365822797
-0.32356317747883434,0.10780542996994655,-0.2015098178181558
-0.36420392551542585,0.2967514960939622,-0.18235776506394383
-0.21616394394699778,-0.12676495602532134,-0.12441845045039229
-0.34037967230404165,0.33138795510017066,-0.14673434703363517
-0.2893249308258745,0.41217924136410106,-0.2042928253197808
-0.304683266490619,0.1095242979049034,0.03433979618030619
-0.26276975829844434,-0.20961970238559463,-0.04866104298659518
-0.304683266490619,0.1095242979049034,0.03433979618030619
-0.26276975829844434,-0.20961970238559463,-0.04866104298659518
-0.2699848771213461,0.12579830882055548,-0.13258888366196192
-0.2814940445292362,0.21841565079531344,-0.24450530767056847
-0.29195972497214256,0.30934688540013217,-0.03034775409940843
-0.25940898304155646,-0.33036505324993926,0.177163274548035
-0.25940898304155646,-0.33036505324993926,0.177163274548035
-0.2512764384845937,0.05905723670742796,0.07252514471055899
-0.2665491562178894,-0.22166437047028537,-0.04400544483836005
-0.28988700840140613,0.10135192789458441,-0.010668581497236207
-0.27900735382110625,0.10112595689742232,-0.03046000094168516
-0.29626576653073583,0.20913187342693257,-0.1034977398518484
-0.29286164275550386,0.2529021020435703,-0.10086466855045034
-0.31819931652233546,0.5135804839725342,0.02918317706840068
-0.2568465096198291,-0.09452567127565906,-0.22849869461179886
-0.336758118318484,0.5090358783211473,-0.01649463616304714
-0.27267565062111865,0.1837606089520476,-0.14215750795078913
-0.28825496306922493,0.48410270441312814,-0.17913314562749533
-0.2701035601130942,0.07261932370820212,-0.06796268582307308
-0.22010743278310418,-0.12487927582092531,0.031000310751389093
-0.3152833517622778,0.22185515509935516,0.04376347892137605
-0.32082499069184556,0.343067762353409,-0.1355127701442272
-0.24270689055334146,-0.243929902799767,-0.07298717975874686
-0.3156086674894663,0.2822831344391656,-0.10668912380569628
-0.2722985401321522,0.023743366852112868,-0.15231668584838046
-0.27111130563837005,-0.022244175949275788,0.012853673328673099
-0.28325253641150333,0.27697335159930014,-0.0013922853993932338
-0.2157074921898555,-0.14352204111421482,-0.3008526600426084
-0.21548187437917554,-0.11724820562022321,-0.36934859172064705
-0.26571549904139097,-0.1590782919487725,0.02140297611452563
-0.26571549904139097,-0.1590782919487725,0.02140297611452563
-0.2679974987483049,-0.15063885894352902,-0.014701186320013437
-0.29791900505421215,0.04060669062164923,-0.24315993644176537
-0.3230900737867374,0.26075884804527333,-0.21671549457530587
-0.26161237626137135,-0.21069811383318382,-0.0715411903815058
-0.26580207202156636,-0.15743542694987758,0.02162707795328117
-0.285757498972726,0.3098930774396764,0.09346563364115218
-0.29167421949089833,0.49573522284107235,0.07084812602685175
-0.26904947562582315,-0.18066633825668507,-0.03501396572128873
-0.26897781784630337,-0.14987913813099768,-0.018414548281732057
-0.32029095180424794,0.29244544413655615,-0.04008626455835557
-0.31337492794883104,0.13510173562257666,-0.08966762458064881
-0.25590393101792897,-0.08606294873290678,-0.13499065925528914
-0.28935232307293357,0.19538255309187452,-0.07234485355282333
-0.2602507898145689,-0.20611467741122014,-0.0769621498659464
-0.2857421678695358,-0.06558365403394116,0.009613951707452217
-0.34303390438391546,0.49802358029188126,-0.06603453927009462
-0.3299853020938806,0.310203941206667,-0.08460103744787462
